{"type": "FeatureCollection", "features": [{"type": "Feature", "properties": {"PARTIDO": "Alberti", "CABECERA": "ALBERTI", "FNA": "Partido de ALBERTI", "GNA": "Partido", "NAM": "ALBERTI", "CDE": "0021", "CCA": "002", "ARA": 1119.12554716, "ARL": 1124.98, "SDP": null, "SAG": "Dirección Provincial de Estadística - Ministerio de Economía - PBA", "COD_PART": "021", "partido": "Alberti"}, "geometry": {"type": "MultiPolygon", "coordinates": [[[[-60.291398647680936, -34.78627913432615], [-60.27477602950417, -34.799244421095494], [-60.239770172041446, -34.8268172549275], [-60.251141293008715, -34.83666452577021], [-60.26484676992072, -34.848524524807694], [-60.27915114141698, -34.8609181911049], [-60.279296860298444, -34.86122790129828], [-60.30353410445896, -34.881048266720164], [-60.289362196563964, -34.89198204075382], [-60.26967156244368, -34.90729096776522], [-60.26961409010498, -34.907422266995155], [-60.22887532309172, -34.93877395066616], [-60.22062111274791, -34.94521899590344], [-60.2293137754574, -34.952877598697356], [-60.21908902107246, -34.960574587336765], [-60.214072465846435, -34.96428016548843], [-60.18229435731946, -34.98798089097893], [-60.179453065339146, -34.990107834240426], [-60.16115573826876, -35.00375200073628], [-60.14278882283325, -35.017476293979925], [-60.11875324483716, -35.035257794035495], [-60.13493251245557, -35.05022839515269], [-60.146707137638316, -35.06114547620379], [-60.151743649249106, -35.06600445064411], [-60.15129965944971, -35.0664263347377], [-60.15099554891991, -35.06667712668938], [-60.15062366748094, -35.06688030502322], [-60.15021587382172, -35.067015751598674], [-60.14942740843808, -35.06727915738006], [-60.14687613518004, -35.06803351247089], [-60.1459046026679, -35.06815392937747], [-60.14523798278125, -35.068464764549496], [-60.145081221422394, -35.06884304537162], [-60.145331938008475, -35.06949614631006], [-60.145371413286675, -35.07009825161277], [-60.145024541021556, -35.07079028328142], [-60.14460507736935, -35.071446627710344], [-60.14340339346855, -35.07268819420053], [-60.141969019866025, -35.07359613692875], [-60.1394718284322, -35.075025563751176], [-60.137714048610356, -35.07621287570658], [-60.13537053759177, -35.07753071470357], [-60.13500473407177, -35.07812023062174], [-60.134890233934705, -35.079058412036375], [-60.134852625857704, -35.07971032071505], [-60.134427958409354, -35.080219567278505], [-60.13363549223657, -35.080538426847134], [-60.13310725690164, -35.0810407908793], [-60.132031380364346, -35.08128744713079], [-60.13125861799936, -35.08184475789126], [-60.13071776674578, -35.08229051992657], [-60.12982996910139, -35.082747496741725], [-60.126269349667936, -35.08239062890477], [-60.125031802401054, -35.08259860079565], [-60.12408471160691, -35.08302885212283], [-60.12176521249136, -35.084048752132155], [-60.11890469556337, -35.08549841776575], [-60.11847992303256, -35.08602350660198], [-60.11822968690893, -35.086866408242344], [-60.117785262961135, -35.087184825088684], [-60.116819167710794, -35.087917122059515], [-60.11668444713245, -35.08839422777379], [-60.11691833322459, -35.0896341392053], [-60.11659015261897, -35.09009553180611], [-60.11579725158402, -35.090223484721754], [-60.11508088404721, -35.09007700732852], [-60.11383620544078, -35.09007818219651], [-60.112750048557665, -35.089723156046205], [-60.11160827784127, -35.088786787928676], [-60.11030049716795, -35.08784373122875], [-60.10913956223804, -35.08757449508711], [-60.107597774687235, -35.087764625185685], [-60.10571620796851, -35.08783191516722], [-60.10484494157255, -35.08786381032419], [-60.10420762327143, -35.08796041416018], [-60.103510996656134, -35.08773842201995], [-60.10283405487753, -35.087786695763334], [-60.102312293022436, -35.08818461688778], [-60.101268321737436, -35.08863067076319], [-60.10022367775631, -35.088536143996095], [-60.0992468363965, -35.08877016514643], [-60.097574737608625, -35.08942865856224], [-60.09537021299333, -35.0899550862126], [-60.094364557087616, -35.09013076393504], [-60.09357147645357, -35.09013137851887], [-60.09304945595758, -35.09035436894189], [-60.09243089379088, -35.090736422417656], [-60.090960868854104, -35.09081703033994], [-60.090360988331234, -35.09061078939663], [-60.089644650137124, -35.09003894956072], [-60.088580503159704, -35.0898012444879], [-60.08759339597219, -35.08924548919828], [-60.087062381148755, -35.08889258330718], [-60.086656048994016, -35.08877363033553], [-60.08590155414724, -35.088666847359065], [-60.08507454940695, -35.08858395992503], [-60.08460995822614, -35.08823847709524], [-60.08389843032229, -35.08758313011325], [-60.083085836604475, -35.0873928992891], [-60.08233157477507, -35.08750073266884], [-60.08141793624896, -35.08761953088018], [-60.0808954514977, -35.087585170597265], [-60.080358593732775, -35.0874901319422], [-60.078849577045915, -35.087204936611], [-60.0780368851604, -35.086895427923075], [-60.07734048078074, -35.0868243278133], [-60.076235080337085, -35.08685370577661], [-60.07547315737023, -35.087190610711716], [-60.07475912421116, -35.087803747677995], [-60.07403433674929, -35.08843618528362], [-60.07335762184041, -35.0886671174304], [-60.072438633749236, -35.08888829011629], [-60.07188510681341, -35.08894491007206], [-60.07114776691113, -35.08887911587147], [-60.07071913217399, -35.089064168186226], [-60.07027794889987, -35.089607011526084], [-60.069712713733175, -35.09026317991139], [-60.069031197185204, -35.09066899871939], [-60.068175491713745, -35.09096759285433], [-60.06721813661646, -35.09115891755242], [-60.06665232289758, -35.09114730566539], [-60.06624606692593, -35.09109983051236], [-60.0658109006001, -35.09118353881354], [-60.06543982507803, -35.09175748125492], [-60.065173298509, -35.09211398577262], [-60.064652655602956, -35.09231095864945], [-60.064110999069015, -35.09227944773075], [-60.06364645973285, -35.091914011325564], [-60.06325918848829, -35.09140544039656], [-60.06269785389736, -35.09092875593209], [-60.06180768636275, -35.09045223688511], [-60.06082098866076, -35.09021424776551], [-60.05977641694906, -35.09018296867282], [-60.058751372018506, -35.090406058430425], [-60.05764901394173, -35.09072457187153], [-60.05654650460729, -35.090836384948474], [-60.055714664134705, -35.090741375336115], [-60.054747398600426, -35.09061462180728], [-60.05383822856404, -35.09058323125737], [-60.05312262978882, -35.090758437854426], [-60.05240722120481, -35.09123572430989], [-60.05197076491332, -35.0916553113822], [-60.05145992683381, -35.09211058572739], [-60.05095710311704, -35.092301588281096], [-60.05037685280755, -35.092413125547466], [-60.0494757780716, -35.09226449926014], [-60.049098534814064, -35.09220503060298], [-60.04850367962711, -35.09215757223221], [-60.04762984511155, -35.09214394919794], [-60.04681750920033, -35.09233505577067], [-60.0460521349807, -35.09269512603706], [-60.04538502178357, -35.093160429265865], [-60.04459394445271, -35.09416430029694], [-60.044304173495796, -35.09489576946319], [-60.04411626818443, -35.09548408053478], [-60.04373258974364, -35.095963267473046], [-60.04319598409118, -35.09636888932426], [-60.04263039322154, -35.096846064230704], [-60.042254942967986, -35.097408571446145], [-60.04194581050453, -35.098171838928316], [-60.04157229235301, -35.098897425172964], [-60.04125337835701, -35.09946990498035], [-60.040731412643545, -35.10020939293491], [-60.04038334083096, -35.1005195431595], [-60.040031993543316, -35.1009866397124], [-60.03974549181346, -35.1016883428383], [-60.03936860774608, -35.102451625414965], [-60.039209251437704, -35.102976349909646], [-60.03887575675125, -35.10346535571876], [-60.03851320925546, -35.10389474882319], [-60.038223230868326, -35.10437181564024], [-60.0376735832263, -35.10491448852823], [-60.037073950320895, -35.10518495931777], [-60.03629380611991, -35.10532635857522], [-60.03544883363987, -35.10526494151055], [-60.03459748349369, -35.10507439674003], [-60.033552634283204, -35.10480440535841], [-60.03294160618826, -35.1045283829997], [-60.03239013925868, -35.10432581665391], [-60.031679014588875, -35.103992122553656], [-60.03084363036101, -35.1036603848655], [-60.030031069894434, -35.1036605888603], [-60.029295970396944, -35.10386745780299], [-60.0288052198047, -35.10420913795922], [-60.028193530977966, -35.10480577005123], [-60.02752165952243, -35.10546128821512], [-60.02685895146034, -35.105903115130424], [-60.02621136614312, -35.106180193967155], [-60.025396914771555, -35.10643809716179], [-60.02477297092331, -35.10646207464677], [-60.02404748047285, -35.10658146444201], [-60.02353966099359, -35.10674850549187], [-60.02313345246791, -35.10705861715736], [-60.02204534685317, -35.107762357032264], [-60.020971695422176, -35.10832299250246], [-60.0197238708192, -35.108764403201064], [-60.02699978326392, -35.11533773966058], [-60.0406587038773, -35.12733457964986], [-60.048001079511465, -35.13398501082198], [-60.04807374756263, -35.13413999759474], [-60.04802440216878, -35.13430840535759], [-60.0478309971694, -35.13453742903414], [-60.054041641595845, -35.13739665196271], [-60.05494774701815, -35.137854137737065], [-60.05548214496691, -35.138159156084704], [-60.056070784232126, -35.138527743521], [-60.05674462690786, -35.13894716562096], [-60.0574882162471, -35.13945558476438], [-60.0581931278901, -35.13999581704372], [-60.05890584186968, -35.14060599701282], [-60.061020731800724, -35.14248113058741], [-60.06114485704216, -35.14265268645638], [-60.06897055827895, -35.14966950426825], [-60.07675093900971, -35.15663832126801], [-60.077047309424145, -35.15641670599634], [-60.07778214976471, -35.15586721002382], [-60.07783957036865, -35.15583107728593], [-60.077900534636036, -35.15581434401595], [-60.077964807351535, -35.15581430267464], [-60.078031030472005, -35.15583047731191], [-60.07808944165043, -35.15586404418197], [-60.0813502601552, -35.15876015419137], [-60.082597714605825, -35.15985770946904], [-60.08329224126057, -35.16047290744734], [-60.085277031318356, -35.162230922842134], [-60.08433824745375, -35.162936903278904], [-60.083795938305634, -35.1633447190285], [-60.084586158271584, -35.1640466618513], [-60.08533244119782, -35.164709560995966], [-60.086090180016086, -35.16538262005364], [-60.086940556591145, -35.166137945126685], [-60.08703471160848, -35.16607132392064], [-60.08711619668513, -35.16604730093636], [-60.087204748286496, -35.1660447584906], [-60.08729131327659, -35.166067007471185], [-60.08736784528819, -35.16611653242078], [-60.09497707765639, -35.17289689706711], [-60.11027649352923, -35.186527185347224], [-60.15368867574438, -35.22259992555271], [-60.16233217921474, -35.22991895645707], [-60.170383100458125, -35.23684771785545], [-60.180765147548634, -35.24565647777887], [-60.190726898030775, -35.254047651956654], [-60.201216375218465, -35.263367189263974], [-60.229142130930754, -35.288298308518804], [-60.23678215199153, -35.29502063576549], [-60.24529219753937, -35.288490565429015], [-60.245233509183265, -35.28842386645811], [-60.258644111327875, -35.278241827150325], [-60.25691956514012, -35.27674411071418], [-60.25741668267197, -35.27635151223911], [-60.25866624520318, -35.27605670946428], [-60.25882622892799, -35.27606829111827], [-60.258950051084405, -35.276139569951496], [-60.260204219255634, -35.277287543829914], [-60.273433743705546, -35.26717402263883], [-60.27365719380642, -35.26686157622706], [-60.322617796591416, -35.22953972389318], [-60.31587239551477, -35.22370990580837], [-60.33223673802172, -35.21139741528971], [-60.33187215653989, -35.21106454095093], [-60.35371052745559, -35.19460707614086], [-60.33840339868671, -35.18070037370934], [-60.35647689814211, -35.16680458454831], [-60.357519275009416, -35.16614647538995], [-60.36536320014284, -35.160172118568106], [-60.35095425606319, -35.147135858180576], [-60.344178389511086, -35.14115741189711], [-60.330490662063404, -35.12912565362774], [-60.32913632400869, -35.128008459213774], [-60.3521517806198, -35.11018854228188], [-60.36278113356804, -35.102000988200274], [-60.367005593086354, -35.1057205765635], [-60.38983394113582, -35.088174371007], [-60.395540918547034, -35.08333846851788], [-60.399509297981574, -35.07714615522389], [-60.399946693838714, -35.07733621746705], [-60.40094940782644, -35.07573070771236], [-60.40204316890252, -35.073979334299395], [-60.402584875118855, -35.0731402586114], [-60.40313262231184, -35.07229180507907], [-60.40367069876988, -35.0714503965058], [-60.40422468786419, -35.070584083596806], [-60.40534659655713, -35.071047377197225], [-60.40582028371314, -35.07029944026177], [-60.406302086254875, -35.06953867393971], [-60.40680563190498, -35.06874355739291], [-60.407299554988676, -35.067963618446825], [-60.40784059767019, -35.06710925457658], [-60.40893801443939, -35.06760113309547], [-60.40919500807695, -35.06722104835345], [-60.409384628382945, -35.06694060298307], [-60.40978300335228, -35.06635140779942], [-60.408770742953635, -35.065907532391556], [-60.435056194939634, -35.03846908626217], [-60.435745417753495, -35.03789448541954], [-60.436348839918125, -35.037467435951804], [-60.43716475306141, -35.03723902162239], [-60.43824764981925, -35.03619248736871], [-60.43862528055977, -35.03453960822137], [-60.438726826421, -35.03294046515047], [-60.4390968622402, -35.03165129223849], [-60.43830435595837, -35.02984164958712], [-60.43803235005102, -35.02776778589935], [-60.43698127849138, -35.02426844182139], [-60.43657099115443, -35.0224733635251], [-60.43602903088311, -35.02123315566118], [-60.4347484836047, -35.02029572094638], [-60.43475994855152, -35.01972330803668], [-60.435522353870546, -35.018623527685115], [-60.43549265532527, -35.017841460772814], [-60.43487543921401, -35.016896806123846], [-60.43507520115577, -35.01629986863861], [-60.43610061369256, -35.01560457199179], [-60.43666013661012, -35.015212812349105], [-60.4374541290561, -35.014613731530964], [-60.438097038027415, -35.01422386853456], [-60.438440703166755, -35.01404208181433], [-60.438707299363436, -35.013692617306276], [-60.44036833295372, -35.01207521418786], [-60.44127045421469, -35.011380320998754], [-60.44257862555672, -35.01073163822195], [-60.44306321348582, -35.010556966313416], [-60.443505093112286, -35.010525541433665], [-60.44435042892916, -35.01065554367698], [-60.445420509233344, -35.01094780711209], [-60.44593631202895, -35.01118440188851], [-60.446220451331214, -35.011463581685234], [-60.44653998336247, -35.011587613486284], [-60.4469889184216, -35.011520376291216], [-60.4474004183048, -35.01123267357193], [-60.447713713341074, -35.01090239125559], [-60.448526886067945, -35.010495164120975], [-60.44938695517807, -35.010270299355696], [-60.45014363348031, -35.00991470917075], [-60.450992001862744, -35.00940090635943], [-60.451656938012384, -35.009082437100105], [-60.452402596243815, -35.008948491593074], [-60.45371406362666, -35.00891974707124], [-60.45459554968492, -35.00894011715932], [-60.45515846974557, -35.009155709747475], [-60.45571533131596, -35.00962753570506], [-60.45627901679211, -35.00976612585964], [-60.45680249870235, -35.0096592218592], [-60.45719248828207, -35.00928068251674], [-60.45779898894684, -35.00902347316508], [-60.45949358113222, -35.00882627926395], [-60.460308721619796, -35.00883511501743], [-60.460796793334545, -35.00861862389805], [-60.4613004912969, -35.00798471538298], [-60.461514063319896, -35.00730421117047], [-60.462030027512846, -35.00627674796924], [-60.46157112174283, -35.005868067411726], [-60.46176474294204, -35.00549074477436], [-60.46189208989647, -35.00494173628407], [-60.46215916878386, -35.00450334486398], [-60.46262722582336, -35.00423539558201], [-60.463438573827034, -35.00419652701866], [-60.4638565513727, -35.0037895003048], [-60.46436002095636, -35.00353477728169], [-60.4649600957097, -35.00362944544249], [-60.465532203586854, -35.003719698405135], [-60.46646265217678, -35.00335023411713], [-60.46666377719537, -35.00303942583909], [-60.466399541907144, -35.00244421933901], [-60.466644725149294, -35.00226617713516], [-60.46734245893286, -35.00186857445817], [-60.4688146796992, -35.0015644323801], [-60.46986935312945, -35.000999906266784], [-60.47062674082665, -35.00055338329099], [-60.47195012890763, -34.99986500481255], [-60.472930545507964, -34.999080109015594], [-60.47378352241234, -34.99873097395692], [-60.4743461244762, -34.998287572860974], [-60.47458792546954, -34.997499614604], [-60.47514686192157, -34.99642422893475], [-60.475635069812114, -34.99597625003087], [-60.476476121514516, -34.99575125016738], [-60.476807258101935, -34.995380292341174], [-60.47680373102636, -34.99477215945701], [-60.47653945715785, -34.99398907602996], [-60.4768359931786, -34.99355534338713], [-60.47773534213558, -34.99300367967484], [-60.4785948489884, -34.99188659578713], [-60.47956371400605, -34.99036832292244], [-60.480656375442166, -34.98949828634037], [-60.48082912970228, -34.9890838283137], [-60.48090895473161, -34.98809020048734], [-60.481279947944856, -34.987110924966224], [-60.482103088832716, -34.98664260596617], [-60.48285582624874, -34.98642497403494], [-60.48295456710497, -34.98606684832492], [-60.48293549302205, -34.98548522304761], [-60.48329113246378, -34.98497420322014], [-60.48409664992797, -34.98455027854184], [-60.48439086712654, -34.983926648222585], [-60.48460489006028, -34.98283895703215], [-60.485347089476306, -34.98254462131258], [-60.4855984526064, -34.98232394672535], [-60.48549401011738, -34.9818116127282], [-60.4853318975864, -34.98134720627976], [-60.48474500465846, -34.98009748198096], [-60.484301143048846, -34.9792600312108], [-60.48435645431855, -34.97869164749792], [-60.484618846256886, -34.97835701320212], [-60.48568445320815, -34.97780096690633], [-60.48625140582505, -34.97758732082149], [-60.486465823060385, -34.97709755858742], [-60.48641276106283, -34.97635606874921], [-60.48638542094313, -34.97575041496576], [-60.48670046398747, -34.97512907997883], [-60.487348353954964, -34.9749937926583], [-60.487610091784695, -34.974612677674855], [-60.48752084012109, -34.97421952862392], [-60.486997345592684, -34.97388774416113], [-60.48657476785631, -34.97347208114456], [-60.486080465656464, -34.97317594859745], [-60.48510938221076, -34.97309636072299], [-60.48435552662709, -34.97300397362544], [-60.48402058602633, -34.97270719689428], [-60.483582981517756, -34.97219618781128], [-60.483564641136084, -34.97154041386027], [-60.483981652839475, -34.97101407569539], [-60.48422286432765, -34.97015455101209], [-60.484538675204035, -34.96966438728309], [-60.48498191942531, -34.969281432906925], [-60.48491059860704, -34.96886396196712], [-60.484430885812955, -34.96857968930193], [-60.483541679672705, -34.96834037415966], [-60.48344348129313, -34.968178190937955], [-60.48322122646597, -34.967332436255575], [-60.482652939101406, -34.966762320633784], [-60.482301377807346, -34.9660959453871], [-60.48180280848753, -34.965060492860395], [-60.48156742025243, -34.96444135251969], [-60.48181003353736, -34.96382031627327], [-60.482573882256645, -34.9631614365382], [-60.482858581347124, -34.96249292206133], [-60.48264001281778, -34.96208796792329], [-60.481885074054105, -34.961792852863915], [-60.480696792529415, -34.96170216622081], [-60.479782049613185, -34.96132419917294], [-60.479459226564295, -34.960610003141824], [-60.47917916677062, -34.95977639317249], [-60.478835706130994, -34.95843995670727], [-60.47838798597522, -34.95772531590825], [-60.47721134709818, -34.95713371848725], [-60.47620894197796, -34.956612973517714], [-60.47553842863641, -34.95587628119269], [-60.47524497449864, -34.95522158073639], [-60.47577754882869, -34.95464711895084], [-60.47605044050622, -34.954115829466375], [-60.475785761360804, -34.95356195473006], [-60.475348173138464, -34.953027064064855], [-60.474751073496996, -34.95245702224446], [-60.47354413099739, -34.95161509172698], [-60.47249604180071, -34.95068905978006], [-60.47205411670507, -34.9493910038296], [-60.47229381838353, -34.94825724145349], [-60.473216354376945, -34.94750240537669], [-60.474431327238065, -34.94723532664356], [-60.47484717644058, -34.94651822911293], [-60.474437633135075, -34.945935747211934], [-60.47410119277564, -34.94523329231026], [-60.47443872201133, -34.943490991343396], [-60.474708972706935, -34.94270412948562], [-60.475097362239104, -34.942188641766066], [-60.47510998605592, -34.941866629798], [-60.474643297817174, -34.94129607506937], [-60.4741605558159, -34.9404513177494], [-60.473340196346584, -34.93961268132702], [-60.472264943934576, -34.93897294042464], [-60.47174180414686, -34.93865300920185], [-60.47146927066894, -34.93860704926266], [-60.47097509342156, -34.938787153952426], [-60.470496489827006, -34.93865783840743], [-60.470204703897735, -34.938277382394475], [-60.46986768769852, -34.937882528840795], [-60.46946091015762, -34.93769283710375], [-60.46914446156677, -34.93768124636479], [-60.46850921729921, -34.93805736667535], [-60.46719103653123, -34.93797897043344], [-60.46527862538862, -34.936991762985684], [-60.4644751626279, -34.936118510494246], [-60.4642688812397, -34.935111544899826], [-60.46396332858472, -34.93485037095913], [-60.46289094769803, -34.93492473776892], [-60.46213821256463, -34.93473808126835], [-60.46070018500247, -34.93393267197276], [-60.45972565183634, -34.933725129652395], [-60.45875673446502, -34.933367646516835], [-60.45833192296725, -34.93295813966381], [-60.45800617824029, -34.93245244170716], [-60.4572294395292, -34.93212132352981], [-60.45657787290081, -34.932123773793634], [-60.45611631724039, -34.93244747080578], [-60.45530718843912, -34.93276054467306], [-60.45475677342133, -34.9327268319733], [-60.45445033889798, -34.93229869368077], [-60.45407302262082, -34.93214508533364], [-60.45362436168202, -34.932182534491446], [-60.45310251698009, -34.932077161166916], [-60.45295477462221, -34.93154110563789], [-60.45298621779238, -34.93106963313705], [-60.45300221509217, -34.93047252468835], [-60.45204951066349, -34.92660694197068], [-60.45106137488259, -34.923835584531304], [-60.449702961651745, -34.92144237207461], [-60.44903392517721, -34.91935367378654], [-60.44891134681388, -34.91663025523336], [-60.44940410725593, -34.91309624915045], [-60.45025510821453, -34.90981421493799], [-60.45102316300136, -34.90838041203244], [-60.45130885493504, -34.90768295308589], [-60.45134009733082, -34.90704367670568], [-60.45102316195734, -34.90626259753103], [-60.45057833598287, -34.90538659501869], [-60.450202267811164, -34.90437677919238], [-60.45019836306561, -34.90366131598844], [-60.44998717459355, -34.90315649321715], [-60.449521505093706, -34.90270031023612], [-60.44931120764132, -34.902357657976694], [-60.44926208463049, -34.90184269520096], [-60.44939687724737, -34.90107902013048], [-60.44939349958701, -34.900458950297576], [-60.44954163573848, -34.90001957587175], [-60.44980623446646, -34.89970378607517], [-60.45011782373198, -34.89951183835597], [-60.450197157380444, -34.89919673452529], [-60.450045020449586, -34.89890156667765], [-60.449719670981864, -34.898692896896954], [-60.44868518734659, -34.89863118627157], [-60.44842039534828, -34.89856011090054], [-60.448305301783634, -34.89837377126071], [-60.44827924269398, -34.89783964294932], [-60.44825313106294, -34.8972959753769], [-60.44781197041258, -34.89546852035825], [-60.44775425298201, -34.894979661593055], [-60.4480744243818, -34.89459175146086], [-60.44817865742358, -34.894243538095054], [-60.4478978836588, -34.89371034818734], [-60.447814921415905, -34.893357684060376], [-60.447882111148786, -34.89293768905449], [-60.44822046070175, -34.89245995196464], [-60.448276124437164, -34.89204997126502], [-60.44857712510562, -34.89151225085391], [-60.44847394117152, -34.89116681690518], [-60.4484865986546, -34.89083287910892], [-60.44881575892418, -34.89015195844315], [-60.44923200517907, -34.88951841391032], [-60.44928749093965, -34.889076996347335], [-60.44893828793417, -34.88873247075267], [-60.448719203021476, -34.88836361491979], [-60.44877566333946, -34.88810106402539], [-60.44904867720684, -34.887742315612094], [-60.44985680569897, -34.887321965102515], [-60.450389255262955, -34.886771458717895], [-60.45070560689036, -34.88640062148808], [-60.45080488651368, -34.886030588563855], [-60.450758607357756, -34.885506074148694], [-60.45072751693189, -34.88511267555347], [-60.45084113657925, -34.88471874036186], [-60.45082523202873, -34.88445645583189], [-60.45053275579284, -34.883897080403095], [-60.45054579464264, -34.883634689434864], [-60.45087627747469, -34.883204175835345], [-60.45097614000486, -34.88294146276708], [-60.45085881130142, -34.88265570534326], [-60.449001196924144, -34.88002296789158], [-60.44855633235323, -34.879526883133344], [-60.44803294122652, -34.87924376858522], [-60.44775581195188, -34.87883934977044], [-60.44753559566753, -34.878255851290135], [-60.447488308200526, -34.87754054362056], [-60.447869193259116, -34.876036743962715], [-60.4485625650401, -34.87454897631623], [-60.44991949069884, -34.87266455927957], [-60.45064297530181, -34.87172418099972], [-60.45183676573954, -34.870419958465384], [-60.45334934293858, -34.869209933991364], [-60.454117358480126, -34.86875216301872], [-60.45460099238226, -34.86791739289727], [-60.45471233895344, -34.8671180212591], [-60.45486958120172, -34.86677161631545], [-60.454867086030326, -34.86631848708357], [-60.45502386636134, -34.86588861099109], [-60.454962974464344, -34.8653403021161], [-60.45514556444161, -34.864983903690714], [-60.455068576312065, -34.86440616323442], [-60.455374054918025, -34.86380047564051], [-60.45611057031688, -34.863559220999804], [-60.45655767118952, -34.8633071242994], [-60.45759917785669, -34.86327936049647], [-60.45836322654063, -34.86278756971918], [-60.459519268264955, -34.86254471244237], [-60.46039239168193, -34.862501729737815], [-60.45000980560226, -34.85376790155499], [-60.422915188969164, -34.83101727395207], [-60.401777162256444, -34.813138008007286], [-60.391862404203366, -34.804811017898], [-60.37192275475372, -34.78804757364169], [-60.36155722456212, -34.79620056605459], [-60.341842195652134, -34.77894526960365], [-60.323003757274314, -34.762468717030806], [-60.322642836326246, -34.76255314842705], [-60.320636844605986, -34.763214321290455], [-60.320536294529994, -34.76336961024561], [-60.30935713371678, -34.7720630127463], [-60.291398647680936, -34.78627913432615]]]]}}, {"type": "Feature", "properties": {"PARTIDO": "Bragado", "CABECERA": "BRAGADO", "FNA": "Partido de BRAGADO", "GNA": "Partido", "NAM": "BRAGADO", "CDE": "0112", "CCA": "012", "ARA": 2202.79400998, "ARL": 2211.87, "SDP": null, "SAG": "Dirección Provincial de Estadística - Ministerio de Economía - PBA", "COD_PART": "112", "partido": "Bragado"}, "geometry": {"type": "MultiPolygon", "coordinates": [[[[-60.71378610009964, -34.64743055523858], [-60.713354661600675, -34.64760002931924], [-60.71297889586181, -34.64753067748037], [-60.712617458518515, -34.647449315078376], [-60.71215695491369, -34.64759510525711], [-60.71162675114111, -34.6480274984572], [-60.71039144774201, -34.64869057238225], [-60.70976331002283, -34.64879165735692], [-60.70908655965133, -34.64896254312135], [-60.70875752968825, -34.64929835486518], [-60.70854504722354, -34.64976466186509], [-60.70836081228655, -34.65015925579768], [-60.70804508870361, -34.650363813196186], [-60.70752613441607, -34.65042645020816], [-60.7071514271089, -34.650405109634534], [-60.706428178477324, -34.65027779140413], [-60.705475430983334, -34.65023560825991], [-60.70498482911751, -34.65023844568873], [-60.70459694929953, -34.65044341136508], [-60.70432601605335, -34.65082657456688], [-60.70391088481394, -34.651222495340534], [-60.70313631706004, -34.65177551077711], [-60.70223247368438, -34.65240081628812], [-60.70167081482301, -34.652535224795], [-60.70110965721486, -34.65272925166929], [-60.70085222695744, -34.65300500482589], [-60.70089893005942, -34.65341018469085], [-60.70103231438194, -34.65382679003591], [-60.70084884389773, -34.654108310602744], [-60.7004145281735, -34.65415231440772], [-60.69984974841372, -34.65391705850943], [-60.69951775514608, -34.65390703883921], [-60.69921622503288, -34.65408764161844], [-60.69898734503935, -34.65432745282313], [-60.698540309522635, -34.654365789907466], [-60.69809067411216, -34.65409409092992], [-60.69754272859778, -34.65414492681708], [-60.69708735469732, -34.65455611634348], [-60.69651054047095, -34.65496172322496], [-60.69580614695825, -34.65528771905601], [-60.69537308698994, -34.655645494258735], [-60.69498704177906, -34.65615005792755], [-60.69467659473137, -34.65654627816872], [-60.694057173630554, -34.65668097994668], [-60.69304742775142, -34.656734423613834], [-60.69237037882803, -34.656881369158874], [-60.69186867641224, -34.65728966542707], [-60.69118124822845, -34.657925585870686], [-60.69010633654266, -34.65845922544959], [-60.689397552381024, -34.658627330749134], [-60.6883878538017, -34.65862062421159], [-60.68744730506801, -34.65838791878908], [-60.68714226760093, -34.658148754215965], [-60.68669900542149, -34.65759793470834], [-60.68632753182397, -34.657351987690326], [-60.68580752470468, -34.657354171869066], [-60.6854520285806, -34.6575858712827], [-60.68529417301661, -34.65804467646676], [-60.68516034666004, -34.658617825613526], [-60.68500390058774, -34.65924834216567], [-60.68440780346623, -34.65976684713281], [-60.68415679398564, -34.660130773694455], [-60.684070235111186, -34.66083721652653], [-60.68380020654683, -34.66169732607786], [-60.68389727110006, -34.66226917928691], [-60.68410853557271, -34.662687751233086], [-60.683950193052226, -34.66308931756191], [-60.68369917179289, -34.6634532440271], [-60.683771579118975, -34.663834435681494], [-60.68398222100496, -34.66417669239462], [-60.684122962822556, -34.6644430212639], [-60.684058393785335, -34.665015780060806], [-60.683832183480924, -34.665589445559846], [-60.683628277391044, -34.66606758658969], [-60.683862015443815, -34.66640971383972], [-60.68432526254084, -34.66657883299933], [-60.68478835341993, -34.666728872015035], [-60.68513818525854, -34.667146663344276], [-60.68511902086466, -34.66762376832606], [-60.68516712289635, -34.668157313792385], [-60.685448662642045, -34.66859777164159], [-60.6854684160173, -34.66903848055319], [-60.68574439171077, -34.669454702968714], [-60.68628066862818, -34.66972595791755], [-60.68638524049794, -34.67015466632962], [-60.68624415603441, -34.67054898351365], [-60.68558505051165, -34.671137012660395], [-60.68519709522212, -34.67149654410295], [-60.684734398199105, -34.67165954794856], [-60.68384304994365, -34.671683418826085], [-60.68300680330592, -34.67179543158211], [-60.68254826498877, -34.672203446592526], [-60.68235235886328, -34.67295581303681], [-60.68211158498927, -34.67351763158833], [-60.68168141122639, -34.67386586087591], [-60.68110533614364, -34.67402410447024], [-60.680599538751046, -34.674485935213305], [-60.68043436633322, -34.674934145547546], [-60.68059547927503, -34.6752194443957], [-60.68139158703597, -34.67548926947075], [-60.68179857093715, -34.67583281662399], [-60.68191726750002, -34.67622567442245], [-60.68166185225901, -34.67676372429824], [-60.681208958050306, -34.678294154677864], [-60.681192723436446, -34.679114240509485], [-60.68110488729684, -34.67968756558796], [-60.681293492014255, -34.6801979985785], [-60.68159770787511, -34.68063880271654], [-60.68125533517063, -34.68113679324907], [-60.68080294498729, -34.68230319110249], [-60.680826003500215, -34.68313972302964], [-60.68074552464917, -34.683753579686865], [-60.680928636840896, -34.68422747162531], [-60.6808271527116, -34.68526043065669], [-60.68125506042053, -34.68573397648631], [-60.68172855908339, -34.686511956758636], [-60.68247685110997, -34.68708603699448], [-60.685043918411594, -34.69909922210047], [-60.68690657125916, -34.70723743406295], [-60.68750415094026, -34.7094052831363], [-60.68352312671358, -34.709755717347335], [-60.68196927493135, -34.70989599508484], [-60.67958269571441, -34.70942041084606], [-60.67757672956556, -34.70957468056615], [-60.67549361201638, -34.70912117831112], [-60.67495256066041, -34.70828943638845], [-60.67410606640827, -34.707185110765536], [-60.67393195313449, -34.705301946411815], [-60.672066993973154, -34.70502604985672], [-60.670300137917195, -34.70437991415688], [-60.66892632597073, -34.704125116815185], [-60.667899821075665, -34.70396379921791], [-60.666860222024276, -34.70396949306802], [-60.666557769381754, -34.70406654730506], [-60.66644369305906, -34.70424604443274], [-60.666331622947446, -34.70467595270729], [-60.66594387193018, -34.70494041939235], [-60.66519638132393, -34.705361872993784], [-60.66510357217083, -34.70549697300447], [-60.6650856405096, -34.70595872036438], [-60.66470054913946, -34.70655706542235], [-60.6641103464238, -34.706786856435265], [-60.66340605352427, -34.70719613803485], [-60.663191675744315, -34.7077772837591], [-60.662821454492324, -34.70812945912114], [-60.6619850962906, -34.70827710493083], [-60.66123319044595, -34.70815001427888], [-60.66036501128813, -34.70792814982892], [-60.65968748620511, -34.7080749180542], [-60.659097542259545, -34.708340457556886], [-60.658304211045355, -34.708452070402174], [-60.65771520378804, -34.708836846932925], [-60.6574293331197, -34.70920806068246], [-60.65725973307948, -34.709674045966835], [-60.65722075273059, -34.71022280024922], [-60.65754192421669, -34.710662287345315], [-60.65799428849674, -34.71125608879678], [-60.65788188350922, -34.711650215963594], [-60.65740368350995, -34.711793812025746], [-60.6569153292451, -34.711774679796164], [-60.6566273717315, -34.71188355603195], [-60.6565552771431, -34.71216048035616], [-60.65637355535177, -34.71285848274992], [-60.656263038675455, -34.71329265214097], [-60.65589182099511, -34.71383127015339], [-60.655780813570566, -34.71440426077172], [-60.65558165191368, -34.71467113708473], [-60.6550041167835, -34.71480195982693], [-60.6548949132792, -34.714989472116365], [-60.6550662691521, -34.7155520344233], [-60.65491337133528, -34.7161141819176], [-60.65418733533858, -34.71684077300318], [-60.65394377223359, -34.71769347171139], [-60.6537777036352, -34.718612576021314], [-60.65362316398674, -34.7191619485975], [-60.65391725280832, -34.7198281622978], [-60.65379028098658, -34.720210438834414], [-60.65314255849877, -34.7204881852315], [-60.652730213144466, -34.72131320959951], [-60.65194463199574, -34.72155045708352], [-60.65152354307827, -34.72214248321873], [-60.65096301243307, -34.72249130067773], [-60.650800903719784, -34.72286434031162], [-60.65101475213302, -34.7235642601318], [-60.65099063400095, -34.724172556296374], [-60.65039273664614, -34.72528476050687], [-60.649836471633314, -34.72618209286193], [-60.649679840030096, -34.72646912395824], [-60.64916176169632, -34.72671038286793], [-60.6488175553839, -34.727022262534845], [-60.648159974348175, -34.72789627650751], [-60.64767197771304, -34.72829239240178], [-60.646949222880785, -34.728627690839296], [-60.645755208934695, -34.72883918581216], [-60.64497610499557, -34.72895063731073], [-60.64429773269614, -34.72901385151176], [-60.64330022061479, -34.72889987502385], [-60.642708137750525, -34.72891492507024], [-60.642189931303356, -34.72914423044142], [-60.64187568113673, -34.72959903046993], [-60.64205204481608, -34.72999162135995], [-60.64231584853343, -34.7305209066616], [-60.64217460279963, -34.73089726258194], [-60.64141148398577, -34.7312113291291], [-60.64078222006136, -34.73202552997772], [-60.64035101993165, -34.732302069373375], [-60.639772427854076, -34.73295986831709], [-60.639607496974776, -34.733575029053334], [-60.63903365486367, -34.733799592355545], [-60.63829846956769, -34.733994244487874], [-60.637753438142404, -34.7344979424575], [-60.637323496739086, -34.73494141163314], [-60.63724996840611, -34.73549258606851], [-60.63698332944329, -34.7357898546096], [-60.63655209708878, -34.73606638073847], [-60.63639649825533, -34.73649648788508], [-60.63595090715737, -34.736785010665514], [-60.63527209819825, -34.73680047765906], [-60.634636895895, -34.73685148855001], [-60.63375713445277, -34.73703494194729], [-60.63293669413713, -34.7374208026932], [-60.632219696855046, -34.738021341816406], [-60.63166081641792, -34.738703383735924], [-60.6311051082844, -34.7391703787803], [-60.63026797848855, -34.73980768409573], [-60.62995434715435, -34.740357849036336], [-60.62972666022144, -34.74081216975138], [-60.62920978977194, -34.741232210373525], [-60.628506025509665, -34.74177246085938], [-60.627886669351184, -34.742014152163065], [-60.627209437618795, -34.7422442137349], [-60.62654736779466, -34.74256959170263], [-60.62596989956681, -34.74262026059639], [-60.62539180045716, -34.74258745559634], [-60.624888444536225, -34.74288816017772], [-60.62464600807863, -34.74330677311037], [-60.624635332213785, -34.743807670599985], [-60.62485534364007, -34.74424776052395], [-60.625259472942886, -34.74453880897458], [-60.626013992846346, -34.74463532934892], [-60.62678107586926, -34.74482218201997], [-60.62715928829767, -34.74516605434004], [-60.62732072018341, -34.745499118522076], [-60.627078288644974, -34.74591773516673], [-60.62663606196278, -34.746190584366914], [-60.62614584835833, -34.746793044705214], [-60.62567370041734, -34.74740363733478], [-60.625418246826186, -34.74801311546941], [-60.62547873055606, -34.74837054961836], [-60.6260310349966, -34.74880892987022], [-60.62603400419822, -34.74920243325552], [-60.626312726003974, -34.74976146733906], [-60.62627406534817, -34.750381756529656], [-60.626306649917886, -34.7508705055145], [-60.62623873465624, -34.75144324648425], [-60.62642916082632, -34.751788086090876], [-60.626850566435586, -34.752107888241476], [-60.62735766666406, -34.75229607375261], [-60.62747631306317, -34.75270090548478], [-60.62729282344035, -34.753274241405734], [-60.62723737821707, -34.75358457199913], [-60.627457158438176, -34.75398888359304], [-60.627950457023665, -34.75426061184694], [-60.628326911406624, -34.75436599258105], [-60.62843012319317, -34.754639731004914], [-60.62854977228129, -34.755175729044645], [-60.6289577491233, -34.75562676561613], [-60.629135014812185, -34.75613861610289], [-60.62892200062034, -34.7566286333887], [-60.62849090479178, -34.75694090397131], [-60.62816040246467, -34.757181105488094], [-60.628105589135245, -34.75757490629604], [-60.62800733937739, -34.757957006460494], [-60.627807770465274, -34.75831577970397], [-60.62745846881024, -34.75873797158595], [-60.62701975976474, -34.75995656100686], [-60.62680483094243, -34.7601961636201], [-60.62648758841938, -34.76028126952945], [-60.62541855589568, -34.76031061526624], [-60.62495538536415, -34.760205669973075], [-60.62444842026067, -34.76004132349233], [-60.624087560899746, -34.7600908729636], [-60.623453338032526, -34.76029684325738], [-60.62315295938271, -34.76070382439548], [-60.622969155293525, -34.761241380160804], [-60.62251045694692, -34.76173264284559], [-60.622107762029216, -34.76198512163637], [-60.621300130218394, -34.76219196752661], [-60.62076738629404, -34.76244510542176], [-60.62029332827476, -34.76281719005718], [-60.61993272052447, -34.76290249985493], [-60.619369643444294, -34.76296498943727], [-60.61875028169548, -34.763230483735754], [-60.618061157576534, -34.7638302238478], [-60.617760739718605, -34.764237190962874], [-60.617704895660594, -34.764499820443426], [-60.617898870685764, -34.76532164665561], [-60.61779932237709, -34.76553679854823], [-60.61729482391758, -34.76570630383386], [-60.616806814295025, -34.76614999422636], [-60.616592992706664, -34.76654459594272], [-60.61611756230963, -34.7667377992933], [-60.61538079236807, -34.766765374616725], [-60.61483222353142, -34.76683969462465], [-60.61438648319526, -34.7671400646678], [-60.614157667664976, -34.76746318827554], [-60.61424905024583, -34.768094741875764], [-60.613963578292946, -34.768573172714575], [-60.61353695378874, -34.76950545681108], [-60.612686756093844, -34.76983170826703], [-60.61245854328067, -34.770238298778], [-60.61182641456428, -34.77074231804555], [-60.61188738491194, -34.77117130398466], [-60.612265570113706, -34.77150329720169], [-60.612094714234246, -34.77184997453876], [-60.61155985663929, -34.77182881321537], [-60.6109511630789, -34.77159337347558], [-60.61048460981435, -34.77103524894478], [-60.61009400067821, -34.77097758300526], [-60.60967563223545, -34.77107507750828], [-60.60943286298421, -34.77146981064464], [-60.60939450666958, -34.77214971547437], [-60.60968896278392, -34.77288757792202], [-60.61028549412885, -34.77343312920203], [-60.610982136847305, -34.773835077094006], [-60.61113007771959, -34.774299401422105], [-60.61109208603773, -34.775027003896504], [-60.610834515523955, -34.77527754141464], [-60.610143472221914, -34.77573532349004], [-60.60936510464584, -34.77601349249165], [-60.60811595228755, -34.77712874223085], [-60.6073808343801, -34.77739475793181], [-60.6067772619922, -34.777862833666354], [-60.60660863851484, -34.77851953707454], [-60.60674368324269, -34.77919857624232], [-60.60670373087911, -34.77966384107081], [-60.60601394774746, -34.78020389198867], [-60.60558490877002, -34.78082611523191], [-60.60537361000288, -34.781578426665185], [-60.60520470807904, -34.782199354528366], [-60.605208453001964, -34.7827121016156], [-60.60472816884831, -34.78348005938586], [-60.604642697601484, -34.78440822972117], [-60.604416319724194, -34.78507714101447], [-60.603869184770026, -34.78536605122551], [-60.60335121263515, -34.785690588207075], [-60.602643694348984, -34.78578949073818], [-60.60187940130742, -34.786031767702745], [-60.60141923104488, -34.78635601066698], [-60.60116175223261, -34.78672695027552], [-60.60102936253967, -34.78705087860464], [-60.600431365055854, -34.78766068682361], [-60.60028875098754, -34.78819045922282], [-60.6005858958211, -34.788567769665015], [-60.601280667459356, -34.7891709394273], [-60.60132723217795, -34.78961192533729], [-60.600883050761645, -34.7901507333256], [-60.600649872784345, -34.790284992658535], [-60.60015274387457, -34.79027692557117], [-60.599538475806696, -34.790109664436535], [-60.59894603094725, -34.79013643034731], [-60.5984993327486, -34.79032942460748], [-60.59851628511785, -34.79067515871321], [-60.59889468000255, -34.79103104036573], [-60.599445203388356, -34.791610803209196], [-60.599683150291405, -34.79212423594532], [-60.59957208999796, -34.79275679484833], [-60.59915803178262, -34.793002715784034], [-60.598388971058746, -34.79306073627651], [-60.597538730965226, -34.793422656242456], [-60.59670044561051, -34.793438693447335], [-60.59612054337942, -34.7932030398399], [-60.59574506617412, -34.793252577490414], [-60.595358818468625, -34.793814930871854], [-60.59484255849495, -34.79438984306803], [-60.59478910716186, -34.794998266856346], [-60.59504315084243, -34.79615372623987], [-60.59547516806403, -34.79638057975405], [-60.596230790394024, -34.796469881986496], [-60.59672364104091, -34.79665826246336], [-60.596842291022305, -34.797075047058456], [-60.5967605881816, -34.79742639556873], [-60.59640070293743, -34.79798349192666], [-60.596387243116595, -34.79823513849133], [-60.59679529663804, -34.798577795190134], [-60.5970002536907, -34.79893453248267], [-60.596815853456896, -34.799424351440486], [-60.596384158157676, -34.79970073634337], [-60.59573545006395, -34.79995433305957], [-60.594916694789084, -34.8006857476299], [-60.59445718674477, -34.801117283743864], [-60.593894681246645, -34.80177730995722], [-60.59342319015318, -34.80207630889987], [-60.59296827793375, -34.80315175339107], [-60.59264329159697, -34.804202713373044], [-60.59242011438254, -34.80433324583626], [-60.59179137796015, -34.80434995567758], [-60.59111523879629, -34.80481830696417], [-60.59039364396084, -34.80551845166719], [-60.5899385433079, -34.80605226395959], [-60.58893122605653, -34.806713003820754], [-60.58887594343149, -34.807071013565384], [-60.58929986608598, -34.807724822073794], [-60.58940471654325, -34.808237077468185], [-60.5892694817398, -34.809549452498516], [-60.58937628720469, -34.810335967522214], [-60.58963949697968, -34.81075205804927], [-60.589959607007934, -34.811036699342814], [-60.590019222105276, -34.81128682947624], [-60.58958735755194, -34.81155126644604], [-60.58917308727397, -34.81225683225928], [-60.58884530498651, -34.8129262035668], [-60.58886408951059, -34.81353427361987], [-60.588837717467406, -34.81389214215879], [-60.588406513797764, -34.81425196989102], [-60.587845603005256, -34.81467204642313], [-60.587623899316974, -34.815022060566115], [-60.58763583882351, -34.81567473584358], [-60.587268631385975, -34.81690475467333], [-60.58656260224704, -34.81725397741312], [-60.58412402132177, -34.817969266663575], [-60.58329969121299, -34.8179493721724], [-60.582591957162194, -34.81806008474989], [-60.581723745969896, -34.817968841519615], [-60.58085528550919, -34.817841818736234], [-60.580058984147165, -34.818122287920566], [-60.579339288503576, -34.8185907812852], [-60.578141015663675, -34.81885882449115], [-60.57711740925567, -34.81929297390272], [-60.57604750937862, -34.81930996851735], [-60.575194083240895, -34.81926630782512], [-60.57480608520265, -34.81961395778182], [-60.57472280803551, -34.820115189297226], [-60.5744646920739, -34.82042645093184], [-60.573421381385145, -34.82010940519703], [-60.57211723295553, -34.81971010450228], [-60.57114796585569, -34.81964310918648], [-60.57000674745866, -34.81980348276113], [-60.5695218810493, -34.82016866197494], [-60.56936214950708, -34.8206889300921], [-60.56958265254845, -34.82121258622115], [-60.57003400938571, -34.82143435892911], [-60.57102948912325, -34.82152508816619], [-60.57134300339099, -34.82169533284671], [-60.571645148192594, -34.821894248491226], [-60.572016173434676, -34.82201652211505], [-60.5725946945047, -34.82203287975511], [-60.57285063880585, -34.822241550149414], [-60.57297993266175, -34.82253667428757], [-60.57282036032875, -34.82288085769402], [-60.57226642096085, -34.823074259810255], [-60.571586285843445, -34.82342088899334], [-60.57121604412195, -34.823413088376334], [-60.570555683102185, -34.823273089750785], [-60.5701168901303, -34.82338962373842], [-60.56973659190232, -34.82360128038021], [-60.56931002004733, -34.823813152373646], [-60.568905008153386, -34.82379596707253], [-60.56839411380528, -34.8235217017605], [-60.56780290232018, -34.82334320638457], [-60.56731704744897, -34.823345472853404], [-60.56698281865878, -34.82352828682999], [-60.56681184672053, -34.823901134823494], [-60.56681472231087, -34.8243208718303], [-60.5670252372108, -34.82465378257878], [-60.56725882403925, -34.82497704591251], [-60.567098569333076, -34.825225826874906], [-60.56680982081723, -34.82529395132577], [-60.56633434682914, -34.82512444910506], [-60.56584815624511, -34.82507901315506], [-60.56522347158884, -34.82508191692335], [-60.56457597776099, -34.825132621502526], [-60.563892737047524, -34.82503085255146], [-60.563266624799255, -34.824823878569106], [-60.56271102745272, -34.8247787504734], [-60.562364500370904, -34.82485667106397], [-60.562215928578276, -34.82512447148075], [-60.56198657288847, -34.82542126416049], [-60.56129474207104, -34.82575834965374], [-60.561042114895194, -34.82603616809945], [-60.56084875105745, -34.8265235880298], [-60.560469642373484, -34.82691646622742], [-60.559904401150476, -34.82715756334082], [-60.55958209573663, -34.82739754067641], [-60.559203621889125, -34.82788580923321], [-60.55890522266352, -34.8282401519172], [-60.55871061702746, -34.82854631817381], [-60.55868973428118, -34.82888030660035], [-60.55868132289963, -34.82934779365062], [-60.55854475172485, -34.82968231233003], [-60.55819935882461, -34.82993193231958], [-60.55773673123521, -34.82995313304005], [-60.55741569974893, -34.82983542211517], [-60.55688918179988, -34.82950864710116], [-60.55608995055103, -34.829282011276156], [-60.55544057706046, -34.829143218284116], [-60.55504570149992, -34.828916065509915], [-60.554636892101364, -34.82833600433666], [-60.55414902579076, -34.82804249450891], [-60.55355710944597, -34.82775899562865], [-60.55298705924478, -34.827284598999356], [-60.55243970585638, -34.82674331855995], [-60.55199494852128, -34.82597261498564], [-60.55128470070293, -34.825288971694754], [-60.55060809092472, -34.82444299471882], [-60.550142637201624, -34.8240348898534], [-60.549732745646395, -34.82328309966552], [-60.5492661628901, -34.82270327971739], [-60.54857650869773, -34.821628395322534], [-60.54825084128223, -34.82136274910758], [-60.54778800589983, -34.82134575486123], [-60.54746932682106, -34.82154765418913], [-60.54745296142389, -34.821552234804585], [-60.54691245234605, -34.82189346146956], [-60.54640630316791, -34.82232502613092], [-60.54595647899519, -34.82252738059715], [-60.54550620846288, -34.82254482223269], [-60.545061525126535, -34.822385668208504], [-60.544531115571615, -34.82215217686275], [-60.54401068773571, -34.82217358479162], [-60.5435131891915, -34.82217261187715], [-60.54307231377637, -34.821967901331725], [-60.542792308486526, -34.82160663919809], [-60.542502238294645, -34.821474375807774], [-60.542256894851775, -34.82153068000062], [-60.54183318184648, -34.82176355035716], [-60.541383099626486, -34.821927730331396], [-60.540468992240896, -34.82189363557441], [-60.53985620869052, -34.82194405527144], [-60.53949410554153, -34.822164678993], [-60.53903843536108, -34.822491449047746], [-60.5383401457022, -34.822740874224216], [-60.53715590057351, -34.82296722440356], [-60.53605879646749, -34.823258257247616], [-60.53573588013556, -34.823412316552776], [-60.5355173836785, -34.82361361370315], [-60.53525446567716, -34.82410129997344], [-60.53490859402985, -34.82428407738877], [-60.534464994766125, -34.82430072325569], [-60.53378709666016, -34.82438440039592], [-60.53324431509866, -34.82452987805971], [-60.532922433107, -34.824846100912424], [-60.53278625494297, -34.825256909041656], [-60.53266379533033, -34.82600154832091], [-60.53248066522896, -34.826307623829564], [-60.53208899448069, -34.826566911238594], [-60.53146533798344, -34.82673181361695], [-60.531039017674765, -34.82700078938203], [-60.53082117364334, -34.827307012999064], [-60.530855378595454, -34.82761499950929], [-60.530987787613924, -34.82803130987684], [-60.53086255204826, -34.82834666966722], [-60.53061270221218, -34.82844959208505], [-60.5300193784306, -34.82856022147811], [-60.529533917304065, -34.828629113561334], [-60.52893404895269, -34.8288988372125], [-60.52810298115606, -34.829198181052114], [-60.52768784053845, -34.82940985793578], [-60.527398054527715, -34.82966324385094], [-60.52733327934199, -34.83005056127975], [-60.52740591791035, -34.83055585524538], [-60.52740981078121, -34.831166383996774], [-60.527551013105985, -34.83153782350192], [-60.528040634297106, -34.83211762639189], [-60.528274822413096, -34.832555439371035], [-60.52838272467263, -34.833146437228876], [-60.52838613756972, -34.83368065025366], [-60.528515535702766, -34.83401398007427], [-60.528922116292264, -34.83426978740199], [-60.52930525568072, -34.83447799624804], [-60.529504015468284, -34.834801483672585], [-60.52947144416373, -34.835135517292], [-60.5292560763184, -34.83583285831337], [-60.52932251356412, -34.83631010273198], [-60.529181680928176, -34.836863477476875], [-60.52911531330909, -34.83734075514377], [-60.52916287477035, -34.83754088310902], [-60.52933819573775, -34.83781677440026], [-60.529270851404824, -34.838141419668986], [-60.52891455749843, -34.83851502067718], [-60.52873175342161, -34.838878326309754], [-60.528746190208636, -34.83932663312662], [-60.52887578197063, -34.83968858062159], [-60.52878639143212, -34.840185037808254], [-60.52842016262201, -34.84081625373837], [-60.52819076391395, -34.8411320627149], [-60.52779870437252, -34.84134363961526], [-60.52740621795451, -34.841488438257734], [-60.527082423896694, -34.84151846100315], [-60.526560168772214, -34.841272689117645], [-60.52620075294457, -34.84115976655279], [-60.525808142108964, -34.8412854816895], [-60.52527626025811, -34.84134501820592], [-60.525013996538, -34.84140588853933], [-60.52436500926093, -34.84141413869075], [-60.523814424920346, -34.841261489219974], [-60.52332176991794, -34.841120513471594], [-60.522902413821676, -34.8411342414699], [-60.52252727542408, -34.84127894983102], [-60.52205134410545, -34.84149563871059], [-60.521719141373254, -34.84156861216149], [-60.521169687087585, -34.841594817574666], [-60.52083763337771, -34.841691637064905], [-60.52044975206352, -34.842110662530835], [-60.52024861531104, -34.84232616739352], [-60.51987249206164, -34.842315850975375], [-60.519481006649826, -34.84216250271431], [-60.51916086605369, -34.841853826955884], [-60.51881314747929, -34.84175991241837], [-60.51833615690408, -34.841809645028206], [-60.51780108926114, -34.84182384848431], [-60.516685699985885, -34.841554323384166], [-60.51609121832799, -34.841318352638254], [-60.515642337643406, -34.841236782717296], [-60.51486117482127, -34.84121624257208], [-60.51420906913791, -34.8410162810109], [-60.513745728908695, -34.840934765194916], [-60.51332666786071, -34.84099615802406], [-60.51295114306637, -34.84108121582248], [-60.51253134039607, -34.84102336176794], [-60.512111538295194, -34.840965506258854], [-60.51163477037772, -34.841050985298175], [-60.51114331730952, -34.84110075053753], [-60.51073768407555, -34.840995131648775], [-60.51025973708406, -34.84088981476851], [-60.50962254869326, -34.84076131416821], [-60.509057311927585, -34.84057288547093], [-60.508432904225614, -34.84017005683642], [-60.50764728804342, -34.83942207946826], [-60.50692077912083, -34.8388765725166], [-60.50630827215699, -34.83852376648196], [-60.50580929459371, -34.838287347585315], [-60.505229794555945, -34.83812757951717], [-60.50469762590538, -34.83813932810825], [-60.504293136192295, -34.838217324093264], [-60.5040277783286, -34.83834244055647], [-60.503821025443095, -34.83859133219253], [-60.50359066679686, -34.83876400186964], [-60.50296662784213, -34.83889060130518], [-60.50256265456185, -34.839054447311575], [-60.50211291911699, -34.839304338780394], [-60.50165068497815, -34.839401643274755], [-60.50121054885327, -34.839327140070765], [-60.50089699370174, -34.839137635995606], [-60.50060663970297, -34.83895757508721], [-60.50027081220297, -34.83891125754864], [-60.4999354475625, -34.8389412556221], [-60.49968090119162, -34.83894230151058], [-60.49901897751412, -34.83854434756807], [-60.49864804035686, -34.838431391476526], [-60.4983248217297, -34.83855673360933], [-60.49802503019235, -34.83872967721789], [-60.4977016946037, -34.83883593833819], [-60.497192315530484, -34.838790322253345], [-60.496033057833735, -34.838423003041555], [-60.4954194933233, -34.83836826484299], [-60.49492220304626, -34.8384084488376], [-60.494020751775935, -34.83858382906188], [-60.49366275773047, -34.838699759690414], [-60.49342160328323, -34.839006012009946], [-60.493179992972216, -34.83923594632437], [-60.492929494578334, -34.83970769662071], [-60.49267015579835, -34.83987569384725], [-60.49225186333493, -34.84006818299777], [-60.492080222961704, -34.84039084514655], [-60.49217019554017, -34.84092709450279], [-60.492231598079385, -34.84152308215463], [-60.492552916400086, -34.84204647015263], [-60.49246883510262, -34.84249995010295], [-60.492947978271246, -34.84280805224431], [-60.49297882575765, -34.84312989474835], [-60.492721536239074, -34.843643701242605], [-60.492320955976105, -34.84438465645365], [-60.49186095174654, -34.844863505931336], [-60.49101013037205, -34.845296233735354], [-60.489969430313444, -34.84541967774897], [-60.48915923414414, -34.84538716508683], [-60.488290619945914, -34.84525948241644], [-60.4877100906999, -34.844927919494296], [-60.4872155069138, -34.84445291214674], [-60.486780397851675, -34.844251934058775], [-60.48638959466947, -34.84420579829323], [-60.48605811847674, -34.84440984443176], [-60.48579896112976, -34.844613599949305], [-60.48555105869665, -34.84470771835559], [-60.485177013828775, -34.8446160823857], [-60.484931967617555, -34.84476015608394], [-60.48476014919223, -34.84505895941584], [-60.48479201358951, -34.845559671007564], [-60.48460656796526, -34.84600162487543], [-60.48414567068725, -34.846337353275025], [-60.48387322514788, -34.84674387769547], [-60.48354152330557, -34.846912143294155], [-60.482833818815266, -34.847093825741375], [-60.48221220147236, -34.84715591546039], [-60.48177882746297, -34.84725303017803], [-60.48150685237974, -34.84774302111614], [-60.48080066205868, -34.84818702955005], [-60.48042562442762, -34.84836738251597], [-60.479876455723215, -34.84845302414933], [-60.47918271026099, -34.84855115664122], [-60.478851476151405, -34.84880288040334], [-60.47883915204987, -34.84917259547751], [-60.478958324813924, -34.84976836285897], [-60.47893291943579, -34.85037662401283], [-60.47867510588419, -34.85081885361682], [-60.47820024581574, -34.85125001168415], [-60.477840618622615, -34.85159724156444], [-60.47756784817985, -34.85195605479925], [-60.477004188673774, -34.852041740424866], [-60.476919595835454, -34.85254334125569], [-60.476852158087304, -34.85327058207842], [-60.47662394275999, -34.85383193931106], [-60.47617736714612, -34.854155655831406], [-60.47567189687497, -34.854300730199995], [-60.475367776609694, -34.85424229566074], [-60.47510623021636, -34.85404059770344], [-60.474846330529736, -34.85412508544642], [-60.47428429460541, -34.8544969448648], [-60.474446565441596, -34.855044849095584], [-60.474405290974765, -34.855414676365875], [-60.47417623324282, -34.85583293497536], [-60.47362734992186, -34.855978170121425], [-60.47283268197776, -34.85614820862023], [-60.4724287945138, -34.85635249816278], [-60.47199079594419, -34.8568862385722], [-60.47183977547484, -34.85707026819586], [-60.470986209049755, -34.85706165142337], [-60.46994621069906, -34.85733994364409], [-60.46894879218791, -34.85747496559169], [-60.46865831914931, -34.85727336538953], [-60.46825225345325, -34.85709605868961], [-60.46793494500849, -34.85726422632397], [-60.467647511930124, -34.857599223661076], [-60.466999432250695, -34.85811447658479], [-60.46656867565485, -34.85868851698255], [-60.46600616772017, -34.85898879090748], [-60.465881214917346, -34.859919397328916], [-60.46539176821807, -34.860350561114046], [-60.46457369040678, -34.860684022896535], [-60.4640641829727, -34.860951870426234], [-60.46343779463358, -34.86111960992231], [-60.46302478006685, -34.861349347586646], [-60.46243441254836, -34.86133013000101], [-60.46198256664681, -34.86124598961672], [-60.46149728128063, -34.8613909284967], [-60.46125594167113, -34.86169711647909], [-60.46107284106466, -34.8620698620315], [-60.46039239168193, -34.862501729737815], [-60.459519268264955, -34.86254471244237], [-60.45836322654063, -34.86278756971918], [-60.45759917785669, -34.86327936049647], [-60.45655767118952, -34.8633071242994], [-60.45611057031688, -34.863559220999804], [-60.455374054918025, -34.86380047564051], [-60.455068576312065, -34.86440616323442], [-60.45514556444161, -34.864983903690714], [-60.454962974464344, -34.8653403021161], [-60.45502386636134, -34.86588861099109], [-60.454867086030326, -34.86631848708357], [-60.45486958120172, -34.86677161631545], [-60.45471233895344, -34.8671180212591], [-60.45460099238226, -34.86791739289727], [-60.454117358480126, -34.86875216301872], [-60.45334934293858, -34.869209933991364], [-60.45183676573954, -34.870419958465384], [-60.45064297530181, -34.87172418099972], [-60.44991949069884, -34.87266455927957], [-60.4485625650401, -34.87454897631623], [-60.447869193259116, -34.876036743962715], [-60.447488308200526, -34.87754054362056], [-60.44753559566753, -34.878255851290135], [-60.44775581195188, -34.87883934977044], [-60.44803294122652, -34.87924376858522], [-60.44855633235323, -34.879526883133344], [-60.449001196924144, -34.88002296789158], [-60.45085881130142, -34.88265570534326], [-60.45097614000486, -34.88294146276708], [-60.45087627747469, -34.883204175835345], [-60.45054579464264, -34.883634689434864], [-60.45053275579284, -34.883897080403095], [-60.45082523202873, -34.88445645583189], [-60.45084113657925, -34.88471874036186], [-60.45072751693189, -34.88511267555347], [-60.450758607357756, -34.885506074148694], [-60.45080488651368, -34.886030588563855], [-60.45070560689036, -34.88640062148808], [-60.450389255262955, -34.886771458717895], [-60.44985680569897, -34.887321965102515], [-60.44904867720684, -34.887742315612094], [-60.44877566333946, -34.88810106402539], [-60.448719203021476, -34.88836361491979], [-60.44893828793417, -34.88873247075267], [-60.44928749093965, -34.889076996347335], [-60.44923200517907, -34.88951841391032], [-60.44881575892418, -34.89015195844315], [-60.4484865986546, -34.89083287910892], [-60.44847394117152, -34.89116681690518], [-60.44857712510562, -34.89151225085391], [-60.448276124437164, -34.89204997126502], [-60.44822046070175, -34.89245995196464], [-60.447882111148786, -34.89293768905449], [-60.447814921415905, -34.893357684060376], [-60.4478978836588, -34.89371034818734], [-60.44817865742358, -34.894243538095054], [-60.4480744243818, -34.89459175146086], [-60.44775425298201, -34.894979661593055], [-60.44781197041258, -34.89546852035825], [-60.44825313106294, -34.8972959753769], [-60.44827924269398, -34.89783964294932], [-60.448305301783634, -34.89837377126071], [-60.44842039534828, -34.89856011090054], [-60.44868518734659, -34.89863118627157], [-60.449719670981864, -34.898692896896954], [-60.450045020449586, -34.89890156667765], [-60.450197157380444, -34.89919673452529], [-60.45011782373198, -34.89951183835597], [-60.44980623446646, -34.89970378607517], [-60.44954163573848, -34.90001957587175], [-60.44939349958701, -34.900458950297576], [-60.44939687724737, -34.90107902013048], [-60.44926208463049, -34.90184269520096], [-60.44931120764132, -34.902357657976694], [-60.449521505093706, -34.90270031023612], [-60.44998717459355, -34.90315649321715], [-60.45019836306561, -34.90366131598844], [-60.450202267811164, -34.90437677919238], [-60.45057833598287, -34.90538659501869], [-60.45102316195734, -34.90626259753103], [-60.45134009733082, -34.90704367670568], [-60.45130885493504, -34.90768295308589], [-60.45102316300136, -34.90838041203244], [-60.45025510821453, -34.90981421493799], [-60.44940410725593, -34.91309624915045], [-60.44891134681388, -34.91663025523336], [-60.44903392517721, -34.91935367378654], [-60.449702961651745, -34.92144237207461], [-60.45106137488259, -34.923835584531304], [-60.45204951066349, -34.92660694197068], [-60.45300221509217, -34.93047252468835], [-60.45298621779238, -34.93106963313705], [-60.45295477462221, -34.93154110563789], [-60.45310251698009, -34.932077161166916], [-60.45362436168202, -34.932182534491446], [-60.45407302262082, -34.93214508533364], [-60.45445033889798, -34.93229869368077], [-60.45475677342133, -34.9327268319733], [-60.45530718843912, -34.93276054467306], [-60.45611631724039, -34.93244747080578], [-60.45657787290081, -34.932123773793634], [-60.4572294395292, -34.93212132352981], [-60.45800617824029, -34.93245244170716], [-60.45833192296725, -34.93295813966381], [-60.45875673446502, -34.933367646516835], [-60.45972565183634, -34.933725129652395], [-60.46070018500247, -34.93393267197276], [-60.46213821256463, -34.93473808126835], [-60.46289094769803, -34.93492473776892], [-60.46396332858472, -34.93485037095913], [-60.4642688812397, -34.935111544899826], [-60.4644751626279, -34.936118510494246], [-60.46527862538862, -34.936991762985684], [-60.46719103653123, -34.93797897043344], [-60.46850921729921, -34.93805736667535], [-60.46914446156677, -34.93768124636479], [-60.46946091015762, -34.93769283710375], [-60.46986768769852, -34.937882528840795], [-60.470204703897735, -34.938277382394475], [-60.470496489827006, -34.93865783840743], [-60.47097509342156, -34.938787153952426], [-60.47146927066894, -34.93860704926266], [-60.47174180414686, -34.93865300920185], [-60.472264943934576, -34.93897294042464], [-60.473340196346584, -34.93961268132702], [-60.4741605558159, -34.9404513177494], [-60.474643297817174, -34.94129607506937], [-60.47510998605592, -34.941866629798], [-60.475097362239104, -34.942188641766066], [-60.474708972706935, -34.94270412948562], [-60.47443872201133, -34.943490991343396], [-60.47410119277564, -34.94523329231026], [-60.474437633135075, -34.945935747211934], [-60.47484717644058, -34.94651822911293], [-60.474431327238065, -34.94723532664356], [-60.473216354376945, -34.94750240537669], [-60.47229381838353, -34.94825724145349], [-60.47205411670507, -34.9493910038296], [-60.47249604180071, -34.95068905978006], [-60.47354413099739, -34.95161509172698], [-60.474751073496996, -34.95245702224446], [-60.475348173138464, -34.953027064064855], [-60.475785761360804, -34.95356195473006], [-60.47605044050622, -34.954115829466375], [-60.47577754882869, -34.95464711895084], [-60.47524497449864, -34.95522158073639], [-60.47553842863641, -34.95587628119269], [-60.47620894197796, -34.956612973517714], [-60.47721134709818, -34.95713371848725], [-60.47838798597522, -34.95772531590825], [-60.478835706130994, -34.95843995670727], [-60.47917916677062, -34.95977639317249], [-60.479459226564295, -34.960610003141824], [-60.479782049613185, -34.96132419917294], [-60.480696792529415, -34.96170216622081], [-60.481885074054105, -34.961792852863915], [-60.48264001281778, -34.96208796792329], [-60.482858581347124, -34.96249292206133], [-60.482573882256645, -34.9631614365382], [-60.48181003353736, -34.96382031627327], [-60.48156742025243, -34.96444135251969], [-60.48180280848753, -34.965060492860395], [-60.482301377807346, -34.9660959453871], [-60.482652939101406, -34.966762320633784], [-60.48322122646597, -34.967332436255575], [-60.48344348129313, -34.968178190937955], [-60.483541679672705, -34.96834037415966], [-60.484430885812955, -34.96857968930193], [-60.48491059860704, -34.96886396196712], [-60.48498191942531, -34.969281432906925], [-60.484538675204035, -34.96966438728309], [-60.48422286432765, -34.97015455101209], [-60.483981652839475, -34.97101407569539], [-60.483564641136084, -34.97154041386027], [-60.483582981517756, -34.97219618781128], [-60.48402058602633, -34.97270719689428], [-60.48435552662709, -34.97300397362544], [-60.48510938221076, -34.97309636072299], [-60.486080465656464, -34.97317594859745], [-60.48657476785631, -34.97347208114456], [-60.486997345592684, -34.97388774416113], [-60.48752084012109, -34.97421952862392], [-60.487610091784695, -34.974612677674855], [-60.487348353954964, -34.9749937926583], [-60.48670046398747, -34.97512907997883], [-60.48638542094313, -34.97575041496576], [-60.48641276106283, -34.97635606874921], [-60.486465823060385, -34.97709755858742], [-60.48625140582505, -34.97758732082149], [-60.48568445320815, -34.97780096690633], [-60.484618846256886, -34.97835701320212], [-60.48435645431855, -34.97869164749792], [-60.484301143048846, -34.9792600312108], [-60.48474500465846, -34.98009748198096], [-60.4853318975864, -34.98134720627976], [-60.48549401011738, -34.9818116127282], [-60.4855984526064, -34.98232394672535], [-60.485347089476306, -34.98254462131258], [-60.48460489006028, -34.98283895703215], [-60.48439086712654, -34.983926648222585], [-60.48409664992797, -34.98455027854184], [-60.48329113246378, -34.98497420322014], [-60.48293549302205, -34.98548522304761], [-60.48295456710497, -34.98606684832492], [-60.48285582624874, -34.98642497403494], [-60.482103088832716, -34.98664260596617], [-60.481279947944856, -34.987110924966224], [-60.48090895473161, -34.98809020048734], [-60.48082912970228, -34.9890838283137], [-60.480656375442166, -34.98949828634037], [-60.47956371400605, -34.99036832292244], [-60.4785948489884, -34.99188659578713], [-60.47773534213558, -34.99300367967484], [-60.4768359931786, -34.99355534338713], [-60.47653945715785, -34.99398907602996], [-60.47680373102636, -34.99477215945701], [-60.476807258101935, -34.995380292341174], [-60.476476121514516, -34.99575125016738], [-60.475635069812114, -34.99597625003087], [-60.47514686192157, -34.99642422893475], [-60.47458792546954, -34.997499614604], [-60.4743461244762, -34.998287572860974], [-60.47378352241234, -34.99873097395692], [-60.472930545507964, -34.999080109015594], [-60.47195012890763, -34.99986500481255], [-60.47062674082665, -35.00055338329099], [-60.46986935312945, -35.000999906266784], [-60.4688146796992, -35.0015644323801], [-60.46734245893286, -35.00186857445817], [-60.466644725149294, -35.00226617713516], [-60.466399541907144, -35.00244421933901], [-60.46666377719537, -35.00303942583909], [-60.46646265217678, -35.00335023411713], [-60.465532203586854, -35.003719698405135], [-60.4649600957097, -35.00362944544249], [-60.46436002095636, -35.00353477728169], [-60.4638565513727, -35.0037895003048], [-60.463438573827034, -35.00419652701866], [-60.46262722582336, -35.00423539558201], [-60.46215916878386, -35.00450334486398], [-60.46189208989647, -35.00494173628407], [-60.46176474294204, -35.00549074477436], [-60.46157112174283, -35.005868067411726], [-60.462030027512846, -35.00627674796924], [-60.461514063319896, -35.00730421117047], [-60.4613004912969, -35.00798471538298], [-60.460796793334545, -35.00861862389805], [-60.460308721619796, -35.00883511501743], [-60.45949358113222, -35.00882627926395], [-60.45779898894684, -35.00902347316508], [-60.45719248828207, -35.00928068251674], [-60.45680249870235, -35.0096592218592], [-60.45627901679211, -35.00976612585964], [-60.45571533131596, -35.00962753570506], [-60.45515846974557, -35.009155709747475], [-60.45459554968492, -35.00894011715932], [-60.45371406362666, -35.00891974707124], [-60.452402596243815, -35.008948491593074], [-60.451656938012384, -35.009082437100105], [-60.450992001862744, -35.00940090635943], [-60.45014363348031, -35.00991470917075], [-60.44938695517807, -35.010270299355696], [-60.448526886067945, -35.010495164120975], [-60.447713713341074, -35.01090239125559], [-60.4474004183048, -35.01123267357193], [-60.4469889184216, -35.011520376291216], [-60.44653998336247, -35.011587613486284], [-60.446220451331214, -35.011463581685234], [-60.44593631202895, -35.01118440188851], [-60.445420509233344, -35.01094780711209], [-60.44435042892916, -35.01065554367698], [-60.443505093112286, -35.010525541433665], [-60.44306321348582, -35.010556966313416], [-60.44257862555672, -35.01073163822195], [-60.44127045421469, -35.011380320998754], [-60.44036833295372, -35.01207521418786], [-60.438707299363436, -35.013692617306276], [-60.438440703166755, -35.01404208181433], [-60.438097038027415, -35.01422386853456], [-60.4374541290561, -35.014613731530964], [-60.43666013661012, -35.015212812349105], [-60.43610061369256, -35.01560457199179], [-60.43507520115577, -35.01629986863861], [-60.43487543921401, -35.016896806123846], [-60.43549265532527, -35.017841460772814], [-60.435522353870546, -35.018623527685115], [-60.43475994855152, -35.01972330803668], [-60.4347484836047, -35.02029572094638], [-60.43602903088311, -35.02123315566118], [-60.43657099115443, -35.0224733635251], [-60.43698127849138, -35.02426844182139], [-60.43803235005102, -35.02776778589935], [-60.43830435595837, -35.02984164958712], [-60.4390968622402, -35.03165129223849], [-60.438726826421, -35.03294046515047], [-60.43862528055977, -35.03453960822137], [-60.43824764981925, -35.03619248736871], [-60.43716475306141, -35.03723902162239], [-60.436348839918125, -35.037467435951804], [-60.435745417753495, -35.03789448541954], [-60.435056194939634, -35.03846908626217], [-60.408770742953635, -35.065907532391556], [-60.40978300335228, -35.06635140779942], [-60.409384628382945, -35.06694060298307], [-60.40919500807695, -35.06722104835345], [-60.40893801443939, -35.06760113309547], [-60.40784059767019, -35.06710925457658], [-60.407299554988676, -35.067963618446825], [-60.40680563190498, -35.06874355739291], [-60.406302086254875, -35.06953867393971], [-60.40582028371314, -35.07029944026177], [-60.40534659655713, -35.071047377197225], [-60.40422468786419, -35.070584083596806], [-60.40367069876988, -35.0714503965058], [-60.40313262231184, -35.07229180507907], [-60.402584875118855, -35.0731402586114], [-60.40204316890252, -35.073979334299395], [-60.40094940782644, -35.07573070771236], [-60.399946693838714, -35.07733621746705], [-60.399509297981574, -35.07714615522389], [-60.395540918547034, -35.08333846851788], [-60.38983394113582, -35.088174371007], [-60.367005593086354, -35.1057205765635], [-60.36278113356804, -35.102000988200274], [-60.3521517806198, -35.11018854228188], [-60.32913632400869, -35.128008459213774], [-60.330490662063404, -35.12912565362774], [-60.344178389511086, -35.14115741189711], [-60.35095425606319, -35.147135858180576], [-60.36536320014284, -35.160172118568106], [-60.357519275009416, -35.16614647538995], [-60.35647689814211, -35.16680458454831], [-60.33840339868671, -35.18070037370934], [-60.35371052745559, -35.19460707614086], [-60.33187215653989, -35.21106454095093], [-60.33223673802172, -35.21139741528971], [-60.31587239551477, -35.22370990580837], [-60.322617796591416, -35.22953972389318], [-60.3409200255792, -35.24567660917089], [-60.341247281053235, -35.245900731104], [-60.360594875324416, -35.26302790268986], [-60.36131898421954, -35.2637062042445], [-60.362020833584765, -35.264607148868414], [-60.362401760292556, -35.264828589445855], [-60.36308676196231, -35.26542432384253], [-60.3660760018839, -35.268029051388694], [-60.36656577126747, -35.26830738420015], [-60.36686148953068, -35.26854178740587], [-60.37849490907784, -35.27887573723637], [-60.38729461277299, -35.28659613135223], [-60.387360767569575, -35.28668097749746], [-60.39614330779045, -35.29437684070626], [-60.39999956059035, -35.297766434128114], [-60.41013650992501, -35.30669288125033], [-60.431695457335806, -35.32563239354574], [-60.44452186468168, -35.336905580061256], [-60.45835748187477, -35.349065285148875], [-60.46931093068248, -35.358695793553046], [-60.5041656791275, -35.38938448673715], [-60.50744721120715, -35.39225457057507], [-60.516221044691264, -35.400037046057705], [-60.52804764665659, -35.41026530340963], [-60.56140253527959, -35.38451887355207], [-60.57542753594417, -35.37371208607106], [-60.58105338321352, -35.3691659382915], [-60.58119135127454, -35.3691205615683], [-60.625726544305614, -35.33471309302518], [-60.640717113569686, -35.32305710612613], [-60.65734971376492, -35.310166549983045], [-60.67008563699055, -35.300236311376615], [-60.69790748422307, -35.278614530789966], [-60.70786655280279, -35.270835954128565], [-60.71409358486937, -35.26595101747491], [-60.72218275062217, -35.2596039403363], [-60.74311938219698, -35.24333973992156], [-60.75272726812944, -35.23580334394282], [-60.763539101192016, -35.22744940040552], [-60.76339173837461, -35.22743761128957], [-60.763876870132535, -35.22710386545221], [-60.76792366311278, -35.22394310348849], [-60.78123835094833, -35.21356774669336], [-60.78332304462361, -35.211933048975325], [-60.78400727252545, -35.21133117422894], [-60.792372308638, -35.20483596700475], [-60.80501224451053, -35.19492739088718], [-60.81179411202575, -35.18965941227305], [-60.82572992167087, -35.178818282536575], [-60.833396887395175, -35.17287191405928], [-60.854719326033674, -35.15642301683992], [-60.85811894884842, -35.15367507390837], [-60.86296934296387, -35.14990707180197], [-60.86448698282825, -35.148663737746745], [-60.864667638947836, -35.14864653932669], [-60.86480430460726, -35.14870849725705], [-60.864880344011254, -35.148802856954724], [-60.86495964226168, -35.14907729005987], [-60.86500561349118, -35.149305898752516], [-60.8650943777528, -35.14946266000979], [-60.865173297155664, -35.14951217598647], [-60.865264675350645, -35.14950436962201], [-60.86931379614777, -35.14628695580615], [-60.87280133705339, -35.14348149957901], [-60.86080181146395, -35.13295961535763], [-60.84499330326798, -35.11927255345265], [-60.83834889663899, -35.11352601616874], [-60.77831210606658, -35.06132925913879], [-60.75853505830169, -35.044069191269], [-60.754605927083084, -35.04061184572561], [-60.7860623279289, -35.0161708784309], [-60.786210694120804, -35.01612400613371], [-60.81707407604265, -34.992053297886066], [-60.81949038747351, -34.990147669853776], [-60.81987046515242, -34.98967445765389], [-60.83633046899262, -34.976862943104294], [-60.847942593173116, -34.96781946806483], [-60.84098604973577, -34.961866034376406], [-60.83469564020375, -34.956312997271226], [-60.80763309250595, -34.93275072632321], [-60.802814091927054, -34.928561461724605], [-60.78821998756499, -34.91581975250252], [-60.77976573940736, -34.90856428438405], [-60.76398195415517, -34.894427272569565], [-60.76367685785312, -34.89440709266985], [-60.76124423517747, -34.892250285112596], [-60.74149106674883, -34.87505814489055], [-60.74098231473072, -34.87479890833676], [-60.72425812489815, -34.860208694508884], [-60.73505129850947, -34.85230722748968], [-60.75627000268525, -34.836014695248046], [-60.77371706270949, -34.8226735141206], [-60.78406232091209, -34.81444499830862], [-60.78429319300617, -34.8143958119853], [-60.786774944325046, -34.81233473050273], [-60.7868748420035, -34.812196951948465], [-60.81567455389436, -34.78891194584457], [-60.80878210484236, -34.78295051755409], [-60.80871155524639, -34.78283015034175], [-60.786471234006115, -34.763628147304004], [-60.78639189936872, -34.76317457437835], [-60.78597322250731, -34.763213051193034], [-60.76669429656613, -34.746469670376825], [-60.768845170231934, -34.744727029417405], [-60.76457820207832, -34.74102145987674], [-60.7954691416583, -34.71673428696128], [-60.78801911678776, -34.710279405536404], [-60.78788765465636, -34.710223017054005], [-60.77595807341508, -34.69967653855102], [-60.76618984622153, -34.69100939869826], [-60.74251449036486, -34.67016821226205], [-60.715848283474784, -34.64659860210428], [-60.71490551793112, -34.64672042657139], [-60.71428640873977, -34.64687907837011], [-60.71403611266631, -34.64712597409564], [-60.71378610009964, -34.64743055523858]]]]}}, {"type": "Feature", "properties": {"PARTIDO": "Chacabuco", "CABECERA": "CHACABUCO", "FNA": "Partido de CHACABUCO", "GNA": "Partido", "NAM": "CHACABUCO", "CDE": "0210", "CCA": "026", "ARA": 2291.79986786, "ARL": 2287.38, "SDP": null, "SAG": "Dirección Provincial de Estadística - Ministerio de Economía - PBA", "COD_PART": "210", "partido": "Chacabuco"}, "geometry": {"type": "MultiPolygon", "coordinates": [[[[-60.522497498866656, -34.434490898388425], [-60.51661840253258, -34.43901656229341], [-60.48947191369955, -34.4149737804858], [-60.45320016690485, -34.443037790569484], [-60.44663468960787, -34.44803139718043], [-60.42264628637555, -34.46613963528975], [-60.42226110085504, -34.46640574598687], [-60.403678219607016, -34.480444385948495], [-60.39498085772651, -34.47330478388575], [-60.383502698594576, -34.46396628794717], [-60.37315889619449, -34.455182874746775], [-60.3663710759471, -34.46055247556189], [-60.36609625398629, -34.4609221957181], [-60.34707586390339, -34.475720692754585], [-60.346064303134334, -34.476507280829495], [-60.34511644312101, -34.477232909943815], [-60.34306474522642, -34.478803510186914], [-60.33411039432889, -34.48569522920367], [-60.31932555532645, -34.497242074682376], [-60.29723916426054, -34.477863139913524], [-60.28177091909516, -34.464191885858504], [-60.270090223954305, -34.453736663279976], [-60.25728879368558, -34.44248025644423], [-60.24561951317392, -34.43248868446502], [-60.21020921802348, -34.45864796399113], [-60.20815117537848, -34.456647983155705], [-60.19554188279501, -34.44527972748981], [-60.18101445091124, -34.432849484145514], [-60.16740933120184, -34.42104797507595], [-60.154160147151885, -34.40963579401977], [-60.142638731569534, -34.418815764004165], [-60.10318409751458, -34.453747978282166], [-60.08297241833562, -34.46968078607338], [-60.09759055217454, -34.482864668765295], [-60.08125221599208, -34.49530529863209], [-60.058902056575505, -34.51229994507566], [-60.05878117602578, -34.512493196955866], [-60.05763456577742, -34.51335090039927], [-60.0555984446861, -34.51478483538163], [-60.04916996788044, -34.5196818262075], [-60.016657354131034, -34.544377502640835], [-60.0138559479909, -34.54640995193644], [-59.973901174933694, -34.510258297584436], [-59.932879172427064, -34.54169631573167], [-59.93040598827237, -34.54357319297929], [-59.90905101002245, -34.56121609478598], [-59.932825672921375, -34.58160129136693], [-59.915633398462944, -34.59513427122808], [-59.90658056034125, -34.6022638108898], [-59.90340927394719, -34.604791164338124], [-59.90233462761086, -34.60558815771268], [-59.901205304965316, -34.60642567382196], [-59.900023944557276, -34.60730175265507], [-59.898109081949364, -34.60872182869945], [-59.89805103054647, -34.60867733555797], [-59.89776355208093, -34.60844272033502], [-59.89774648349639, -34.608427128228385], [-59.89744371431671, -34.60809178862488], [-59.897250819436636, -34.60777915258194], [-59.897165838075814, -34.60742836898472], [-59.89713623665264, -34.60733026903098], [-59.897078114192254, -34.60748328833946], [-59.89691363752525, -34.609678299932725], [-59.891222041776494, -34.60967447784647], [-59.89098147279229, -34.609675236682364], [-59.89078669708182, -34.6097197829659], [-59.89069286586123, -34.609779325641284], [-59.8906494437755, -34.60984378391845], [-59.89062060747336, -34.60988658822597], [-59.89059162002571, -34.609993890477526], [-59.890557287066336, -34.610051995402294], [-59.89052295514814, -34.61011010121917], [-59.89047554386697, -34.61017586564446], [-59.89044348119016, -34.61022033918378], [-59.890371280880466, -34.61028288209222], [-59.89025943434568, -34.61033048307981], [-59.890210389692086, -34.61033810841362], [-59.89021284724834, -34.610581579838836], [-59.8902176226487, -34.61105458716405], [-59.89546916871404, -34.61104568335671], [-59.89461306448993, -34.61175700921675], [-59.892818563974735, -34.61315978914987], [-59.884335817101594, -34.619818874785985], [-59.895689677144624, -34.629639535639434], [-59.89583370086386, -34.629836426385644], [-59.90691608574365, -34.6394029390403], [-59.939220393285225, -34.66713259965597], [-59.9443529368086, -34.671500913808465], [-59.94438365300939, -34.67161540969961], [-59.94420650344733, -34.67174889123734], [-59.96840072757097, -34.691784963981654], [-59.970164677471324, -34.68994673431464], [-59.97130854356416, -34.688725870280294], [-59.972533359384435, -34.68709478631711], [-59.97305330566921, -34.68642709152568], [-59.9733883282171, -34.686150500936996], [-59.974116182979145, -34.68537790492724], [-59.9745320859889, -34.684958226249165], [-59.97483241079365, -34.684815186582355], [-59.97517903522545, -34.68431916903106], [-59.97556750166614, -34.68385681194749], [-59.977352118671455, -34.68135469970835], [-59.9791716851161, -34.67880780029532], [-59.97932763199644, -34.678636104207854], [-59.982307338330486, -34.67757761405025], [-59.9849924235951, -34.676905392806134], [-59.98989476136263, -34.67564659522459], [-59.990899493872256, -34.675102884820795], [-59.99155783654404, -34.67398673157786], [-59.99188712458657, -34.67216935073396], [-59.992320519859206, -34.66821974449799], [-59.990952584208486, -34.66475656420081], [-59.99064089227292, -34.66419843989387], [-59.991818758503705, -34.66282473738501], [-59.99287535574156, -34.66140808447533], [-59.99306598932841, -34.6599055152228], [-59.993481716098984, -34.65890381778794], [-59.99375895038981, -34.6570434937711], [-59.994261316672706, -34.65498283460092], [-59.99715342094912, -34.65329432004856], [-59.99862543787344, -34.650475214379966], [-60.00033977452678, -34.646225057040155], [-60.000409034947005, -34.64566695344552], [-60.00730022841935, -34.64042915456739], [-60.00998216774417, -34.64264122265091], [-60.017813061544736, -34.649632131861445], [-60.01808725125521, -34.650129360240825], [-60.018329668972456, -34.650062542103484], [-60.06380936417094, -34.690476299729504], [-60.06706443045132, -34.687948798295515], [-60.10685902666469, -34.65724087678331], [-60.113126099753806, -34.66284856488041], [-60.13025998382716, -34.677189419442016], [-60.14029430781903, -34.68547821618473], [-60.16013156352518, -34.70217491068553], [-60.163392690857954, -34.704943733769824], [-60.18069045956014, -34.718523467384905], [-60.19178510192474, -34.72838796364489], [-60.174386658991, -34.742573947972986], [-60.19102660175136, -34.75638337433931], [-60.17402059985378, -34.770072952123904], [-60.200060434017196, -34.792501782571456], [-60.205411035286176, -34.79717008688626], [-60.20561630269248, -34.7973485659117], [-60.20606291438598, -34.79773688863764], [-60.20619096591841, -34.79784797084562], [-60.206827603390145, -34.797331082254196], [-60.207015472784455, -34.79730691330789], [-60.207196291518756, -34.797354305613545], [-60.207698496275256, -34.797800917497234], [-60.208420156029646, -34.79844268039579], [-60.208297935105854, -34.798538956642126], [-60.2080705130692, -34.79898892182402], [-60.21158316016597, -34.8001983944375], [-60.211791456315126, -34.80034035862365], [-60.21128676341096, -34.80131244660547], [-60.21102207634817, -34.801822249812346], [-60.211117359554095, -34.802093440746155], [-60.21190379243062, -34.80279084842322], [-60.21407937947117, -34.80466737852759], [-60.2144221094538, -34.804867564285445], [-60.239770172041446, -34.8268172549275], [-60.27477602950417, -34.799244421095494], [-60.291398647680936, -34.78627913432615], [-60.30935713371678, -34.7720630127463], [-60.320536294529994, -34.76336961024561], [-60.320636844605986, -34.763214321290455], [-60.322642836326246, -34.76255314842705], [-60.323003757274314, -34.762468717030806], [-60.341842195652134, -34.77894526960365], [-60.36155722456212, -34.79620056605459], [-60.37192275475372, -34.78804757364169], [-60.391862404203366, -34.804811017898], [-60.401777162256444, -34.813138008007286], [-60.422915188969164, -34.83101727395207], [-60.45000980560226, -34.85376790155499], [-60.46039239168193, -34.862501729737815], [-60.46107284106466, -34.8620698620315], [-60.46125594167113, -34.86169711647909], [-60.46149728128063, -34.8613909284967], [-60.46198256664681, -34.86124598961672], [-60.46243441254836, -34.86133013000101], [-60.46302478006685, -34.861349347586646], [-60.46343779463358, -34.86111960992231], [-60.4640641829727, -34.860951870426234], [-60.46457369040678, -34.860684022896535], [-60.46539176821807, -34.860350561114046], [-60.465881214917346, -34.859919397328916], [-60.46600616772017, -34.85898879090748], [-60.46656867565485, -34.85868851698255], [-60.466999432250695, -34.85811447658479], [-60.467647511930124, -34.857599223661076], [-60.46793494500849, -34.85726422632397], [-60.46825225345325, -34.85709605868961], [-60.46865831914931, -34.85727336538953], [-60.46894879218791, -34.85747496559169], [-60.46994621069906, -34.85733994364409], [-60.470986209049755, -34.85706165142337], [-60.47183977547484, -34.85707026819586], [-60.47199079594419, -34.8568862385722], [-60.4724287945138, -34.85635249816278], [-60.47283268197776, -34.85614820862023], [-60.47362734992186, -34.855978170121425], [-60.47417623324282, -34.85583293497536], [-60.474405290974765, -34.855414676365875], [-60.474446565441596, -34.855044849095584], [-60.47428429460541, -34.8544969448648], [-60.474846330529736, -34.85412508544642], [-60.47510623021636, -34.85404059770344], [-60.475367776609694, -34.85424229566074], [-60.47567189687497, -34.854300730199995], [-60.47617736714612, -34.854155655831406], [-60.47662394275999, -34.85383193931106], [-60.476852158087304, -34.85327058207842], [-60.476919595835454, -34.85254334125569], [-60.477004188673774, -34.852041740424866], [-60.47756784817985, -34.85195605479925], [-60.477840618622615, -34.85159724156444], [-60.47820024581574, -34.85125001168415], [-60.47867510588419, -34.85081885361682], [-60.47893291943579, -34.85037662401283], [-60.478958324813924, -34.84976836285897], [-60.47883915204987, -34.84917259547751], [-60.478851476151405, -34.84880288040334], [-60.47918271026099, -34.84855115664122], [-60.479876455723215, -34.84845302414933], [-60.48042562442762, -34.84836738251597], [-60.48080066205868, -34.84818702955005], [-60.48150685237974, -34.84774302111614], [-60.48177882746297, -34.84725303017803], [-60.48221220147236, -34.84715591546039], [-60.482833818815266, -34.847093825741375], [-60.48354152330557, -34.846912143294155], [-60.48387322514788, -34.84674387769547], [-60.48414567068725, -34.846337353275025], [-60.48460656796526, -34.84600162487543], [-60.48479201358951, -34.845559671007564], [-60.48476014919223, -34.84505895941584], [-60.484931967617555, -34.84476015608394], [-60.485177013828775, -34.8446160823857], [-60.48555105869665, -34.84470771835559], [-60.48579896112976, -34.844613599949305], [-60.48605811847674, -34.84440984443176], [-60.48638959466947, -34.84420579829323], [-60.486780397851675, -34.844251934058775], [-60.4872155069138, -34.84445291214674], [-60.4877100906999, -34.844927919494296], [-60.488290619945914, -34.84525948241644], [-60.48915923414414, -34.84538716508683], [-60.489969430313444, -34.84541967774897], [-60.49101013037205, -34.845296233735354], [-60.49186095174654, -34.844863505931336], [-60.492320955976105, -34.84438465645365], [-60.492721536239074, -34.843643701242605], [-60.49297882575765, -34.84312989474835], [-60.492947978271246, -34.84280805224431], [-60.49246883510262, -34.84249995010295], [-60.492552916400086, -34.84204647015263], [-60.492231598079385, -34.84152308215463], [-60.49217019554017, -34.84092709450279], [-60.492080222961704, -34.84039084514655], [-60.49225186333493, -34.84006818299777], [-60.49267015579835, -34.83987569384725], [-60.492929494578334, -34.83970769662071], [-60.493179992972216, -34.83923594632437], [-60.49342160328323, -34.839006012009946], [-60.49366275773047, -34.838699759690414], [-60.494020751775935, -34.83858382906188], [-60.49492220304626, -34.8384084488376], [-60.4954194933233, -34.83836826484299], [-60.496033057833735, -34.838423003041555], [-60.497192315530484, -34.838790322253345], [-60.4977016946037, -34.83883593833819], [-60.49802503019235, -34.83872967721789], [-60.4983248217297, -34.83855673360933], [-60.49864804035686, -34.838431391476526], [-60.49901897751412, -34.83854434756807], [-60.49968090119162, -34.83894230151058], [-60.4999354475625, -34.8389412556221], [-60.50027081220297, -34.83891125754864], [-60.50060663970297, -34.83895757508721], [-60.50089699370174, -34.839137635995606], [-60.50121054885327, -34.839327140070765], [-60.50165068497815, -34.839401643274755], [-60.50211291911699, -34.839304338780394], [-60.50256265456185, -34.839054447311575], [-60.50296662784213, -34.83889060130518], [-60.50359066679686, -34.83876400186964], [-60.503821025443095, -34.83859133219253], [-60.5040277783286, -34.83834244055647], [-60.504293136192295, -34.838217324093264], [-60.50469762590538, -34.83813932810825], [-60.505229794555945, -34.83812757951717], [-60.50580929459371, -34.838287347585315], [-60.50630827215699, -34.83852376648196], [-60.50692077912083, -34.8388765725166], [-60.50764728804342, -34.83942207946826], [-60.508432904225614, -34.84017005683642], [-60.509057311927585, -34.84057288547093], [-60.50962254869326, -34.84076131416821], [-60.51025973708406, -34.84088981476851], [-60.51073768407555, -34.840995131648775], [-60.51114331730952, -34.84110075053753], [-60.51163477037772, -34.841050985298175], [-60.512111538295194, -34.840965506258854], [-60.51253134039607, -34.84102336176794], [-60.51295114306637, -34.84108121582248], [-60.51332666786071, -34.84099615802406], [-60.513745728908695, -34.840934765194916], [-60.51420906913791, -34.8410162810109], [-60.51486117482127, -34.84121624257208], [-60.515642337643406, -34.841236782717296], [-60.51609121832799, -34.841318352638254], [-60.516685699985885, -34.841554323384166], [-60.51780108926114, -34.84182384848431], [-60.51833615690408, -34.841809645028206], [-60.51881314747929, -34.84175991241837], [-60.51916086605369, -34.841853826955884], [-60.519481006649826, -34.84216250271431], [-60.51987249206164, -34.842315850975375], [-60.52024861531104, -34.84232616739352], [-60.52044975206352, -34.842110662530835], [-60.52083763337771, -34.841691637064905], [-60.521169687087585, -34.841594817574666], [-60.521719141373254, -34.84156861216149], [-60.52205134410545, -34.84149563871059], [-60.52252727542408, -34.84127894983102], [-60.522902413821676, -34.8411342414699], [-60.52332176991794, -34.841120513471594], [-60.523814424920346, -34.841261489219974], [-60.52436500926093, -34.84141413869075], [-60.525013996538, -34.84140588853933], [-60.52527626025811, -34.84134501820592], [-60.525808142108964, -34.8412854816895], [-60.52620075294457, -34.84115976655279], [-60.526560168772214, -34.841272689117645], [-60.527082423896694, -34.84151846100315], [-60.52740621795451, -34.841488438257734], [-60.52779870437252, -34.84134363961526], [-60.52819076391395, -34.8411320627149], [-60.52842016262201, -34.84081625373837], [-60.52878639143212, -34.840185037808254], [-60.52887578197063, -34.83968858062159], [-60.528746190208636, -34.83932663312662], [-60.52873175342161, -34.838878326309754], [-60.52891455749843, -34.83851502067718], [-60.529270851404824, -34.838141419668986], [-60.52933819573775, -34.83781677440026], [-60.52916287477035, -34.83754088310902], [-60.52911531330909, -34.83734075514377], [-60.529181680928176, -34.836863477476875], [-60.52932251356412, -34.83631010273198], [-60.5292560763184, -34.83583285831337], [-60.52947144416373, -34.835135517292], [-60.529504015468284, -34.834801483672585], [-60.52930525568072, -34.83447799624804], [-60.528922116292264, -34.83426978740199], [-60.528515535702766, -34.83401398007427], [-60.52838613756972, -34.83368065025366], [-60.52838272467263, -34.833146437228876], [-60.528274822413096, -34.832555439371035], [-60.528040634297106, -34.83211762639189], [-60.527551013105985, -34.83153782350192], [-60.52740981078121, -34.831166383996774], [-60.52740591791035, -34.83055585524538], [-60.52733327934199, -34.83005056127975], [-60.527398054527715, -34.82966324385094], [-60.52768784053845, -34.82940985793578], [-60.52810298115606, -34.829198181052114], [-60.52893404895269, -34.8288988372125], [-60.529533917304065, -34.828629113561334], [-60.5300193784306, -34.82856022147811], [-60.53061270221218, -34.82844959208505], [-60.53086255204826, -34.82834666966722], [-60.530987787613924, -34.82803130987684], [-60.530855378595454, -34.82761499950929], [-60.53082117364334, -34.827307012999064], [-60.531039017674765, -34.82700078938203], [-60.53146533798344, -34.82673181361695], [-60.53208899448069, -34.826566911238594], [-60.53248066522896, -34.826307623829564], [-60.53266379533033, -34.82600154832091], [-60.53278625494297, -34.825256909041656], [-60.532922433107, -34.824846100912424], [-60.53324431509866, -34.82452987805971], [-60.53378709666016, -34.82438440039592], [-60.534464994766125, -34.82430072325569], [-60.53490859402985, -34.82428407738877], [-60.53525446567716, -34.82410129997344], [-60.5355173836785, -34.82361361370315], [-60.53573588013556, -34.823412316552776], [-60.53605879646749, -34.823258257247616], [-60.53715590057351, -34.82296722440356], [-60.5383401457022, -34.822740874224216], [-60.53903843536108, -34.822491449047746], [-60.53949410554153, -34.822164678993], [-60.53985620869052, -34.82194405527144], [-60.540468992240896, -34.82189363557441], [-60.541383099626486, -34.821927730331396], [-60.54183318184648, -34.82176355035716], [-60.542256894851775, -34.82153068000062], [-60.542502238294645, -34.821474375807774], [-60.542792308486526, -34.82160663919809], [-60.54307231377637, -34.821967901331725], [-60.5435131891915, -34.82217261187715], [-60.54401068773571, -34.82217358479162], [-60.544531115571615, -34.82215217686275], [-60.545061525126535, -34.822385668208504], [-60.54550620846288, -34.82254482223269], [-60.54595647899519, -34.82252738059715], [-60.54640630316791, -34.82232502613092], [-60.54691245234605, -34.82189346146956], [-60.54745296142389, -34.821552234804585], [-60.54746932682106, -34.82154765418913], [-60.54778800589983, -34.82134575486123], [-60.54825084128223, -34.82136274910758], [-60.54857650869773, -34.821628395322534], [-60.5492661628901, -34.82270327971739], [-60.549732745646395, -34.82328309966552], [-60.550142637201624, -34.8240348898534], [-60.55060809092472, -34.82444299471882], [-60.55128470070293, -34.825288971694754], [-60.55199494852128, -34.82597261498564], [-60.55243970585638, -34.82674331855995], [-60.55298705924478, -34.827284598999356], [-60.55355710944597, -34.82775899562865], [-60.55414902579076, -34.82804249450891], [-60.554636892101364, -34.82833600433666], [-60.55504570149992, -34.828916065509915], [-60.55544057706046, -34.829143218284116], [-60.55608995055103, -34.829282011276156], [-60.55688918179988, -34.82950864710116], [-60.55741569974893, -34.82983542211517], [-60.55773673123521, -34.82995313304005], [-60.55819935882461, -34.82993193231958], [-60.55854475172485, -34.82968231233003], [-60.55868132289963, -34.82934779365062], [-60.55868973428118, -34.82888030660035], [-60.55871061702746, -34.82854631817381], [-60.55890522266352, -34.8282401519172], [-60.559203621889125, -34.82788580923321], [-60.55958209573663, -34.82739754067641], [-60.559904401150476, -34.82715756334082], [-60.560469642373484, -34.82691646622742], [-60.56084875105745, -34.8265235880298], [-60.561042114895194, -34.82603616809945], [-60.56129474207104, -34.82575834965374], [-60.56198657288847, -34.82542126416049], [-60.562215928578276, -34.82512447148075], [-60.562364500370904, -34.82485667106397], [-60.56271102745272, -34.8247787504734], [-60.563266624799255, -34.824823878569106], [-60.563892737047524, -34.82503085255146], [-60.56457597776099, -34.825132621502526], [-60.56522347158884, -34.82508191692335], [-60.56584815624511, -34.82507901315506], [-60.56633434682914, -34.82512444910506], [-60.56680982081723, -34.82529395132577], [-60.567098569333076, -34.825225826874906], [-60.56725882403925, -34.82497704591251], [-60.5670252372108, -34.82465378257878], [-60.56681472231087, -34.8243208718303], [-60.56681184672053, -34.823901134823494], [-60.56698281865878, -34.82352828682999], [-60.56731704744897, -34.823345472853404], [-60.56780290232018, -34.82334320638457], [-60.56839411380528, -34.8235217017605], [-60.568905008153386, -34.82379596707253], [-60.56931002004733, -34.823813152373646], [-60.56973659190232, -34.82360128038021], [-60.5701168901303, -34.82338962373842], [-60.570555683102185, -34.823273089750785], [-60.57121604412195, -34.823413088376334], [-60.571586285843445, -34.82342088899334], [-60.57226642096085, -34.823074259810255], [-60.57282036032875, -34.82288085769402], [-60.57297993266175, -34.82253667428757], [-60.57285063880585, -34.822241550149414], [-60.5725946945047, -34.82203287975511], [-60.572016173434676, -34.82201652211505], [-60.571645148192594, -34.821894248491226], [-60.57134300339099, -34.82169533284671], [-60.57102948912325, -34.82152508816619], [-60.57003400938571, -34.82143435892911], [-60.56958265254845, -34.82121258622115], [-60.56936214950708, -34.8206889300921], [-60.5695218810493, -34.82016866197494], [-60.57000674745866, -34.81980348276113], [-60.57114796585569, -34.81964310918648], [-60.57211723295553, -34.81971010450228], [-60.573421381385145, -34.82010940519703], [-60.5744646920739, -34.82042645093184], [-60.57472280803551, -34.820115189297226], [-60.57480608520265, -34.81961395778182], [-60.575194083240895, -34.81926630782512], [-60.57604750937862, -34.81930996851735], [-60.57711740925567, -34.81929297390272], [-60.578141015663675, -34.81885882449115], [-60.579339288503576, -34.8185907812852], [-60.580058984147165, -34.818122287920566], [-60.58085528550919, -34.817841818736234], [-60.581723745969896, -34.817968841519615], [-60.582591957162194, -34.81806008474989], [-60.58329969121299, -34.8179493721724], [-60.58412402132177, -34.817969266663575], [-60.58656260224704, -34.81725397741312], [-60.587268631385975, -34.81690475467333], [-60.58763583882351, -34.81567473584358], [-60.587623899316974, -34.815022060566115], [-60.587845603005256, -34.81467204642313], [-60.588406513797764, -34.81425196989102], [-60.588837717467406, -34.81389214215879], [-60.58886408951059, -34.81353427361987], [-60.58884530498651, -34.8129262035668], [-60.58917308727397, -34.81225683225928], [-60.58958735755194, -34.81155126644604], [-60.590019222105276, -34.81128682947624], [-60.589959607007934, -34.811036699342814], [-60.58963949697968, -34.81075205804927], [-60.58937628720469, -34.810335967522214], [-60.5892694817398, -34.809549452498516], [-60.58940471654325, -34.808237077468185], [-60.58929986608598, -34.807724822073794], [-60.58887594343149, -34.807071013565384], [-60.58893122605653, -34.806713003820754], [-60.5899385433079, -34.80605226395959], [-60.59039364396084, -34.80551845166719], [-60.59111523879629, -34.80481830696417], [-60.59179137796015, -34.80434995567758], [-60.59242011438254, -34.80433324583626], [-60.59264329159697, -34.804202713373044], [-60.59296827793375, -34.80315175339107], [-60.59342319015318, -34.80207630889987], [-60.593894681246645, -34.80177730995722], [-60.59445718674477, -34.801117283743864], [-60.594916694789084, -34.8006857476299], [-60.59573545006395, -34.79995433305957], [-60.596384158157676, -34.79970073634337], [-60.596815853456896, -34.799424351440486], [-60.5970002536907, -34.79893453248267], [-60.59679529663804, -34.798577795190134], [-60.596387243116595, -34.79823513849133], [-60.59640070293743, -34.79798349192666], [-60.5967605881816, -34.79742639556873], [-60.596842291022305, -34.797075047058456], [-60.59672364104091, -34.79665826246336], [-60.596230790394024, -34.796469881986496], [-60.59547516806403, -34.79638057975405], [-60.59504315084243, -34.79615372623987], [-60.59478910716186, -34.794998266856346], [-60.59484255849495, -34.79438984306803], [-60.595358818468625, -34.793814930871854], [-60.59574506617412, -34.793252577490414], [-60.59612054337942, -34.7932030398399], [-60.59670044561051, -34.793438693447335], [-60.597538730965226, -34.793422656242456], [-60.598388971058746, -34.79306073627651], [-60.59915803178262, -34.793002715784034], [-60.59957208999796, -34.79275679484833], [-60.599683150291405, -34.79212423594532], [-60.599445203388356, -34.791610803209196], [-60.59889468000255, -34.79103104036573], [-60.59851628511785, -34.79067515871321], [-60.5984993327486, -34.79032942460748], [-60.59894603094725, -34.79013643034731], [-60.599538475806696, -34.790109664436535], [-60.60015274387457, -34.79027692557117], [-60.600649872784345, -34.790284992658535], [-60.600883050761645, -34.7901507333256], [-60.60132723217795, -34.78961192533729], [-60.601280667459356, -34.7891709394273], [-60.6005858958211, -34.788567769665015], [-60.60028875098754, -34.78819045922282], [-60.600431365055854, -34.78766068682361], [-60.60102936253967, -34.78705087860464], [-60.60116175223261, -34.78672695027552], [-60.60141923104488, -34.78635601066698], [-60.60187940130742, -34.786031767702745], [-60.602643694348984, -34.78578949073818], [-60.60335121263515, -34.785690588207075], [-60.603869184770026, -34.78536605122551], [-60.604416319724194, -34.78507714101447], [-60.604642697601484, -34.78440822972117], [-60.60472816884831, -34.78348005938586], [-60.605208453001964, -34.7827121016156], [-60.60520470807904, -34.782199354528366], [-60.60537361000288, -34.781578426665185], [-60.60558490877002, -34.78082611523191], [-60.60601394774746, -34.78020389198867], [-60.60670373087911, -34.77966384107081], [-60.60674368324269, -34.77919857624232], [-60.60660863851484, -34.77851953707454], [-60.6067772619922, -34.777862833666354], [-60.6073808343801, -34.77739475793181], [-60.60811595228755, -34.77712874223085], [-60.60936510464584, -34.77601349249165], [-60.610143472221914, -34.77573532349004], [-60.610834515523955, -34.77527754141464], [-60.61109208603773, -34.775027003896504], [-60.61113007771959, -34.774299401422105], [-60.610982136847305, -34.773835077094006], [-60.61028549412885, -34.77343312920203], [-60.60968896278392, -34.77288757792202], [-60.60939450666958, -34.77214971547437], [-60.60943286298421, -34.77146981064464], [-60.60967563223545, -34.77107507750828], [-60.61009400067821, -34.77097758300526], [-60.61048460981435, -34.77103524894478], [-60.6109511630789, -34.77159337347558], [-60.61155985663929, -34.77182881321537], [-60.612094714234246, -34.77184997453876], [-60.612265570113706, -34.77150329720169], [-60.61188738491194, -34.77117130398466], [-60.61182641456428, -34.77074231804555], [-60.61245854328067, -34.770238298778], [-60.612686756093844, -34.76983170826703], [-60.61353695378874, -34.76950545681108], [-60.613963578292946, -34.768573172714575], [-60.61424905024583, -34.768094741875764], [-60.614157667664976, -34.76746318827554], [-60.61438648319526, -34.7671400646678], [-60.61483222353142, -34.76683969462465], [-60.61538079236807, -34.766765374616725], [-60.61611756230963, -34.7667377992933], [-60.616592992706664, -34.76654459594272], [-60.616806814295025, -34.76614999422636], [-60.61729482391758, -34.76570630383386], [-60.61779932237709, -34.76553679854823], [-60.617898870685764, -34.76532164665561], [-60.617704895660594, -34.764499820443426], [-60.617760739718605, -34.764237190962874], [-60.618061157576534, -34.7638302238478], [-60.61875028169548, -34.763230483735754], [-60.619369643444294, -34.76296498943727], [-60.61993272052447, -34.76290249985493], [-60.62029332827476, -34.76281719005718], [-60.62076738629404, -34.76244510542176], [-60.621300130218394, -34.76219196752661], [-60.622107762029216, -34.76198512163637], [-60.62251045694692, -34.76173264284559], [-60.622969155293525, -34.761241380160804], [-60.62315295938271, -34.76070382439548], [-60.623453338032526, -34.76029684325738], [-60.624087560899746, -34.7600908729636], [-60.62444842026067, -34.76004132349233], [-60.62495538536415, -34.760205669973075], [-60.62541855589568, -34.76031061526624], [-60.62648758841938, -34.76028126952945], [-60.62680483094243, -34.7601961636201], [-60.62701975976474, -34.75995656100686], [-60.62745846881024, -34.75873797158595], [-60.627807770465274, -34.75831577970397], [-60.62800733937739, -34.757957006460494], [-60.628105589135245, -34.75757490629604], [-60.62816040246467, -34.757181105488094], [-60.62849090479178, -34.75694090397131], [-60.62892200062034, -34.7566286333887], [-60.629135014812185, -34.75613861610289], [-60.6289577491233, -34.75562676561613], [-60.62854977228129, -34.755175729044645], [-60.62843012319317, -34.754639731004914], [-60.628326911406624, -34.75436599258105], [-60.627950457023665, -34.75426061184694], [-60.627457158438176, -34.75398888359304], [-60.62723737821707, -34.75358457199913], [-60.62729282344035, -34.753274241405734], [-60.62747631306317, -34.75270090548478], [-60.62735766666406, -34.75229607375261], [-60.626850566435586, -34.752107888241476], [-60.62642916082632, -34.751788086090876], [-60.62623873465624, -34.75144324648425], [-60.626306649917886, -34.7508705055145], [-60.62627406534817, -34.750381756529656], [-60.626312726003974, -34.74976146733906], [-60.62603400419822, -34.74920243325552], [-60.6260310349966, -34.74880892987022], [-60.62547873055606, -34.74837054961836], [-60.625418246826186, -34.74801311546941], [-60.62567370041734, -34.74740363733478], [-60.62614584835833, -34.746793044705214], [-60.62663606196278, -34.746190584366914], [-60.627078288644974, -34.74591773516673], [-60.62732072018341, -34.745499118522076], [-60.62715928829767, -34.74516605434004], [-60.62678107586926, -34.74482218201997], [-60.626013992846346, -34.74463532934892], [-60.625259472942886, -34.74453880897458], [-60.62485534364007, -34.74424776052395], [-60.624635332213785, -34.743807670599985], [-60.62464600807863, -34.74330677311037], [-60.624888444536225, -34.74288816017772], [-60.62539180045716, -34.74258745559634], [-60.62596989956681, -34.74262026059639], [-60.62654736779466, -34.74256959170263], [-60.627209437618795, -34.7422442137349], [-60.627886669351184, -34.742014152163065], [-60.628506025509665, -34.74177246085938], [-60.62920978977194, -34.741232210373525], [-60.62972666022144, -34.74081216975138], [-60.62995434715435, -34.740357849036336], [-60.63026797848855, -34.73980768409573], [-60.6311051082844, -34.7391703787803], [-60.63166081641792, -34.738703383735924], [-60.632219696855046, -34.738021341816406], [-60.63293669413713, -34.7374208026932], [-60.63375713445277, -34.73703494194729], [-60.634636895895, -34.73685148855001], [-60.63527209819825, -34.73680047765906], [-60.63595090715737, -34.736785010665514], [-60.63639649825533, -34.73649648788508], [-60.63655209708878, -34.73606638073847], [-60.63698332944329, -34.7357898546096], [-60.63724996840611, -34.73549258606851], [-60.637323496739086, -34.73494141163314], [-60.637753438142404, -34.7344979424575], [-60.63829846956769, -34.733994244487874], [-60.63903365486367, -34.733799592355545], [-60.639607496974776, -34.733575029053334], [-60.639772427854076, -34.73295986831709], [-60.64035101993165, -34.732302069373375], [-60.64078222006136, -34.73202552997772], [-60.64141148398577, -34.7312113291291], [-60.64217460279963, -34.73089726258194], [-60.64231584853343, -34.7305209066616], [-60.64205204481608, -34.72999162135995], [-60.64187568113673, -34.72959903046993], [-60.642189931303356, -34.72914423044142], [-60.642708137750525, -34.72891492507024], [-60.64330022061479, -34.72889987502385], [-60.64429773269614, -34.72901385151176], [-60.64497610499557, -34.72895063731073], [-60.645755208934695, -34.72883918581216], [-60.646949222880785, -34.728627690839296], [-60.64767197771304, -34.72829239240178], [-60.648159974348175, -34.72789627650751], [-60.6488175553839, -34.727022262534845], [-60.64916176169632, -34.72671038286793], [-60.649679840030096, -34.72646912395824], [-60.649836471633314, -34.72618209286193], [-60.65039273664614, -34.72528476050687], [-60.65099063400095, -34.724172556296374], [-60.65101475213302, -34.7235642601318], [-60.650800903719784, -34.72286434031162], [-60.65096301243307, -34.72249130067773], [-60.65152354307827, -34.72214248321873], [-60.65194463199574, -34.72155045708352], [-60.652730213144466, -34.72131320959951], [-60.65314255849877, -34.7204881852315], [-60.65379028098658, -34.720210438834414], [-60.65391725280832, -34.7198281622978], [-60.65362316398674, -34.7191619485975], [-60.6537777036352, -34.718612576021314], [-60.65394377223359, -34.71769347171139], [-60.65418733533858, -34.71684077300318], [-60.65491337133528, -34.7161141819176], [-60.6550662691521, -34.7155520344233], [-60.6548949132792, -34.714989472116365], [-60.6550041167835, -34.71480195982693], [-60.65558165191368, -34.71467113708473], [-60.655780813570566, -34.71440426077172], [-60.65589182099511, -34.71383127015339], [-60.656263038675455, -34.71329265214097], [-60.65637355535177, -34.71285848274992], [-60.6565552771431, -34.71216048035616], [-60.6566273717315, -34.71188355603195], [-60.6569153292451, -34.711774679796164], [-60.65740368350995, -34.711793812025746], [-60.65788188350922, -34.711650215963594], [-60.65799428849674, -34.71125608879678], [-60.65754192421669, -34.710662287345315], [-60.65722075273059, -34.71022280024922], [-60.65725973307948, -34.709674045966835], [-60.6574293331197, -34.70920806068246], [-60.65771520378804, -34.708836846932925], [-60.658304211045355, -34.708452070402174], [-60.659097542259545, -34.708340457556886], [-60.65968748620511, -34.7080749180542], [-60.66036501128813, -34.70792814982892], [-60.66123319044595, -34.70815001427888], [-60.6619850962906, -34.70827710493083], [-60.662821454492324, -34.70812945912114], [-60.663191675744315, -34.7077772837591], [-60.66340605352427, -34.70719613803485], [-60.6641103464238, -34.706786856435265], [-60.66470054913946, -34.70655706542235], [-60.6650856405096, -34.70595872036438], [-60.66510357217083, -34.70549697300447], [-60.66519638132393, -34.705361872993784], [-60.66594387193018, -34.70494041939235], [-60.666331622947446, -34.70467595270729], [-60.66644369305906, -34.70424604443274], [-60.666557769381754, -34.70406654730506], [-60.666860222024276, -34.70396949306802], [-60.667899821075665, -34.70396379921791], [-60.66892632597073, -34.704125116815185], [-60.670300137917195, -34.70437991415688], [-60.672066993973154, -34.70502604985672], [-60.67393195313449, -34.705301946411815], [-60.67410606640827, -34.707185110765536], [-60.67495256066041, -34.70828943638845], [-60.67549361201638, -34.70912117831112], [-60.67757672956556, -34.70957468056615], [-60.67958269571441, -34.70942041084606], [-60.68196927493135, -34.70989599508484], [-60.68352312671358, -34.709755717347335], [-60.68750415094026, -34.7094052831363], [-60.68690657125916, -34.70723743406295], [-60.685043918411594, -34.69909922210047], [-60.68247685110997, -34.68708603699448], [-60.68172855908339, -34.686511956758636], [-60.68125506042053, -34.68573397648631], [-60.6808271527116, -34.68526043065669], [-60.680928636840896, -34.68422747162531], [-60.68074552464917, -34.683753579686865], [-60.680826003500215, -34.68313972302964], [-60.68080294498729, -34.68230319110249], [-60.68125533517063, -34.68113679324907], [-60.68159770787511, -34.68063880271654], [-60.681293492014255, -34.6801979985785], [-60.68110488729684, -34.67968756558796], [-60.681192723436446, -34.679114240509485], [-60.681208958050306, -34.678294154677864], [-60.68166185225901, -34.67676372429824], [-60.68191726750002, -34.67622567442245], [-60.68179857093715, -34.67583281662399], [-60.68139158703597, -34.67548926947075], [-60.68059547927503, -34.6752194443957], [-60.68043436633322, -34.674934145547546], [-60.680599538751046, -34.674485935213305], [-60.68110533614364, -34.67402410447024], [-60.68168141122639, -34.67386586087591], [-60.68211158498927, -34.67351763158833], [-60.68235235886328, -34.67295581303681], [-60.68254826498877, -34.672203446592526], [-60.68300680330592, -34.67179543158211], [-60.68384304994365, -34.671683418826085], [-60.684734398199105, -34.67165954794856], [-60.68519709522212, -34.67149654410295], [-60.68558505051165, -34.671137012660395], [-60.68624415603441, -34.67054898351365], [-60.68638524049794, -34.67015466632962], [-60.68628066862818, -34.66972595791755], [-60.68574439171077, -34.669454702968714], [-60.6854684160173, -34.66903848055319], [-60.685448662642045, -34.66859777164159], [-60.68516712289635, -34.668157313792385], [-60.68511902086466, -34.66762376832606], [-60.68513818525854, -34.667146663344276], [-60.68478835341993, -34.666728872015035], [-60.68432526254084, -34.66657883299933], [-60.683862015443815, -34.66640971383972], [-60.683628277391044, -34.66606758658969], [-60.683832183480924, -34.665589445559846], [-60.684058393785335, -34.665015780060806], [-60.684122962822556, -34.6644430212639], [-60.68398222100496, -34.66417669239462], [-60.683771579118975, -34.663834435681494], [-60.68369917179289, -34.6634532440271], [-60.683950193052226, -34.66308931756191], [-60.68410853557271, -34.662687751233086], [-60.68389727110006, -34.66226917928691], [-60.68380020654683, -34.66169732607786], [-60.684070235111186, -34.66083721652653], [-60.68415679398564, -34.660130773694455], [-60.68440780346623, -34.65976684713281], [-60.68500390058774, -34.65924834216567], [-60.68516034666004, -34.658617825613526], [-60.68529417301661, -34.65804467646676], [-60.6854520285806, -34.6575858712827], [-60.68580752470468, -34.657354171869066], [-60.68632753182397, -34.657351987690326], [-60.68669900542149, -34.65759793470834], [-60.68714226760093, -34.658148754215965], [-60.68744730506801, -34.65838791878908], [-60.6883878538017, -34.65862062421159], [-60.689397552381024, -34.658627330749134], [-60.69010633654266, -34.65845922544959], [-60.69118124822845, -34.657925585870686], [-60.69186867641224, -34.65728966542707], [-60.69237037882803, -34.656881369158874], [-60.69304742775142, -34.656734423613834], [-60.694057173630554, -34.65668097994668], [-60.69467659473137, -34.65654627816872], [-60.69498704177906, -34.65615005792755], [-60.69537308698994, -34.655645494258735], [-60.69580614695825, -34.65528771905601], [-60.69651054047095, -34.65496172322496], [-60.69708735469732, -34.65455611634348], [-60.69754272859778, -34.65414492681708], [-60.69809067411216, -34.65409409092992], [-60.698540309522635, -34.654365789907466], [-60.69898734503935, -34.65432745282313], [-60.69921622503288, -34.65408764161844], [-60.69951775514608, -34.65390703883921], [-60.69984974841372, -34.65391705850943], [-60.7004145281735, -34.65415231440772], [-60.70084884389773, -34.654108310602744], [-60.70103231438194, -34.65382679003591], [-60.70089893005942, -34.65341018469085], [-60.70085222695744, -34.65300500482589], [-60.70110965721486, -34.65272925166929], [-60.70167081482301, -34.652535224795], [-60.70223247368438, -34.65240081628812], [-60.70313631706004, -34.65177551077711], [-60.70391088481394, -34.651222495340534], [-60.70432601605335, -34.65082657456688], [-60.70459694929953, -34.65044341136508], [-60.70498482911751, -34.65023844568873], [-60.705475430983334, -34.65023560825991], [-60.706428178477324, -34.65027779140413], [-60.7071514271089, -34.650405109634534], [-60.70752613441607, -34.65042645020816], [-60.70804508870361, -34.650363813196186], [-60.70836081228655, -34.65015925579768], [-60.70854504722354, -34.64976466186509], [-60.70875752968825, -34.64929835486518], [-60.70908655965133, -34.64896254312135], [-60.70976331002283, -34.64879165735692], [-60.71039144774201, -34.64869057238225], [-60.71162675114111, -34.6480274984572], [-60.71215695491369, -34.64759510525711], [-60.712617458518515, -34.647449315078376], [-60.71297889586181, -34.64753067748037], [-60.713354661600675, -34.64760002931924], [-60.71378610009964, -34.64743055523858], [-60.71403611266631, -34.64712597409564], [-60.71428640873977, -34.64687907837011], [-60.71490551793112, -34.64672042657139], [-60.715848283474784, -34.64659860210428], [-60.71722691293185, -34.6465159960339], [-60.71790198142225, -34.64615427534559], [-60.71917024329446, -34.64576933472584], [-60.72010266555836, -34.64534232890341], [-60.72115398833154, -34.64510954205325], [-60.72180366052838, -34.645107518255365], [-60.72337440019653, -34.64487163672198], [-60.724597499530475, -34.644482777490424], [-60.7253338669611, -34.644538024492626], [-60.72617036374832, -34.64459133132803], [-60.72702042876382, -34.64434910707128], [-60.72756506055701, -34.64392848602269], [-60.7281993981425, -34.64378591590473], [-60.729467505040255, -34.643678621962], [-60.73013089056407, -34.64363887761943], [-60.7310549258582, -34.6437048910917], [-60.731559284988194, -34.643630317052704], [-60.732080692382105, -34.64385376105181], [-60.73232859464394, -34.64415039591535], [-60.73260545877727, -34.644458781012204], [-60.73357615001073, -34.64490609243232], [-60.73416782117233, -34.64491445736914], [-60.734788244741665, -34.644910720536586], [-60.73545374175077, -34.6451094321464], [-60.73616421526543, -34.645498667244766], [-60.73687268980622, -34.645661337339945], [-60.737391590091235, -34.645598576030764], [-60.737822122746984, -34.645333623841104], [-60.73796397778457, -34.64505849180429], [-60.738251701405886, -34.64496135139759], [-60.73861399859796, -34.64513803140336], [-60.738744239344264, -34.64534645869033], [-60.73873672346042, -34.64596010708349], [-60.738927469692186, -34.64631669908653], [-60.739261022011746, -34.64650547600459], [-60.73985386980622, -34.64664497918942], [-60.74040258478888, -34.6466893486218], [-60.74085167851178, -34.6468893442875], [-60.741304170833295, -34.64747091556303], [-60.741584584190164, -34.64817277996234], [-60.74177502913969, -34.648493593990736], [-60.74210849032155, -34.6486704387698], [-60.74274443312305, -34.64878581596564], [-60.743018797717745, -34.64880799483363], [-60.74324913084313, -34.64874696653556], [-60.7432461509964, -34.648413086731125], [-60.743142488099785, -34.648115595654716], [-60.743038400408786, -34.647770408115534], [-60.743353388027074, -34.64749421490701], [-60.743714429049035, -34.64752778856446], [-60.74417711132326, -34.647632290210474], [-60.7448099550967, -34.6474018528843], [-60.745153580247006, -34.64710163066697], [-60.74519345280823, -34.64671979006144], [-60.745025135808106, -34.64564757687328], [-60.744874666198996, -34.644956850410246], [-60.74501585612163, -34.6446101659346], [-60.745861790331894, -34.64400874880858], [-60.746350960934684, -34.643850732475734], [-60.747129764180556, -34.643810188340495], [-60.74740208145677, -34.64360579635035], [-60.74752377375797, -34.643122291822294], [-60.74854829721358, -34.64270439690386], [-60.749266158361074, -34.642306466545165], [-60.74968209953685, -34.64202963671273], [-60.750173077732725, -34.64207431729942], [-60.75062152442536, -34.64220273178054], [-60.751570754493024, -34.64186298817753], [-60.75229250031161, -34.64167141626727], [-60.752682868147964, -34.64144004874408], [-60.75287641311352, -34.641143116166866], [-60.75316436398772, -34.64107455904772], [-60.75351071572817, -34.641081959105954], [-60.75365946975434, -34.640937941223484], [-60.75358831735095, -34.64072850227262], [-60.753586073630444, -34.640480478128886], [-60.75374585025631, -34.64027915164747], [-60.75394051114792, -34.64010622993523], [-60.753811649612864, -34.63989714784502], [-60.75371715675397, -34.639659233460314], [-60.75396935249768, -34.639466875966185], [-60.75440656474021, -34.63931153383102], [-60.75460044433664, -34.63905275577426], [-60.754743903186366, -34.63859211149043], [-60.75496399218456, -34.63841133002933], [-60.75552694544852, -34.63812164633808], [-60.75606516506366, -34.6376508535254], [-60.756224930347564, -34.637449524753286], [-60.75613060560833, -34.637230691261195], [-60.7558062294369, -34.63709914284317], [-60.75561983292801, -34.63690949924317], [-60.75565264066163, -34.63670895683026], [-60.755893801201616, -34.63657390322735], [-60.75612316010108, -34.63641030257014], [-60.75625793577431, -34.63599924989281], [-60.75642348989337, -34.63569188188358], [-60.756818181010544, -34.63541383812995], [-60.757023671833615, -34.63516452463564], [-60.75710194801481, -34.634887380825276], [-60.75735282202528, -34.634551924869264], [-60.75776082823088, -34.63429259698874], [-60.75805102300572, -34.633908412066056], [-60.75809276196654, -34.63342161586098], [-60.75823671916313, -34.63275292508375], [-60.75838371390241, -34.63241811272655], [-60.75855474375931, -34.63218809103216], [-60.758679349005156, -34.63192973722227], [-60.75903494420246, -34.63168902610883], [-60.75927313062271, -34.63122962642497], [-60.75924813661166, -34.63101990403329], [-60.75911875496289, -34.63075359094177], [-60.75924170506754, -34.6303139876855], [-60.7594193218056, -34.630081836979045], [-60.75535357515459, -34.626543913251766], [-60.70660101856421, -34.584073181235], [-60.7048812666035, -34.5826186120344], [-60.703620810884786, -34.58146116188658], [-60.70366750112531, -34.58117263082061], [-60.70381230297562, -34.58027777887331], [-60.70224786935847, -34.580450937411705], [-60.69693792524113, -34.57580358942222], [-60.68732828898488, -34.56739115025758], [-60.66499621755448, -34.54795282634558], [-60.64751818938969, -34.53267627442649], [-60.657467263486424, -34.52474469989419], [-60.664204152551136, -34.519594713630546], [-60.67693412978667, -34.50972346975159], [-60.638023833134596, -34.47569834988184], [-60.63771838466706, -34.47592891004408], [-60.617223837320594, -34.45764043718911], [-60.61737894017168, -34.45741502473805], [-60.61225979793295, -34.45291432069013], [-60.595912535212385, -34.43850113337399], [-60.59580400777983, -34.43859606645923], [-60.57570065171123, -34.420959979048924], [-60.55894285295809, -34.40623802640983], [-60.5554599939023, -34.40895567838484], [-60.555551382839845, -34.4090440495494], [-60.54185756585063, -34.4196600039553], [-60.53316240369508, -34.42626635388059], [-60.522497498866656, -34.434490898388425]]]]}}, {"type": "Feature", "properties": {"PARTIDO": "Chivilcoy", "CABECERA": "CHIVILCOY", "FNA": "Partido de CHIVILCOY", "GNA": "Partido", "NAM": "CHIVILCOY", "CDE": "0224", "CCA": "028", "ARA": 2058.49087193, "ARL": 2057.09, "SDP": null, "SAG": "Dirección Provincial de Estadística - Ministerio de Economía - PBA", "COD_PART": "224", "partido": "Chivilcoy"}, "geometry": {"type": "MultiPolygon", "coordinates": [[[[-60.00033977452678, -34.646225057040155], [-59.99862543787344, -34.650475214379966], [-59.99715342094912, -34.65329432004856], [-59.994261316672706, -34.65498283460092], [-59.99375895038981, -34.6570434937711], [-59.993481716098984, -34.65890381778794], [-59.99306598932841, -34.6599055152228], [-59.99287535574156, -34.66140808447533], [-59.991818758503705, -34.66282473738501], [-59.99064089227292, -34.66419843989387], [-59.990952584208486, -34.66475656420081], [-59.992320519859206, -34.66821974449799], [-59.99188712458657, -34.67216935073396], [-59.99155783654404, -34.67398673157786], [-59.990899493872256, -34.675102884820795], [-59.98989476136263, -34.67564659522459], [-59.9849924235951, -34.676905392806134], [-59.982307338330486, -34.67757761405025], [-59.97932763199644, -34.678636104207854], [-59.9791716851161, -34.67880780029532], [-59.977352118671455, -34.68135469970835], [-59.97556750166614, -34.68385681194749], [-59.97517903522545, -34.68431916903106], [-59.97483241079365, -34.684815186582355], [-59.9745320859889, -34.684958226249165], [-59.974116182979145, -34.68537790492724], [-59.9733883282171, -34.686150500936996], [-59.97305330566921, -34.68642709152568], [-59.972533359384435, -34.68709478631711], [-59.97130854356416, -34.688725870280294], [-59.970164677471324, -34.68994673431464], [-59.96840072757097, -34.691784963981654], [-59.94420650344733, -34.67174889123734], [-59.93123447821135, -34.68157499601422], [-59.926996619890495, -34.68484524709597], [-59.91786588769688, -34.691765582834705], [-59.91331838256057, -34.69520317920365], [-59.90358614693621, -34.7025583389999], [-59.901466467702015, -34.704133943424495], [-59.8666671435032, -34.730423860046976], [-59.86044557431876, -34.735111887674684], [-59.84983406593264, -34.74310337734575], [-59.84770127658751, -34.744771988603574], [-59.827636731224594, -34.75990754108519], [-59.798854148301686, -34.7816277287737], [-59.79001906484223, -34.78829038377833], [-59.79266556427763, -34.79065248678706], [-59.80070453425602, -34.79782088777235], [-59.804143850959534, -34.80079657747733], [-59.80992997750312, -34.80601456531932], [-59.80690335306536, -34.80812696739183], [-59.80670805794918, -34.809857364647556], [-59.804311720733274, -34.81338255338177], [-59.80241662305095, -34.81746738090148], [-59.80235642172044, -34.817503339479174], [-59.801804036567084, -34.81907164368444], [-59.801374359897146, -34.820486154143374], [-59.80058909931063, -34.82133913153182], [-59.80026961528506, -34.82153305835545], [-59.80006123414261, -34.821596315857036], [-59.79973686200391, -34.82178658073176], [-59.799482329443556, -34.8217988812914], [-59.79928214714651, -34.8220306944282], [-59.79903420505977, -34.8221352198564], [-59.79880285464349, -34.822128477177706], [-59.79863301550928, -34.8221981553829], [-59.79830840628986, -34.82248381563156], [-59.798192132870845, -34.82272530109824], [-59.79830713504274, -34.823005329346685], [-59.79851482413748, -34.82322827160623], [-59.798714276596684, -34.82366743767999], [-59.798767706149704, -34.82389648361825], [-59.79865677044071, -34.824361338097866], [-59.79823839256532, -34.82514291804479], [-59.797589082629734, -34.82573967369597], [-59.797347141652175, -34.82602491882859], [-59.79632925112798, -34.826551146316405], [-59.79534487092042, -34.82696289060196], [-59.794943164489965, -34.82739754427848], [-59.79425892410613, -34.82781103634546], [-59.79324850318524, -34.8286844796078], [-59.79286366801615, -34.8294180920651], [-59.79258736245185, -34.830192477721205], [-59.79264413343036, -34.83077503008358], [-59.792258492064754, -34.831322166823675], [-59.79028458000378, -34.83242395931127], [-59.788728043319296, -34.83387993591789], [-59.7852333617967, -34.83557509836428], [-59.781446967102106, -34.8381441252578], [-59.777052821930006, -34.839601883591406], [-59.77465220459741, -34.84027879683066], [-59.77310799059218, -34.8411180221634], [-59.77181559866367, -34.842067303936346], [-59.76984403682564, -34.84371614567912], [-59.76970461466341, -34.84391939901419], [-59.769570687807075, -34.844058041833925], [-59.769534871940806, -34.844294415873726], [-59.769656611049655, -34.84453622005179], [-59.76981068359771, -34.84461283089722], [-59.77001097202733, -34.844714968364784], [-59.77009510380131, -34.84497588465667], [-59.770070810810914, -34.84538923340091], [-59.76992301662214, -34.84582778798501], [-59.76962861204331, -34.846278784474315], [-59.76934241496, -34.84655171896633], [-59.76899457069773, -34.84679909538778], [-59.768723869759306, -34.84704661750792], [-59.76859211857415, -34.84726260463269], [-59.76856051183279, -34.847529661023536], [-59.768544067868525, -34.84789214448649], [-59.768442727590326, -34.84826718693651], [-59.768349777683554, -34.84840056818739], [-59.7682106470605, -34.848495701354445], [-59.767994476375556, -34.848552528323026], [-59.76779298546448, -34.84861953724184], [-59.76763899389295, -34.848768087384904], [-59.76753838172515, -34.848882373358315], [-59.767576311506915, -34.849111403189106], [-59.767574827226305, -34.84963927291972], [-59.76753568095972, -34.849842715120104], [-59.76738881382241, -34.849944192831515], [-59.76690960127889, -34.85026127149835], [-59.7666853328131, -34.85045163878519], [-59.7664921750086, -34.850553026591875], [-59.766214477545184, -34.85053977343249], [-59.76568215339871, -34.85053874905769], [-59.76540436587248, -34.850557292670516], [-59.7649109797288, -34.850692560943585], [-59.76467145700339, -34.850819296518814], [-59.764362499867126, -34.850945896214874], [-59.76399193231152, -34.851034216495286], [-59.76352894893119, -34.851065116914135], [-59.763097006725936, -34.85103247665193], [-59.76281932540011, -34.851012855471936], [-59.76250279666039, -34.851088556882196], [-59.762201495695805, -34.85123424601845], [-59.761899973819865, -34.85145625304357], [-59.761683094271106, -34.851754744260084], [-59.76158202884424, -34.852021662469774], [-59.76156568170318, -34.85233962546893], [-59.76166434397617, -34.8529058510351], [-59.76174002805596, -34.853414792398375], [-59.76176987152517, -34.853790677111526], [-59.76173024166308, -34.8541334424922], [-59.7616211103208, -34.85452118321833], [-59.761442706178094, -34.854851548012995], [-59.76120265152439, -34.85515635301797], [-59.76097058678469, -34.85536577423147], [-59.760846590295905, -34.85555632756753], [-59.760815249730285, -34.85572162275641], [-59.76096132577056, -34.855899987358], [-59.76102262588345, -34.85604638556254], [-59.76096380610954, -34.85628853440394], [-59.76100611016114, -34.85642158787156], [-59.76132227495816, -34.85647944779601], [-59.76156137882268, -34.856505357079726], [-59.76166911912511, -34.85660096634831], [-59.761708143886494, -34.85685613058111], [-59.76188388576415, -34.85704022018806], [-59.76206892732018, -34.85708510168796], [-59.76237760004546, -34.85706662611004], [-59.76263970536136, -34.857143456048284], [-59.762917571451496, -34.85710583899429], [-59.76311034787575, -34.857144373696386], [-59.76316399146249, -34.857271676813], [-59.763000762930446, -34.85769111197659], [-59.763046254118834, -34.85797103723551], [-59.76295322978903, -34.858123493035464], [-59.76276776437803, -34.85822488974585], [-59.7624821246846, -34.85828157123322], [-59.762235099156925, -34.85832560786685], [-59.762173008125146, -34.85845268507005], [-59.76212611099393, -34.85866247033126], [-59.76194784640412, -34.85894195718212], [-59.76165431220301, -34.8589555468769], [-59.76140337109113, -34.85901865320523], [-59.76122926457983, -34.85919320956236], [-59.76111185170996, -34.85977331937087], [-59.76114014274043, -34.85999597154861], [-59.76092683373464, -34.860385096665524], [-59.76097448187343, -34.86058393673015], [-59.7607990592743, -34.86121163242077], [-59.76059515946138, -34.86168027356023], [-59.760304914754656, -34.86198974689957], [-59.76007256065248, -34.86229138429797], [-59.75986000317262, -34.86241816236618], [-59.75958023038785, -34.86244145974935], [-59.759251631947706, -34.86267135562091], [-59.759087134450674, -34.86285387725925], [-59.758518083398855, -34.863179823766465], [-59.75823656201423, -34.86347227921903], [-59.75795543542852, -34.863956661967364], [-59.75772299725877, -34.86428214384471], [-59.75755888977906, -34.864329516206126], [-59.75648941036956, -34.864211143677416], [-59.756179517164355, -34.864366507434795], [-59.75584181866081, -34.864405578944165], [-59.7556295079449, -34.86444490245291], [-59.755484359947154, -34.8646036078602], [-59.75550308570398, -34.86479444229625], [-59.75563734302409, -34.86505705761634], [-59.75559815044863, -34.86526367542966], [-59.75539531738901, -34.86535866643554], [-59.755192744105024, -34.86536620824428], [-59.75503804206451, -34.86549309514693], [-59.7550277607796, -34.86570772044599], [-59.755113790632485, -34.86597023913937], [-59.75499691439383, -34.866351597188135], [-59.75476474101452, -34.86658167586713], [-59.75469665686443, -34.86677233526093], [-59.75476356096298, -34.866979166720476], [-59.755013352419056, -34.86731356423503], [-59.75508969170836, -34.86759196405665], [-59.75511558646222, -34.86799004030304], [-59.75529003417772, -34.86833965432046], [-59.75554938288693, -34.86870586949909], [-59.75590570811004, -34.86889738195957], [-59.756387475950234, -34.86907324495728], [-59.75655103118463, -34.86921667068234], [-59.75656992439345, -34.86935185631894], [-59.75641221903892, -34.8694246332273], [-59.75609693116881, -34.86947015651019], [-59.75593281354105, -34.869517525690874], [-59.755874492369145, -34.86966845621336], [-59.755854566289585, -34.86988306297599], [-59.7557576378077, -34.87004186535522], [-59.75556469836943, -34.87004942710364], [-59.75524398016279, -34.86996373758841], [-59.7549872968523, -34.869950589334145], [-59.75452591685634, -34.87010220720634], [-59.7544454433878, -34.87016949196901], [-59.75415424961516, -34.870527568770996], [-59.75404585606871, -34.870648187621654], [-59.75392229420764, -34.870679737208974], [-59.75367558639467, -34.87060291886952], [-59.75352883717711, -34.870647140734995], [-59.75344905471573, -34.870734566205066], [-59.75339691232598, -34.8708949087235], [-59.75327348999559, -34.87099670401303], [-59.7530645601743, -34.8710723111601], [-59.752724471420755, -34.87125605722315], [-59.7525230160539, -34.87152912211357], [-59.75202029848479, -34.87190333162739], [-59.75165672915666, -34.87219514424126], [-59.75158337177325, -34.8723426986162], [-59.75147732802476, -34.87283076639627], [-59.75139946944714, -34.87305956358317], [-59.75146823264136, -34.873288659591616], [-59.75145999844682, -34.87346035933343], [-59.75121225116807, -34.873726967927574], [-59.75085644488277, -34.873999714905096], [-59.750585945963714, -34.87413271795665], [-59.75029267935131, -34.87413847540473], [-59.74992891737532, -34.87409239554205], [-59.74962006754012, -34.874147408725854], [-59.74933038930635, -34.87424221054935], [-59.748886442473626, -34.87431284305411], [-59.74818165607228, -34.87451013133038], [-59.74769834412184, -34.87483507349718], [-59.74737921189186, -34.87509675673498], [-59.7471282109417, -34.87515983318268], [-59.746780940134805, -34.87515911045477], [-59.746520413556624, -34.87518241771949], [-59.74641420345272, -34.87529055251751], [-59.746229385604494, -34.8757144508693], [-59.74604522240167, -34.876000260484254], [-59.74593845062749, -34.876214683915876], [-59.744876915458725, -34.876347608765315], [-59.74426221209777, -34.876460713898794], [-59.743921612182916, -34.876440998242785], [-59.743507353749926, -34.8762652284624], [-59.743247021640606, -34.8762249300221], [-59.74296682644306, -34.8763674350572], [-59.742183843992095, -34.876882517597586], [-59.74209534871417, -34.87704179813993], [-59.741743042000095, -34.877299842743355], [-59.74110133107812, -34.87754800493072], [-59.73991311225991, -34.87807810888212], [-59.73903422924767, -34.87840216946102], [-59.738397416859115, -34.87844054990128], [-59.738141630308576, -34.878558681873166], [-59.73789454795396, -34.87882900971774], [-59.73768120676961, -34.879178342578044], [-59.73730394213848, -34.87950347177749], [-59.73698526439773, -34.87960613079828], [-59.73669633966834, -34.879454458157035], [-59.73635956053164, -34.87918343421396], [-59.736196504596506, -34.87888893539629], [-59.73602324219319, -34.878769311573606], [-59.735753029580735, -34.87880052411928], [-59.735009459924065, -34.87903740129173], [-59.73468082827452, -34.87923543114447], [-59.73439055261616, -34.8795050914635], [-59.734023202821625, -34.87974278387067], [-59.733752729938026, -34.879853490178455], [-59.73336669780408, -34.87990034347685], [-59.73284519690235, -34.880074095109585], [-59.73244038555871, -34.87996190662469], [-59.73192922571406, -34.879921031712236], [-59.73139835972514, -34.88000730827107], [-59.731241365696675, -34.88010994242897], [-59.73098229721994, -34.88038798071656], [-59.73034489483136, -34.8806012149204], [-59.730189970252425, -34.88077576760695], [-59.73000558429994, -34.88110925129993], [-59.72960937694576, -34.881315066668044], [-59.72909779394198, -34.881401376018566], [-59.728441894058776, -34.8813681141662], [-59.728008141594096, -34.881255846300135], [-59.72756497764484, -34.8810720073647], [-59.72730461214664, -34.881039625054605], [-59.72688006245886, -34.881062521248275], [-59.726648111644685, -34.88118919707504], [-59.72609595867725, -34.88187164094602], [-59.72591118424985, -34.88231641568673], [-59.725484539328505, -34.88296734001776], [-59.725452805162526, -34.8831567483692], [-59.725492812641455, -34.8833807502841], [-59.72542414343009, -34.883722438374164], [-59.725310256792646, -34.88400756073324], [-59.72509309565634, -34.88432506293345], [-59.7246520893156, -34.88464841820849], [-59.7244114644435, -34.88474794607877], [-59.72410387849222, -34.88471713366722], [-59.72389576945923, -34.88463398327837], [-59.723687276578985, -34.884665309075714], [-59.72359183900268, -34.88474555893169], [-59.72335425245769, -34.88500798485073], [-59.723060321543954, -34.885293971562874], [-59.72278076935835, -34.885706263405254], [-59.722493083405844, -34.88633523447367], [-59.72232969721969, -34.886722812607786], [-59.72201343466039, -34.887055041403734], [-59.7216610199655, -34.88732646851703], [-59.72102231387621, -34.88761020092557], [-59.72077511441769, -34.88767323232522], [-59.720520540381095, -34.88763448762438], [-59.72031197511656, -34.88768488728763], [-59.72018323440132, -34.88780747569954], [-59.71984795067774, -34.88795729259002], [-59.719531413257656, -34.88798200283243], [-59.719261207748175, -34.888000458099604], [-59.71851170847521, -34.88824040013009], [-59.71817142907089, -34.888436767838655], [-59.71787728385615, -34.88868412006518], [-59.717706632072435, -34.88893175839557], [-59.71739741721245, -34.889070957380916], [-59.716602836757204, -34.889103005546275], [-59.71622365231732, -34.889233578799335], [-59.7157832421095, -34.88936610708725], [-59.71522660558212, -34.88936720934317], [-59.714705584159724, -34.889373938026175], [-59.714136735841166, -34.88926130363739], [-59.71380928165432, -34.88909358743222], [-59.71346236716606, -34.88897352274992], [-59.71321146425732, -34.888988830827344], [-59.7129988493133, -34.88909167681866], [-59.71294035277959, -34.88926643476587], [-59.71296852341357, -34.88948909651152], [-59.712948508370516, -34.88969574474936], [-59.712813241153995, -34.889751073847364], [-59.71263880856654, -34.88969712503461], [-59.712291912355646, -34.889845238571716], [-59.71204868451278, -34.88983594888826], [-59.71155576891031, -34.88999366846759], [-59.71127545813387, -34.89022842598937], [-59.71074212371936, -34.89044339394476], [-59.7104502790197, -34.890511209744204], [-59.709676206156715, -34.89065708787594], [-59.709285719646104, -34.89075992785124], [-59.70897274304131, -34.89096067876425], [-59.7087639818152, -34.89106193645311], [-59.70846296736372, -34.89104846919016], [-59.70835872678875, -34.891140013673954], [-59.70805214040304, -34.89154993824539], [-59.70749515950934, -34.89189839213339], [-59.707222120888375, -34.892021264770484], [-59.706930206327215, -34.892316781512356], [-59.706064284867686, -34.892715361916714], [-59.70567531130889, -34.8929123896852], [-59.70549162340094, -34.89312736653821], [-59.70528233114757, -34.89337489350662], [-59.70481840737881, -34.89359636287577], [-59.70426153581832, -34.893906642366474], [-59.70366621728147, -34.89440092917514], [-59.70338735760045, -34.8946324601085], [-59.70289594553828, -34.89483102625907], [-59.70169499971385, -34.896076205799], [-59.70107015051861, -34.89657912905589], [-59.70074633194912, -34.8969245047432], [-59.70017014059615, -34.89730350396821], [-59.69989560868418, -34.89736759618175], [-59.69891208243275, -34.897182318817606], [-59.698691152878936, -34.89718485684926], [-59.69849521254789, -34.89733385823936], [-59.6985054903149, -34.897547002205876], [-59.69876537476146, -34.89772254227467], [-59.6991011180905, -34.89826396165373], [-59.699322467507066, -34.89842350542825], [-59.69933144977789, -34.898606372763275], [-59.69908987491939, -34.89870117312147], [-59.698760788898696, -34.898978601252104], [-59.698488927780524, -34.899439016423074], [-59.69855562958945, -34.89966972601148], [-59.69859289070448, -34.90003551035983], [-59.69854391851822, -34.900234133664576], [-59.69841222133247, -34.90032490274247], [-59.697954671666515, -34.90040756649618], [-59.697151531136, -34.90101770372202], [-59.69711208703553, -34.90124814951624], [-59.696851115344955, -34.901366746095015], [-59.696358409148594, -34.901524513085015], [-59.695855817667685, -34.90174585026158], [-59.69526649570829, -34.901935170369526], [-59.69466693250313, -34.90228345688663], [-59.69399978940866, -34.90295034177625], [-59.693785196008506, -34.90325906489508], [-59.693512554512886, -34.90391821113255], [-59.693377015733425, -34.90403711639452], [-59.693051691936944, -34.904132659593294], [-59.692469378377, -34.90418586972421], [-59.69181165044777, -34.904597593460494], [-59.69170369037251, -34.9050822574205], [-59.69155822908527, -34.905272683520245], [-59.691248510430036, -34.90551834068103], [-59.69115179183699, -34.90571543239769], [-59.6909769430755, -34.90588334201731], [-59.690725686827676, -34.905978100037856], [-59.69066948082935, -34.906137495426115], [-59.69074284080279, -34.906550529039365], [-59.69084776932154, -34.90687673780878], [-59.69069423322889, -34.90709516926824], [-59.690555970812305, -34.90748813010255], [-59.690429415102095, -34.907781950257785], [-59.69011986392606, -34.90797990674436], [-59.68961730618527, -34.908177368780464], [-59.68933741942254, -34.90818460396059], [-59.68912895364261, -34.908354693700105], [-59.688794937638924, -34.90873175216904], [-59.68852304855276, -34.90917624344238], [-59.688570760612855, -34.90931946264574], [-59.68886929118021, -34.909487172321214], [-59.68931224939058, -34.909742699131584], [-59.68942733615528, -34.909933788279446], [-59.68930143149515, -34.9100527134551], [-59.68902108870209, -34.91017919370004], [-59.688952876211765, -34.91035391446347], [-59.68913485690464, -34.91072007037079], [-59.68916254955205, -34.91105403216088], [-59.68876588693479, -34.91131536083448], [-59.68789468791522, -34.91201270774711], [-59.68754485410207, -34.912647792153855], [-59.68737964624951, -34.91294945972673], [-59.68691487024153, -34.91335370203163], [-59.68674959825806, -34.91367126818438], [-59.686612432380294, -34.91421149980914], [-59.68644773184436, -34.914378020799525], [-59.68620769224621, -34.914459949767824], [-59.68604139416476, -34.914639314505905], [-59.68595377762826, -34.914837833215145], [-59.68576998557145, -34.91494865472455], [-59.68546109264707, -34.9149637552716], [-59.685315902783294, -34.91507467689644], [-59.6851773714749, -34.91532084232296], [-59.68499080764651, -34.91565106942241], [-59.68485906752747, -34.91577792498692], [-59.68439359810904, -34.9159116327633], [-59.684185986574285, -34.91613232725689], [-59.68388421296344, -34.91630325855888], [-59.683729013139015, -34.91650636903014], [-59.68372034139038, -34.916754379543384], [-59.68366553819451, -34.91695139185491], [-59.683379226780936, -34.917116001902045], [-59.683162232171256, -34.917325310810554], [-59.6831382622307, -34.917535121873], [-59.68323003527058, -34.917764315327], [-59.6834765963127, -34.917898514171256], [-59.68365379051345, -34.918000732690146], [-59.68373804018099, -34.91817902715619], [-59.683667817273204, -34.91836963907517], [-59.68344327048258, -34.91853440998582], [-59.68329837897855, -34.91868068874342], [-59.68317119769822, -34.9190106880861], [-59.68306195207375, -34.91930931428007], [-59.682898730371534, -34.919588720687635], [-59.682882431851986, -34.91981127206015], [-59.68303595181091, -34.92004698601113], [-59.683211124506265, -34.920316065294806], [-59.68323904152591, -34.92058642992892], [-59.68310297039983, -34.92083251891418], [-59.682683920784754, -34.92091407296562], [-59.682310306512576, -34.92114843989363], [-59.68203010033219, -34.92122720513082], [-59.68120023551424, -34.92117733193445], [-59.68079538675351, -34.92104112278165], [-59.68062236358423, -34.920857823825656], [-59.68042985396521, -34.920722171349176], [-59.680159761292224, -34.92068171123777], [-59.6788471035048, -34.9206861994256], [-59.67822880794755, -34.920835609761056], [-59.6779098046231, -34.92096196072172], [-59.677822224944286, -34.921144573763826], [-59.67783091415651, -34.9213910395926], [-59.67802301737543, -34.92163004217589], [-59.67806075535783, -34.921852735956406], [-59.67798088938249, -34.92202975025467], [-59.67762446546146, -34.922352415053666], [-59.67720619785864, -34.923178081206395], [-59.67719545681324, -34.92345629460882], [-59.677223042681554, -34.923806158531576], [-59.6770770787036, -34.92410786159285], [-59.67694242514148, -34.924864278029844], [-59.676897857450975, -34.92550654475492], [-59.67683922695509, -34.925689233906525], [-59.676684011790364, -34.925887565675936], [-59.676045617663874, -34.9262277046719], [-59.6756777355533, -34.92650496598858], [-59.6752139835487, -34.92661502363371], [-59.67482431073362, -34.92685261253541], [-59.67457476275206, -34.927161847486474], [-59.674593220233206, -34.92737654022999], [-59.67483258620448, -34.92787006695645], [-59.674802813561314, -34.9280766812145], [-59.67466680001837, -34.92829891064467], [-59.67424979193363, -34.92879067921716], [-59.6740262721832, -34.92917166835833], [-59.67391855179821, -34.929560918136346], [-59.67388726623384, -34.93014911657636], [-59.673790045828376, -34.93032375025863], [-59.67363545896757, -34.930407166982846], [-59.67337450308991, -34.930441880417], [-59.6731810059063, -34.93055265636598], [-59.672918486140595, -34.93102893598583], [-59.67271479784998, -34.931274829834145], [-59.672473190480794, -34.93134572649787], [-59.67206783203502, -34.931328734415985], [-59.67174874808168, -34.931463017969115], [-59.671435655401346, -34.93167667602416], [-59.67075227337402, -34.932016805645034], [-59.670475733555676, -34.93225745045926], [-59.67019985824, -34.93256384099337], [-59.66935860670816, -34.93291929303063], [-59.668529185851604, -34.93318156704097], [-59.668228139065256, -34.93317855407771], [-59.667601231532046, -34.93304169455154], [-59.66713934838507, -34.933077820520275], [-59.6666163901221, -34.93309464429633], [-59.666047147024216, -34.9330215333127], [-59.66561343482115, -34.93285339523637], [-59.66523728774135, -34.93277286240333], [-59.66490885679662, -34.93282760513657], [-59.66473753190288, -34.932933596353294], [-59.66466601002064, -34.93320057400218], [-59.66434551443474, -34.93367667379508], [-59.664054460565616, -34.93403360860074], [-59.66381254586574, -34.93417603477752], [-59.66343471375014, -34.93437542130849], [-59.66283089376152, -34.93494282116338], [-59.662481543516016, -34.93541004724202], [-59.662272281804704, -34.93557089072449], [-59.66189308575662, -34.93576063005683], [-59.661343752791375, -34.93600713217521], [-59.66070174194641, -34.93625337300069], [-59.65993632119804, -34.936461106612136], [-59.65947282218784, -34.93649160751924], [-59.65906425092736, -34.936312387178134], [-59.65869395186437, -34.936215950041415], [-59.65829223650016, -34.936246619998975], [-59.657936024306736, -34.936334576426894], [-59.66103018294094, -34.938981931857334], [-59.65126023819497, -34.946325279704006], [-59.6400622882021, -34.95480200480309], [-59.63590786745044, -34.95797587078039], [-59.63233721283222, -34.960754579923865], [-59.628389678089306, -34.96609164017077], [-59.62337217341961, -34.97301449383011], [-59.60575838052694, -34.997305949399916], [-59.61057770175443, -35.00128151230032], [-59.621087375694046, -35.01003394788206], [-59.631337479434826, -35.018555730916454], [-59.63436480227841, -35.02098157773387], [-59.634488493580655, -35.02098195032029], [-59.64336959055558, -35.02847466716062], [-59.66123181185259, -35.04307405436659], [-59.66725804488286, -35.04803499029031], [-59.67796499161954, -35.05687840584353], [-59.681804254141674, -35.060068375719595], [-59.681989831622765, -35.06008158250085], [-59.68548245900517, -35.06297798099026], [-59.70020228815392, -35.07596555621374], [-59.70140052016222, -35.07489401123741], [-59.70347543887669, -35.07335688247556], [-59.70755234561537, -35.07703413614005], [-59.719832670214416, -35.08744209460346], [-59.72406177180536, -35.091355365340085], [-59.73400502717117, -35.09997613983363], [-59.74619136369036, -35.11043843461202], [-59.75525364981789, -35.11834301565581], [-59.763870595570246, -35.12559736335606], [-59.775971474025745, -35.13612642575009], [-59.77996478616139, -35.139529775109324], [-59.78697058343847, -35.14576199055203], [-59.79474281050649, -35.1524784274678], [-59.79489757911954, -35.15251684677294], [-59.80463394118826, -35.16095304340068], [-59.814403249281874, -35.169407577722566], [-59.82273653757908, -35.17663818312753], [-59.823077892544234, -35.176384298877615], [-59.823419712949274, -35.17591418898868], [-59.82424954637739, -35.17541934907343], [-59.82530459854469, -35.174638646999334], [-59.825923743713545, -35.17411917375403], [-59.82613761947002, -35.173706108167956], [-59.82625479678337, -35.173237257385104], [-59.82631347791523, -35.17295910997931], [-59.826730742547134, -35.17250658759998], [-59.827425807098436, -35.17175789371197], [-59.82791507824482, -35.17098992458974], [-59.82809022739608, -35.17056885123132], [-59.82855606003937, -35.17002894614023], [-59.82870222762431, -35.169576032735705], [-59.828742085561956, -35.16903552463354], [-59.82864709366962, -35.16816889599992], [-59.82832645730014, -35.1673177718439], [-59.828339792906824, -35.166983987523096], [-59.82845679644094, -35.166586679045814], [-59.82902854949035, -35.16575191912533], [-59.82942736007875, -35.165395626678965], [-59.83057075951247, -35.16487256447696], [-59.8313748837281, -35.16456365634813], [-59.831733258671065, -35.16446876125648], [-59.83200791978321, -35.164192934892455], [-59.8325094907349, -35.16359539281823], [-59.83280997392871, -35.16340502016428], [-59.8332165812807, -35.16338968156351], [-59.83360084814552, -35.16340694457584], [-59.83381695825875, -35.16329511229476], [-59.833943303722606, -35.16304885159035], [-59.83392584976208, -35.16211078803037], [-59.83385884829551, -35.16173706972662], [-59.833502059151954, -35.16106087318337], [-59.833512273276455, -35.1607985532224], [-59.83378465716936, -35.16013911944078], [-59.83395007318512, -35.15971802342525], [-59.834600205448226, -35.15893986139474], [-59.83501788312608, -35.15822497660427], [-59.83542508872008, -35.15789960092997], [-59.835851299195106, -35.15774913844727], [-59.83635462747567, -35.15775776841183], [-59.8369931709426, -35.15791761986376], [-59.83786406094581, -35.15806187913767], [-59.83843530756465, -35.157991096901306], [-59.83896820904171, -35.15772947310655], [-59.839365826720076, -35.15734842420201], [-59.83978347442964, -35.15689657888067], [-59.840373970046095, -35.156602503955384], [-59.841336229616516, -35.15636541613399], [-59.842366267403605, -35.1562968052583], [-59.84353545695591, -35.15634919708934], [-59.844108097013915, -35.156553442278785], [-59.84462635398458, -35.15685300945782], [-59.84525321823684, -35.15705095966361], [-59.84618998993257, -35.157166625098604], [-59.84689466626817, -35.15716751763183], [-59.84742922024497, -35.157041000288615], [-59.84794070578433, -35.15682541628893], [-59.84858412678055, -35.15645100614665], [-59.84960709451248, -35.15601346707319], [-59.85063746988673, -35.15575399827793], [-59.85214166203929, -35.155413086066105], [-59.853787705724635, -35.15511300295379], [-59.85527844468957, -35.15505119642493], [-59.85752400670361, -35.1550856559843], [-59.859537156048475, -35.155183401030605], [-59.86116275608411, -35.15550325446659], [-59.86211069727228, -35.15588591307336], [-59.86327079996445, -35.15674577435299], [-59.86382974029662, -35.15689465489544], [-59.86454842682592, -35.15679490665796], [-59.86516862864251, -35.15636632516449], [-59.86675762981185, -35.155414142819815], [-59.8672302988516, -35.154835283104426], [-59.86807657383013, -35.153841583238915], [-59.86873534955385, -35.153476621568835], [-59.87055647561463, -35.15257233645362], [-59.87129261276246, -35.152239241580254], [-59.87164185830262, -35.15173084297497], [-59.871545792516514, -35.15126966931916], [-59.87088883023967, -35.15050581821109], [-59.87063811106186, -35.149917286998914], [-59.870716421799216, -35.149360904014806], [-59.87120171038903, -35.14850287403156], [-59.87155690281668, -35.14761305105578], [-59.871591551804734, -35.14678619201834], [-59.871381053253266, -35.14524376181064], [-59.8712680933612, -35.14322446383796], [-59.87147730363682, -35.141998610780625], [-59.87160035379818, -35.14118178851717], [-59.87194969936225, -35.14057799432852], [-59.872699754576864, -35.139721510131324], [-59.87413957085553, -35.13881549305504], [-59.874875545107, -35.138498274465924], [-59.87537935315495, -35.13811721635336], [-59.87629184236197, -35.13625796025128], [-59.87700976987089, -35.13505036217464], [-59.87757131379345, -35.133742790192066], [-59.87792571294519, -35.13293013004889], [-59.87862305964103, -35.13169145621392], [-59.8792590882624, -35.13079240480801], [-59.88009615658317, -35.13010003601472], [-59.880630899092786, -35.12968718776174], [-59.88135904402859, -35.12935720235766], [-59.88175397714353, -35.12926219339612], [-59.88234988457866, -35.12937088736519], [-59.88295331568297, -35.129632216262074], [-59.883904560576546, -35.130275454516905], [-59.88422183229584, -35.13035843287066], [-59.88446195185732, -35.13025690799507], [-59.884671313812326, -35.13000908191498], [-59.88529139861595, -35.129443662748955], [-59.88560122045232, -35.12931676326222], [-59.88637546995802, -35.129215736649414], [-59.88698730457304, -35.12900644149243], [-59.88754511493264, -35.12867625900813], [-59.8881883843146, -35.128117206399224], [-59.88863002701831, -35.12781870995485], [-59.88923415571119, -35.12757123797155], [-59.88993111176362, -35.12736836476229], [-59.89018680064505, -35.12719052683487], [-59.89027231683567, -35.12691713946368], [-59.8903424287615, -35.12658650236738], [-59.89063689392132, -35.1263514619203], [-59.89121817314746, -35.12581141530462], [-59.89154383276585, -35.12539833069911], [-59.89191284199593, -35.12498206958731], [-59.89279912775954, -35.12440734366284], [-59.8934901576924, -35.12413540099219], [-59.893875708729205, -35.12391859867074], [-59.89422442131846, -35.123620001095524], [-59.89461972143749, -35.12320696880727], [-59.89512863114825, -35.12279680974969], [-59.89565004433862, -35.12255281686141], [-59.89615338301605, -35.12238789828629], [-59.896424388152205, -35.1221921707622], [-59.8964943559904, -35.122076567400825], [-59.89645591940573, -35.1218666661991], [-59.89626313591633, -35.12164799159684], [-59.896015308298885, -35.12140203563398], [-59.89597691367977, -35.12116033594262], [-59.89610103310051, -35.120944214862234], [-59.896332893691934, -35.12076626670742], [-59.89710774279272, -35.12056985427383], [-59.89778135105976, -35.12040507328467], [-59.89820730239374, -35.120214642496634], [-59.89847075364214, -35.11998591671333], [-59.89859495138374, -35.119699836342704], [-59.89853334602247, -35.11944539880317], [-59.89827838724898, -35.11906996659984], [-59.898154782980676, -35.11887907352829], [-59.89813194236593, -35.11857379074976], [-59.898217565319996, -35.11818592403823], [-59.89841153271774, -35.117810868157974], [-59.898833544065525, -35.11726896051876], [-59.89907060840225, -35.116857471132214], [-59.89924148190389, -35.11637428030092], [-59.89941196147139, -35.11620907085677], [-59.89962264397493, -35.116184926650575], [-59.89983754360227, -35.11629845835618], [-59.900061627108876, -35.11660390701284], [-59.90033204286491, -35.11699842753415], [-59.90057946508638, -35.11720849926709], [-59.90120617739547, -35.117393440966715], [-59.90161635668724, -35.11742557294483], [-59.9018796609027, -35.11730495290308], [-59.90211219397038, -35.11702531646731], [-59.90246114272853, -35.11647866800844], [-59.90279437207914, -35.11612915530899], [-59.903274625005736, -35.11580519741953], [-59.90383981820806, -35.11564665607137], [-59.90452963546964, -35.11557839915975], [-59.90479978221653, -35.11545026433289], [-59.90506275187035, -35.11522743118823], [-59.90546425483243, -35.11496310483704], [-59.906005545120195, -35.114794880187], [-59.906611563966834, -35.114860226190316], [-59.9071298290786, -35.11512136968663], [-59.907663476434706, -35.11547155869721], [-59.9080786615926, -35.115713899988435], [-59.90848350945696, -35.115815600950214], [-59.90926527194439, -35.11577803110585], [-59.91031803251896, -35.11564526185703], [-59.91099150463466, -35.11554400394141], [-59.91162622221222, -35.11549359073184], [-59.91198239548396, -35.115360297184374], [-59.91249229364621, -35.11488869038944], [-59.91296485659363, -35.11447565331852], [-59.91328988648096, -35.11407480627254], [-59.91354615162272, -35.1137001922413], [-59.91382497231948, -35.113515960425815], [-59.91421982481573, -35.11338904778181], [-59.91463777573275, -35.11337662363009], [-59.915380860156205, -35.11329446858993], [-59.91612400936335, -35.113148713138855], [-59.91683619805728, -35.11300293189079], [-59.91731601739609, -35.113035058511734], [-59.917965922921304, -35.113251727913266], [-59.91898702338442, -35.113780265501646], [-59.91962132898238, -35.11413046920731], [-59.91993831841655, -35.114474100381805], [-59.92023967628973, -35.11497671148459], [-59.92045588202797, -35.115498344265305], [-59.92076515338109, -35.115829248966556], [-59.92163927693878, -35.116325869478516], [-59.92241324790088, -35.116948662179716], [-59.92307031489657, -35.11721713721908], [-59.92388288993478, -35.11734484280466], [-59.92514030795232, -35.11726675995978], [-59.92581774055904, -35.117060487842544], [-59.92643733453837, -35.116615689865924], [-59.92704692070351, -35.11617812964496], [-59.92773445390905, -35.11583741321315], [-59.928573150552616, -35.11577019878436], [-59.93013348501265, -35.116204499317064], [-59.93154584765483, -35.116396094541535], [-59.93322204503119, -35.11721177773363], [-59.934544993399335, -35.11762196995769], [-59.935356628028096, -35.11779731011967], [-59.93609201609414, -35.11768640572534], [-59.93667269431367, -35.11727309264389], [-59.93715672797101, -35.11708279580891], [-59.93777595947679, -35.11703541767672], [-59.93829816508116, -35.1173536675506], [-59.9387428078988, -35.11789446285464], [-59.939439102743194, -35.118308189859206], [-59.940174269068706, -35.11849934429181], [-59.94106412454656, -35.118849561452876], [-59.94168301595455, -35.11929503622784], [-59.94234073733458, -35.11956563524376], [-59.942959940337616, -35.11958182738886], [-59.943675971678665, -35.1194867679982], [-59.9446629498261, -35.11932823072092], [-59.945611149357255, -35.11928096322146], [-59.94657870971116, -35.11921779674913], [-59.94758503959515, -35.119043345908324], [-59.94876539776517, -35.11905974974745], [-59.95029381135213, -35.11948966239513], [-59.95184148868895, -35.12009445354616], [-59.95302130612806, -35.12108066147856], [-59.953794861825656, -35.121923611867594], [-59.95408485912437, -35.12240069567667], [-59.95430953055903, -35.12352332079573], [-59.954490276700476, -35.124117952542115], [-59.95501247891773, -35.12464281754749], [-59.955805749873576, -35.1249133944343], [-59.95656040681452, -35.12502496055737], [-59.95776027174328, -35.124914091327895], [-59.95878591960941, -35.12489854524468], [-59.95952118936381, -35.12508958220756], [-59.96120433769122, -35.12604407844585], [-59.96176536650723, -35.12642583590785], [-59.96257791296066, -35.12695075938313], [-59.963603380352275, -35.1273962465599], [-59.964377381933794, -35.12764804011569], [-59.96495793047561, -35.12765103152536], [-59.96573238259295, -35.127510875366326], [-59.96640943537637, -35.127460653387175], [-59.96687380666631, -35.127667469465216], [-59.96764763655112, -35.12833544075865], [-59.96822803914516, -35.12878076819858], [-59.969331029989206, -35.129067236363966], [-59.971459508979855, -35.12997400490813], [-59.97229151140229, -35.130482968402475], [-59.97287186378471, -35.131198559133985], [-59.97331667146609, -35.13216850192523], [-59.973819707536165, -35.13264558447107], [-59.97463252136635, -35.132757050503294], [-59.97523254822128, -35.13253458735337], [-59.97563935513662, -35.13195690375328], [-59.97606507473296, -35.131421819121975], [-59.976549024083376, -35.13100853742562], [-59.9770329194382, -35.13077014360902], [-59.978252201529926, -35.13062727699667], [-59.97989728554143, -35.13032547788584], [-59.980864993776436, -35.13007124886069], [-59.98161979329816, -35.129912374966274], [-59.98233586343597, -35.129848884797966], [-59.98359380606798, -35.129817263283655], [-59.98475502267416, -35.12957892927847], [-59.986148528893644, -35.128959031880655], [-59.98711623770598, -35.128482165470125], [-59.98818064048329, -35.12838687894876], [-59.98910954103869, -35.128545957628816], [-59.989767501725645, -35.128752703207645], [-59.99032867870022, -35.12916612575394], [-59.99098664570587, -35.1293887638576], [-59.99170270993999, -35.12927752085102], [-59.99234137783636, -35.12897547967931], [-59.99280270785111, -35.12835387845075], [-59.99280270904065, -35.128340357985486], [-59.993405911492594, -35.12727433956977], [-59.993979558946855, -35.126929808403], [-59.99547360159831, -35.1259441284137], [-59.995969019471495, -35.12579151510895], [-59.99676631707314, -35.1257978981308], [-59.99738040198797, -35.125641041240016], [-59.997733924632804, -35.12535274503615], [-59.998082270024675, -35.12481854184942], [-59.99847705945873, -35.12399815302093], [-59.99886409455121, -35.12364837715648], [-59.99956848579143, -35.12342579411215], [-60.00040446401766, -35.12331767996839], [-60.000907597455566, -35.12323500223417], [-60.00131010038928, -35.12294881421787], [-60.001727729291716, -35.12241057768161], [-60.002053168877325, -35.12222380431633], [-60.00351608047034, -35.12185069380834], [-60.004107415793314, -35.12140767847516], [-60.005271236658686, -35.119655805220205], [-60.00648725058243, -35.1173373990857], [-60.007045757109076, -35.11606950185742], [-60.00760936129312, -35.11536584147262], [-60.00872664198729, -35.11454796461132], [-60.01008592410378, -35.114014234875874], [-60.01188531634931, -35.11348939987481], [-60.01358798823454, -35.11325073380487], [-60.01476473105858, -35.11297602910478], [-60.0161998847701, -35.1121851714545], [-60.01747665726565, -35.11105615473358], [-60.01803756094741, -35.11014982107835], [-60.018607712318776, -35.10942266966145], [-60.0197238708192, -35.108764403201064], [-60.020971695422176, -35.10832299250246], [-60.02204534685317, -35.107762357032264], [-60.02313345246791, -35.10705861715736], [-60.02353966099359, -35.10674850549187], [-60.02404748047285, -35.10658146444201], [-60.02477297092331, -35.10646207464677], [-60.025396914771555, -35.10643809716179], [-60.02621136614312, -35.106180193967155], [-60.02685895146034, -35.105903115130424], [-60.02752165952243, -35.10546128821512], [-60.028193530977966, -35.10480577005123], [-60.0288052198047, -35.10420913795922], [-60.029295970396944, -35.10386745780299], [-60.030031069894434, -35.1036605888603], [-60.03084363036101, -35.1036603848655], [-60.031679014588875, -35.103992122553656], [-60.03239013925868, -35.10432581665391], [-60.03294160618826, -35.1045283829997], [-60.033552634283204, -35.10480440535841], [-60.03459748349369, -35.10507439674003], [-60.03544883363987, -35.10526494151055], [-60.03629380611991, -35.10532635857522], [-60.037073950320895, -35.10518495931777], [-60.0376735832263, -35.10491448852823], [-60.038223230868326, -35.10437181564024], [-60.03851320925546, -35.10389474882319], [-60.03887575675125, -35.10346535571876], [-60.039209251437704, -35.102976349909646], [-60.03936860774608, -35.102451625414965], [-60.03974549181346, -35.1016883428383], [-60.040031993543316, -35.1009866397124], [-60.04038334083096, -35.1005195431595], [-60.040731412643545, -35.10020939293491], [-60.04125337835701, -35.09946990498035], [-60.04157229235301, -35.098897425172964], [-60.04194581050453, -35.098171838928316], [-60.042254942967986, -35.097408571446145], [-60.04263039322154, -35.096846064230704], [-60.04319598409118, -35.09636888932426], [-60.04373258974364, -35.095963267473046], [-60.04411626818443, -35.09548408053478], [-60.044304173495796, -35.09489576946319], [-60.04459394445271, -35.09416430029694], [-60.04538502178357, -35.093160429265865], [-60.0460521349807, -35.09269512603706], [-60.04681750920033, -35.09233505577067], [-60.04762984511155, -35.09214394919794], [-60.04850367962711, -35.09215757223221], [-60.049098534814064, -35.09220503060298], [-60.0494757780716, -35.09226449926014], [-60.05037685280755, -35.092413125547466], [-60.05095710311704, -35.092301588281096], [-60.05145992683381, -35.09211058572739], [-60.05197076491332, -35.0916553113822], [-60.05240722120481, -35.09123572430989], [-60.05312262978882, -35.090758437854426], [-60.05383822856404, -35.09058323125737], [-60.054747398600426, -35.09061462180728], [-60.055714664134705, -35.090741375336115], [-60.05654650460729, -35.090836384948474], [-60.05764901394173, -35.09072457187153], [-60.058751372018506, -35.090406058430425], [-60.05977641694906, -35.09018296867282], [-60.06082098866076, -35.09021424776551], [-60.06180768636275, -35.09045223688511], [-60.06269785389736, -35.09092875593209], [-60.06325918848829, -35.09140544039656], [-60.06364645973285, -35.091914011325564], [-60.064110999069015, -35.09227944773075], [-60.064652655602956, -35.09231095864945], [-60.065173298509, -35.09211398577262], [-60.06543982507803, -35.09175748125492], [-60.0658109006001, -35.09118353881354], [-60.06624606692593, -35.09109983051236], [-60.06665232289758, -35.09114730566539], [-60.06721813661646, -35.09115891755242], [-60.068175491713745, -35.09096759285433], [-60.069031197185204, -35.09066899871939], [-60.069712713733175, -35.09026317991139], [-60.07027794889987, -35.089607011526084], [-60.07071913217399, -35.089064168186226], [-60.07114776691113, -35.08887911587147], [-60.07188510681341, -35.08894491007206], [-60.072438633749236, -35.08888829011629], [-60.07335762184041, -35.0886671174304], [-60.07403433674929, -35.08843618528362], [-60.07475912421116, -35.087803747677995], [-60.07547315737023, -35.087190610711716], [-60.076235080337085, -35.08685370577661], [-60.07734048078074, -35.0868243278133], [-60.0780368851604, -35.086895427923075], [-60.078849577045915, -35.087204936611], [-60.080358593732775, -35.0874901319422], [-60.0808954514977, -35.087585170597265], [-60.08141793624896, -35.08761953088018], [-60.08233157477507, -35.08750073266884], [-60.083085836604475, -35.0873928992891], [-60.08389843032229, -35.08758313011325], [-60.08460995822614, -35.08823847709524], [-60.08507454940695, -35.08858395992503], [-60.08590155414724, -35.088666847359065], [-60.086656048994016, -35.08877363033553], [-60.087062381148755, -35.08889258330718], [-60.08759339597219, -35.08924548919828], [-60.088580503159704, -35.0898012444879], [-60.089644650137124, -35.09003894956072], [-60.090360988331234, -35.09061078939663], [-60.090960868854104, -35.09081703033994], [-60.09243089379088, -35.090736422417656], [-60.09304945595758, -35.09035436894189], [-60.09357147645357, -35.09013137851887], [-60.094364557087616, -35.09013076393504], [-60.09537021299333, -35.0899550862126], [-60.097574737608625, -35.08942865856224], [-60.0992468363965, -35.08877016514643], [-60.10022367775631, -35.088536143996095], [-60.101268321737436, -35.08863067076319], [-60.102312293022436, -35.08818461688778], [-60.10283405487753, -35.087786695763334], [-60.103510996656134, -35.08773842201995], [-60.10420762327143, -35.08796041416018], [-60.10484494157255, -35.08786381032419], [-60.10571620796851, -35.08783191516722], [-60.107597774687235, -35.087764625185685], [-60.10913956223804, -35.08757449508711], [-60.11030049716795, -35.08784373122875], [-60.11160827784127, -35.088786787928676], [-60.112750048557665, -35.089723156046205], [-60.11383620544078, -35.09007818219651], [-60.11508088404721, -35.09007700732852], [-60.11579725158402, -35.090223484721754], [-60.11659015261897, -35.09009553180611], [-60.11691833322459, -35.0896341392053], [-60.11668444713245, -35.08839422777379], [-60.116819167710794, -35.087917122059515], [-60.117785262961135, -35.087184825088684], [-60.11822968690893, -35.086866408242344], [-60.11847992303256, -35.08602350660198], [-60.11890469556337, -35.08549841776575], [-60.12176521249136, -35.084048752132155], [-60.12408471160691, -35.08302885212283], [-60.125031802401054, -35.08259860079565], [-60.126269349667936, -35.08239062890477], [-60.12982996910139, -35.082747496741725], [-60.13071776674578, -35.08229051992657], [-60.13125861799936, -35.08184475789126], [-60.132031380364346, -35.08128744713079], [-60.13310725690164, -35.0810407908793], [-60.13363549223657, -35.080538426847134], [-60.134427958409354, -35.080219567278505], [-60.134852625857704, -35.07971032071505], [-60.134890233934705, -35.079058412036375], [-60.13500473407177, -35.07812023062174], [-60.13537053759177, -35.07753071470357], [-60.137714048610356, -35.07621287570658], [-60.1394718284322, -35.075025563751176], [-60.141969019866025, -35.07359613692875], [-60.14340339346855, -35.07268819420053], [-60.14460507736935, -35.071446627710344], [-60.145024541021556, -35.07079028328142], [-60.145371413286675, -35.07009825161277], [-60.145331938008475, -35.06949614631006], [-60.145081221422394, -35.06884304537162], [-60.14523798278125, -35.068464764549496], [-60.1459046026679, -35.06815392937747], [-60.14687613518004, -35.06803351247089], [-60.14942740843808, -35.06727915738006], [-60.15021587382172, -35.067015751598674], [-60.15062366748094, -35.06688030502322], [-60.15099554891991, -35.06667712668938], [-60.15129965944971, -35.0664263347377], [-60.151743649249106, -35.06600445064411], [-60.146707137638316, -35.06114547620379], [-60.13493251245557, -35.05022839515269], [-60.11875324483716, -35.035257794035495], [-60.14278882283325, -35.017476293979925], [-60.16115573826876, -35.00375200073628], [-60.179453065339146, -34.990107834240426], [-60.18229435731946, -34.98798089097893], [-60.214072465846435, -34.96428016548843], [-60.21908902107246, -34.960574587336765], [-60.2293137754574, -34.952877598697356], [-60.22062111274791, -34.94521899590344], [-60.22887532309172, -34.93877395066616], [-60.26961409010498, -34.907422266995155], [-60.26967156244368, -34.90729096776522], [-60.289362196563964, -34.89198204075382], [-60.30353410445896, -34.881048266720164], [-60.279296860298444, -34.86122790129828], [-60.27915114141698, -34.8609181911049], [-60.26484676992072, -34.848524524807694], [-60.251141293008715, -34.83666452577021], [-60.239770172041446, -34.8268172549275], [-60.2144221094538, -34.804867564285445], [-60.21407937947117, -34.80466737852759], [-60.21190379243062, -34.80279084842322], [-60.211117359554095, -34.802093440746155], [-60.21102207634817, -34.801822249812346], [-60.21128676341096, -34.80131244660547], [-60.211791456315126, -34.80034035862365], [-60.21158316016597, -34.8001983944375], [-60.2080705130692, -34.79898892182402], [-60.208297935105854, -34.798538956642126], [-60.208420156029646, -34.79844268039579], [-60.207698496275256, -34.797800917497234], [-60.207196291518756, -34.797354305613545], [-60.207015472784455, -34.79730691330789], [-60.206827603390145, -34.797331082254196], [-60.20619096591841, -34.79784797084562], [-60.20606291438598, -34.79773688863764], [-60.20561630269248, -34.7973485659117], [-60.205411035286176, -34.79717008688626], [-60.200060434017196, -34.792501782571456], [-60.17402059985378, -34.770072952123904], [-60.19102660175136, -34.75638337433931], [-60.174386658991, -34.742573947972986], [-60.19178510192474, -34.72838796364489], [-60.18069045956014, -34.718523467384905], [-60.163392690857954, -34.704943733769824], [-60.16013156352518, -34.70217491068553], [-60.14029430781903, -34.68547821618473], [-60.13025998382716, -34.677189419442016], [-60.113126099753806, -34.66284856488041], [-60.10685902666469, -34.65724087678331], [-60.06706443045132, -34.687948798295515], [-60.06380936417094, -34.690476299729504], [-60.018329668972456, -34.650062542103484], [-60.01808725125521, -34.650129360240825], [-60.017813061544736, -34.649632131861445], [-60.00998216774417, -34.64264122265091], [-60.00730022841935, -34.64042915456739], [-60.000409034947005, -34.64566695344552], [-60.00033977452678, -34.646225057040155]]]]}}, {"type": "Feature", "properties": {"PARTIDO": "9 de Julio", "CABECERA": "9 DE JULIO", "FNA": "Partido de 9 DE JULIO", "GNA": "Partido", "NAM": "9 DE JULIO", "CDE": "0588", "CCA": "077", "ARA": 4287.74084886, "ARL": 4284.05, "SDP": null, "SAG": "Dirección Provincial de Estadística - Ministerio de Economía - PBA", "COD_PART": "588", "partido": "9 de Julio"}, "geometry": {"type": "MultiPolygon", "coordinates": [[[[-60.865264675350645, -35.14950436962201], [-60.865173297155664, -35.14951217598647], [-60.8650943777528, -35.14946266000979], [-60.86500561349118, -35.149305898752516], [-60.86495964226168, -35.14907729005987], [-60.864880344011254, -35.148802856954724], [-60.86480430460726, -35.14870849725705], [-60.864667638947836, -35.14864653932669], [-60.86448698282825, -35.148663737746745], [-60.86296934296387, -35.14990707180197], [-60.85811894884842, -35.15367507390837], [-60.854719326033674, -35.15642301683992], [-60.833396887395175, -35.17287191405928], [-60.82572992167087, -35.178818282536575], [-60.81179411202575, -35.18965941227305], [-60.80501224451053, -35.19492739088718], [-60.792372308638, -35.20483596700475], [-60.78400727252545, -35.21133117422894], [-60.78332304462361, -35.211933048975325], [-60.78123835094833, -35.21356774669336], [-60.76792366311278, -35.22394310348849], [-60.763876870132535, -35.22710386545221], [-60.76339173837461, -35.22743761128957], [-60.763539101192016, -35.22744940040552], [-60.75272726812944, -35.23580334394282], [-60.74311938219698, -35.24333973992156], [-60.72218275062217, -35.2596039403363], [-60.71409358486937, -35.26595101747491], [-60.70786655280279, -35.270835954128565], [-60.69790748422307, -35.278614530789966], [-60.67008563699055, -35.300236311376615], [-60.65734971376492, -35.310166549983045], [-60.640717113569686, -35.32305710612613], [-60.625726544305614, -35.33471309302518], [-60.58119135127454, -35.3691205615683], [-60.58105338321352, -35.3691659382915], [-60.57542753594417, -35.37371208607106], [-60.56140253527959, -35.38451887355207], [-60.52804764665659, -35.41026530340963], [-60.50323414936109, -35.42945683417134], [-60.49312511365827, -35.43725532603517], [-60.491183760942825, -35.43873858250024], [-60.48363488009749, -35.4446131916394], [-60.46874200995719, -35.45607402969886], [-60.459255117784096, -35.463429960003545], [-60.45453299253775, -35.46704433556127], [-60.44474992690974, -35.474549314488996], [-60.45619513335337, -35.484522340283476], [-60.45725747067284, -35.485395888176306], [-60.45664297027856, -35.485347342007955], [-60.47968273022624, -35.50537839986504], [-60.491234229963325, -35.51553456841176], [-60.498061089765336, -35.5214841752478], [-60.51406837876267, -35.53526465149802], [-60.51950062930189, -35.54007538025804], [-60.51921197809518, -35.54027268294555], [-60.52250157313432, -35.54304062215219], [-60.53290939081172, -35.552063163989516], [-60.544446522810404, -35.56202083526136], [-60.54811103259652, -35.56530459573538], [-60.55006805081355, -35.566991049777705], [-60.55023224657631, -35.567075476441936], [-60.562188560209364, -35.57736652244694], [-60.570286465688724, -35.58433616545534], [-60.578279075375356, -35.59125087628668], [-60.59825085085494, -35.608522653161096], [-60.60780523644474, -35.61674791253466], [-60.62164733627888, -35.628675720321475], [-60.64752366086588, -35.65105740509707], [-60.64645567734167, -35.65194703716341], [-60.65561102163014, -35.65968089809671], [-60.66923451768764, -35.67130003489427], [-60.66941395848762, -35.671324472859084], [-60.67641592772647, -35.677332674191696], [-60.68630025182168, -35.68579140608522], [-60.68637802877039, -35.68575907698283], [-60.68903930589211, -35.687969489555805], [-60.68915764042237, -35.68813414375976], [-60.689127556836894, -35.68826149362546], [-60.69650829303308, -35.69445709125512], [-60.706350135172386, -35.70290792538403], [-60.706458655967744, -35.70283734106239], [-60.718502737220994, -35.71318822879517], [-60.726251330707335, -35.71988846219199], [-60.72853378521506, -35.72175123526813], [-60.74444232434359, -35.73527449090997], [-60.749316799835555, -35.739441054305026], [-60.749405210839846, -35.73972029163322], [-60.75898923581282, -35.748018073481276], [-60.76588002650971, -35.75404069596716], [-60.76861732606307, -35.75638870800752], [-60.78536448533084, -35.77047358182153], [-60.792839901109815, -35.77683390524875], [-60.80853322645105, -35.79005734753853], [-60.80842474493517, -35.79013438197704], [-60.818721503183305, -35.79876981057966], [-60.81880629324977, -35.79871257611894], [-60.83056987310257, -35.80842937110797], [-60.86831639824157, -35.83958412984958], [-60.87330900585475, -35.843553901122306], [-60.88903079887676, -35.85624331220984], [-60.91450080806621, -35.87807277889601], [-60.97075181524632, -35.92613708147705], [-61.035624812401, -35.875945476338], [-61.09417894792152, -35.83037237924786], [-61.10116937479707, -35.8249034673679], [-61.0744889315264, -35.80221687863071], [-61.074064665278144, -35.80201083693569], [-61.07334722166784, -35.80176926064956], [-61.07312312867109, -35.80164726962916], [-61.07292103798874, -35.80142016436344], [-61.07265464557051, -35.80076442961081], [-61.07239274408444, -35.80044247891858], [-61.05956177093558, -35.78946805668923], [-61.046547493763384, -35.77840289231811], [-61.04638862446167, -35.77833750896206], [-61.04623604368069, -35.77830545454098], [-61.032390880082346, -35.76647598138517], [-61.03152074231013, -35.7657857845163], [-61.04013451660506, -35.759078140716205], [-61.04186823334386, -35.75776578224114], [-61.054318963976655, -35.74802395464074], [-61.07346900504092, -35.73312985767417], [-61.080849461896555, -35.72738491281328], [-61.08708709821572, -35.722445280470176], [-61.09769380987929, -35.714259785207], [-61.114938014191075, -35.70072472281518], [-61.11439981085399, -35.700265634722896], [-61.129246518017155, -35.68861015568629], [-61.14513019516314, -35.6759939741812], [-61.15560118966241, -35.667688878609376], [-61.15580299172051, -35.66770124848934], [-61.17089939737107, -35.65557716346331], [-61.18638650402957, -35.64336321912734], [-61.19680819255282, -35.635187147335024], [-61.18776881779932, -35.62734351686484], [-61.188382843395345, -35.62684260775779], [-61.19816002719328, -35.61910218789674], [-61.19987511363686, -35.61777875308114], [-61.2047043783826, -35.61382951364386], [-61.21084325067061, -35.608846361333974], [-61.216282998286935, -35.604561532712026], [-61.2173173949146, -35.603772326119866], [-61.222448052272625, -35.5996851023828], [-61.22660419785896, -35.59630261365371], [-61.233295006912535, -35.59093595818668], [-61.23565753839797, -35.589017118166076], [-61.23777363923483, -35.58717498694417], [-61.250199232922924, -35.577203405066356], [-61.254361842523615, -35.57381241510653], [-61.27143458354466, -35.560065725779424], [-61.27159917668539, -35.56014029392423], [-61.2753395979515, -35.56321909177302], [-61.28336064735928, -35.569915471175484], [-61.28758602510781, -35.573357153009624], [-61.29945741692191, -35.564035892139586], [-61.31148885245103, -35.554689536524705], [-61.33496306883229, -35.536310941404764], [-61.342168196165275, -35.53070101978683], [-61.35204762600804, -35.522924337099546], [-61.355034114619, -35.5205953486087], [-61.38386028532071, -35.497845756503324], [-61.399116041612025, -35.48574734892099], [-61.42031880625674, -35.46896558833506], [-61.427365416064184, -35.46339424934943], [-61.446868849280946, -35.44801349125857], [-61.462805664589865, -35.43541566305859], [-61.46733306322438, -35.431869832062766], [-61.468785055818415, -35.430771586174785], [-61.468622893600134, -35.430595139643216], [-61.46795581759683, -35.4300281741154], [-61.48835579697459, -35.41348344993921], [-61.48840417706942, -35.413382108816464], [-61.499780272089964, -35.40420892866412], [-61.51627270643227, -35.390964641476764], [-61.53202306863969, -35.378175836019885], [-61.524965976333185, -35.37230655885525], [-61.52102212633377, -35.36899255701033], [-61.51726831069905, -35.365860434615655], [-61.51590154592925, -35.36458678553086], [-61.515324435393524, -35.36402810469567], [-61.514848577367886, -35.36348722775543], [-61.514354710046256, -35.36281304279704], [-61.513785529506244, -35.36309359683668], [-61.50637305922207, -35.35689624706705], [-61.50292049021009, -35.35400916454508], [-61.49176059089167, -35.34479381924156], [-61.47861737407266, -35.33391025980079], [-61.46861302034117, -35.3256450672987], [-61.4613808983506, -35.31956473386778], [-61.43813239096962, -35.30051412305734], [-61.43224862464028, -35.29564968475676], [-61.4319154692425, -35.295237705537744], [-61.431557419759244, -35.29493782400826], [-61.42910178477784, -35.292881042229446], [-61.424441627430895, -35.288977372201316], [-61.42256185037243, -35.28738821037573], [-61.42161266919563, -35.28658573589497], [-61.420665420122525, -35.28578487301679], [-61.4173718947161, -35.283000136821116], [-61.413001325093255, -35.27930429716886], [-61.40972248218793, -35.27664796346316], [-61.409480053829284, -35.27652997061728], [-61.39256947623182, -35.26257738250998], [-61.39089386030732, -35.2611595543737], [-61.37642463477325, -35.24909689812885], [-61.36457870820829, -35.23930481496614], [-61.36442223108678, -35.23921755451936], [-61.360610708613535, -35.236081009398966], [-61.36057049339456, -35.235992122073824], [-61.357536442241866, -35.23345114542625], [-61.3538253332611, -35.23034388247639], [-61.34141024796033, -35.219959572682605], [-61.326359393983076, -35.20743292142342], [-61.31745343463179, -35.20000748140991], [-61.300258952252186, -35.185682085429384], [-61.27741015330919, -35.166580575177846], [-61.2638951596708, -35.17747553843069], [-61.257591755897785, -35.18257117712327], [-61.25731962224021, -35.183006419334184], [-61.248505622365236, -35.19012437806031], [-61.2377686751827, -35.1987621147709], [-61.23664924814497, -35.199530281250205], [-61.22638570786342, -35.20786966775735], [-61.225988993057754, -35.208280666357005], [-61.214228855924894, -35.217734298283], [-61.205935772044995, -35.224424269905256], [-61.194698407670735, -35.23337480906533], [-61.18279298789408, -35.24292860094126], [-61.1551012738866, -35.26523089400273], [-61.11502943232317, -35.23167320683314], [-61.10730139561388, -35.22532779068387], [-61.099995022909454, -35.21913065227573], [-61.09437529780755, -35.214393145309764], [-61.08106044420747, -35.20309170784101], [-61.072582348358836, -35.19585404518372], [-61.06200131691001, -35.1870253482379], [-61.05829430008319, -35.1902153499218], [-61.0582667399716, -35.19023658302543], [-61.049260719080166, -35.19680240887692], [-61.039433830958174, -35.2044228267312], [-61.025820850366806, -35.21488536256159], [-61.021001864582544, -35.21865895414087], [-61.02104586498686, -35.21871281079069], [-61.018893084913245, -35.22043822132444], [-61.00583094793867, -35.23074762737224], [-60.99963039717951, -35.23563933451232], [-60.99066947986269, -35.24270715106812], [-60.98669949729084, -35.24580471803263], [-60.984833920492115, -35.24730160816874], [-60.96899717116342, -35.23376093656635], [-60.96621104126789, -35.231099794726866], [-60.96285127882456, -35.22815044950323], [-60.94601531063754, -35.213224502317345], [-60.92102818826575, -35.190797206407545], [-60.91824287959961, -35.18835095086525], [-60.911445827449405, -35.18248814312423], [-60.90460983170591, -35.176517122923265], [-60.89238957596018, -35.166044925804826], [-60.88959096960867, -35.163642601793626], [-60.889498810111036, -35.16371323105311], [-60.87883004767765, -35.15458911696252], [-60.86931379614777, -35.14628695580615], [-60.865264675350645, -35.14950436962201]]]]}}, {"type": "Feature", "properties": {"PARTIDO": "Suipacha", "CABECERA": "SUIPACHA", "FNA": "Partido de SUIPACHA", "GNA": "Partido", "NAM": "SUIPACHA", "CDE": "0784", "CCA": "102", "ARA": 941.147047743, "ARL": 943.87, "SDP": null, "SAG": "Dirección Provincial de Estadística - Ministerio de Economía - PBA", "COD_PART": "784", "partido": "Suipacha"}, "geometry": {"type": "MultiPolygon", "coordinates": [[[[-59.747469212791096, -34.52426362272873], [-59.71913715301914, -34.5465576501872], [-59.719059837417944, -34.54669103700005], [-59.713780173420595, -34.55085743840888], [-59.71181471722093, -34.552379267006835], [-59.704188094246206, -34.559126150499985], [-59.694887431628395, -34.56709803111614], [-59.69494870798531, -34.5671617855718], [-59.68585672428997, -34.57347076839426], [-59.68580651353849, -34.5734161055341], [-59.68164325354706, -34.57633100280562], [-59.675822063549425, -34.58036711517559], [-59.67320038819213, -34.58219185414904], [-59.673153824943256, -34.58229985180621], [-59.673191926060696, -34.58238899629146], [-59.6805426693611, -34.588813308242024], [-59.68065672539469, -34.5889026491331], [-59.6808112777125, -34.58896029485887], [-59.68094485845239, -34.58897177423176], [-59.68110176764783, -34.58902229806992], [-59.68350106376342, -34.59109559856252], [-59.68344039457902, -34.59126952353592], [-59.68347822018712, -34.591434986158696], [-59.68653571506696, -34.59410710008508], [-59.68718136305803, -34.59451013513109], [-59.69158969895637, -34.59831201290162], [-59.70515858522154, -34.61015012418606], [-59.71258264747298, -34.616629752032146], [-59.7125899902703, -34.616731531574004], [-59.71691670607412, -34.6205767613225], [-59.714448459224315, -34.62242181017122], [-59.693090325466876, -34.63840240979001], [-59.68279807662053, -34.646549820121535], [-59.67413655409796, -34.6533768140983], [-59.67127987588028, -34.655646061745685], [-59.66625361727906, -34.659556586331995], [-59.66537018737186, -34.66029391681971], [-59.66481702866572, -34.660780143162675], [-59.65307080641241, -34.67007752673764], [-59.652993269273885, -34.670210867727924], [-59.65298488232006, -34.67037620604552], [-59.6531228365152, -34.67052288034599], [-59.6540433999788, -34.67129506563516], [-59.65415067114752, -34.67141621162715], [-59.6541578146197, -34.67154979353802], [-59.65407244810798, -34.67171491349142], [-59.64966837520382, -34.675235797660356], [-59.645413973689145, -34.67846351137942], [-59.64416223246531, -34.679521995640854], [-59.635707551114685, -34.68611106827506], [-59.629848521390976, -34.690699812863684], [-59.62878246964082, -34.68974892370357], [-59.61148537219509, -34.70360441897147], [-59.61127726458442, -34.70364191600363], [-59.61113040866314, -34.70375592779643], [-59.606861954198564, -34.707227471485986], [-59.59135523434385, -34.71974371128334], [-59.59115154456655, -34.71964858914446], [-59.590824585383004, -34.71956973794909], [-59.59052409241537, -34.71957983561682], [-59.59017394676555, -34.71965641268963], [-59.589918387238605, -34.71964814760558], [-59.589573912456686, -34.71948407363627], [-59.589413216131135, -34.719335429370794], [-59.58927144546377, -34.71898690900193], [-59.58915103362497, -34.71885321046877], [-59.58897652006306, -34.71877856953012], [-59.58877914703543, -34.7187927137767], [-59.5886306949271, -34.71888848034381], [-59.58853281954007, -34.71896670651185], [-59.5884546958429, -34.719113743181545], [-59.58833265197394, -34.71930956752001], [-59.58823828316542, -34.71934997643023], [-59.580625059373105, -34.725046531900276], [-59.56786266424674, -34.734522837429054], [-59.55367754599163, -34.74492749153324], [-59.552481114519125, -34.74389914518966], [-59.53416277692364, -34.758998357231945], [-59.52735182914245, -34.76431902440887], [-59.52720949731357, -34.76434280531943], [-59.52702815175248, -34.7643177675229], [-59.52692702300138, -34.76448273247003], [-59.52637982551052, -34.764983897101466], [-59.532147678782415, -34.76989063300523], [-59.52376706897063, -34.776739443550795], [-59.52369100024268, -34.77692529974245], [-59.52354416993638, -34.7771182055827], [-59.51319397920119, -34.785569615713186], [-59.49582509673329, -34.79968150204309], [-59.49306772022412, -34.802031547333804], [-59.49307543076581, -34.80203157945126], [-59.492060378484496, -34.80284777383274], [-59.49199783952702, -34.802987429952104], [-59.492043085636375, -34.803152976187356], [-59.4927637610531, -34.80377980334374], [-59.50608363889192, -34.8148237688466], [-59.506240910360106, -34.81497934323556], [-59.50647388016473, -34.815334143441106], [-59.50670343826301, -34.815633988178874], [-59.51247755438765, -34.8204941086506], [-59.51255891468295, -34.82042766171271], [-59.52265155576829, -34.82885635807431], [-59.51236830977591, -34.83706432462574], [-59.496286519084826, -34.84957222398223], [-59.49169716195799, -34.85319095950384], [-59.47931584096372, -34.862851435188276], [-59.4662547852385, -34.872960190918974], [-59.4958402609823, -34.88778876527989], [-59.51318925585063, -34.896416412526825], [-59.5135735134183, -34.896704141380305], [-59.52530803085897, -34.90265579623228], [-59.53628067472322, -34.908132419413356], [-59.53696511530352, -34.90860565386578], [-59.5420693639145, -34.91117527274198], [-59.54252429859798, -34.911278742734844], [-59.549807977928914, -34.91492466651279], [-59.55409351697632, -34.91715704101803], [-59.565108762110015, -34.922605779948626], [-59.573865623199765, -34.92696782301193], [-59.57523653702437, -34.92766584015042], [-59.57574996040773, -34.92797277908027], [-59.57942147975831, -34.92979856493624], [-59.57978373771867, -34.929933373928286], [-59.5922166514325, -34.9361574505861], [-59.60190071746388, -34.94102936546108], [-59.60544506264397, -34.94277714849547], [-59.61830738313999, -34.94929550867685], [-59.63093626707415, -34.95553143211517], [-59.63590786745044, -34.95797587078039], [-59.6400622882021, -34.95480200480309], [-59.65126023819497, -34.946325279704006], [-59.66103018294094, -34.938981931857334], [-59.657936024306736, -34.936334576426894], [-59.65829223650016, -34.936246619998975], [-59.65869395186437, -34.936215950041415], [-59.65906425092736, -34.936312387178134], [-59.65947282218784, -34.93649160751924], [-59.65993632119804, -34.936461106612136], [-59.66070174194641, -34.93625337300069], [-59.661343752791375, -34.93600713217521], [-59.66189308575662, -34.93576063005683], [-59.662272281804704, -34.93557089072449], [-59.662481543516016, -34.93541004724202], [-59.66283089376152, -34.93494282116338], [-59.66343471375014, -34.93437542130849], [-59.66381254586574, -34.93417603477752], [-59.664054460565616, -34.93403360860074], [-59.66434551443474, -34.93367667379508], [-59.66466601002064, -34.93320057400218], [-59.66473753190288, -34.932933596353294], [-59.66490885679662, -34.93282760513657], [-59.66523728774135, -34.93277286240333], [-59.66561343482115, -34.93285339523637], [-59.666047147024216, -34.9330215333127], [-59.6666163901221, -34.93309464429633], [-59.66713934838507, -34.933077820520275], [-59.667601231532046, -34.93304169455154], [-59.668228139065256, -34.93317855407771], [-59.668529185851604, -34.93318156704097], [-59.66935860670816, -34.93291929303063], [-59.67019985824, -34.93256384099337], [-59.670475733555676, -34.93225745045926], [-59.67075227337402, -34.932016805645034], [-59.671435655401346, -34.93167667602416], [-59.67174874808168, -34.931463017969115], [-59.67206783203502, -34.931328734415985], [-59.672473190480794, -34.93134572649787], [-59.67271479784998, -34.931274829834145], [-59.672918486140595, -34.93102893598583], [-59.6731810059063, -34.93055265636598], [-59.67337450308991, -34.930441880417], [-59.67363545896757, -34.930407166982846], [-59.673790045828376, -34.93032375025863], [-59.67388726623384, -34.93014911657636], [-59.67391855179821, -34.929560918136346], [-59.6740262721832, -34.92917166835833], [-59.67424979193363, -34.92879067921716], [-59.67466680001837, -34.92829891064467], [-59.674802813561314, -34.9280766812145], [-59.67483258620448, -34.92787006695645], [-59.674593220233206, -34.92737654022999], [-59.67457476275206, -34.927161847486474], [-59.67482431073362, -34.92685261253541], [-59.6752139835487, -34.92661502363371], [-59.6756777355533, -34.92650496598858], [-59.676045617663874, -34.9262277046719], [-59.676684011790364, -34.925887565675936], [-59.67683922695509, -34.925689233906525], [-59.676897857450975, -34.92550654475492], [-59.67694242514148, -34.924864278029844], [-59.6770770787036, -34.92410786159285], [-59.677223042681554, -34.923806158531576], [-59.67719545681324, -34.92345629460882], [-59.67720619785864, -34.923178081206395], [-59.67762446546146, -34.922352415053666], [-59.67798088938249, -34.92202975025467], [-59.67806075535783, -34.921852735956406], [-59.67802301737543, -34.92163004217589], [-59.67783091415651, -34.9213910395926], [-59.677822224944286, -34.921144573763826], [-59.6779098046231, -34.92096196072172], [-59.67822880794755, -34.920835609761056], [-59.6788471035048, -34.9206861994256], [-59.680159761292224, -34.92068171123777], [-59.68042985396521, -34.920722171349176], [-59.68062236358423, -34.920857823825656], [-59.68079538675351, -34.92104112278165], [-59.68120023551424, -34.92117733193445], [-59.68203010033219, -34.92122720513082], [-59.682310306512576, -34.92114843989363], [-59.682683920784754, -34.92091407296562], [-59.68310297039983, -34.92083251891418], [-59.68323904152591, -34.92058642992892], [-59.683211124506265, -34.920316065294806], [-59.68303595181091, -34.92004698601113], [-59.682882431851986, -34.91981127206015], [-59.682898730371534, -34.919588720687635], [-59.68306195207375, -34.91930931428007], [-59.68317119769822, -34.9190106880861], [-59.68329837897855, -34.91868068874342], [-59.68344327048258, -34.91853440998582], [-59.683667817273204, -34.91836963907517], [-59.68373804018099, -34.91817902715619], [-59.68365379051345, -34.918000732690146], [-59.6834765963127, -34.917898514171256], [-59.68323003527058, -34.917764315327], [-59.6831382622307, -34.917535121873], [-59.683162232171256, -34.917325310810554], [-59.683379226780936, -34.917116001902045], [-59.68366553819451, -34.91695139185491], [-59.68372034139038, -34.916754379543384], [-59.683729013139015, -34.91650636903014], [-59.68388421296344, -34.91630325855888], [-59.684185986574285, -34.91613232725689], [-59.68439359810904, -34.9159116327633], [-59.68485906752747, -34.91577792498692], [-59.68499080764651, -34.91565106942241], [-59.6851773714749, -34.91532084232296], [-59.685315902783294, -34.91507467689644], [-59.68546109264707, -34.9149637552716], [-59.68576998557145, -34.91494865472455], [-59.68595377762826, -34.914837833215145], [-59.68604139416476, -34.914639314505905], [-59.68620769224621, -34.914459949767824], [-59.68644773184436, -34.914378020799525], [-59.686612432380294, -34.91421149980914], [-59.68674959825806, -34.91367126818438], [-59.68691487024153, -34.91335370203163], [-59.68737964624951, -34.91294945972673], [-59.68754485410207, -34.912647792153855], [-59.68789468791522, -34.91201270774711], [-59.68876588693479, -34.91131536083448], [-59.68916254955205, -34.91105403216088], [-59.68913485690464, -34.91072007037079], [-59.688952876211765, -34.91035391446347], [-59.68902108870209, -34.91017919370004], [-59.68930143149515, -34.9100527134551], [-59.68942733615528, -34.909933788279446], [-59.68931224939058, -34.909742699131584], [-59.68886929118021, -34.909487172321214], [-59.688570760612855, -34.90931946264574], [-59.68852304855276, -34.90917624344238], [-59.688794937638924, -34.90873175216904], [-59.68912895364261, -34.908354693700105], [-59.68933741942254, -34.90818460396059], [-59.68961730618527, -34.908177368780464], [-59.69011986392606, -34.90797990674436], [-59.690429415102095, -34.907781950257785], [-59.690555970812305, -34.90748813010255], [-59.69069423322889, -34.90709516926824], [-59.69084776932154, -34.90687673780878], [-59.69074284080279, -34.906550529039365], [-59.69066948082935, -34.906137495426115], [-59.690725686827676, -34.905978100037856], [-59.6909769430755, -34.90588334201731], [-59.69115179183699, -34.90571543239769], [-59.691248510430036, -34.90551834068103], [-59.69155822908527, -34.905272683520245], [-59.69170369037251, -34.9050822574205], [-59.69181165044777, -34.904597593460494], [-59.692469378377, -34.90418586972421], [-59.693051691936944, -34.904132659593294], [-59.693377015733425, -34.90403711639452], [-59.693512554512886, -34.90391821113255], [-59.693785196008506, -34.90325906489508], [-59.69399978940866, -34.90295034177625], [-59.69466693250313, -34.90228345688663], [-59.69526649570829, -34.901935170369526], [-59.695855817667685, -34.90174585026158], [-59.696358409148594, -34.901524513085015], [-59.696851115344955, -34.901366746095015], [-59.69711208703553, -34.90124814951624], [-59.697151531136, -34.90101770372202], [-59.697954671666515, -34.90040756649618], [-59.69841222133247, -34.90032490274247], [-59.69854391851822, -34.900234133664576], [-59.69859289070448, -34.90003551035983], [-59.69855562958945, -34.89966972601148], [-59.698488927780524, -34.899439016423074], [-59.698760788898696, -34.898978601252104], [-59.69908987491939, -34.89870117312147], [-59.69933144977789, -34.898606372763275], [-59.699322467507066, -34.89842350542825], [-59.6991011180905, -34.89826396165373], [-59.69876537476146, -34.89772254227467], [-59.6985054903149, -34.897547002205876], [-59.69849521254789, -34.89733385823936], [-59.698691152878936, -34.89718485684926], [-59.69891208243275, -34.897182318817606], [-59.69989560868418, -34.89736759618175], [-59.70017014059615, -34.89730350396821], [-59.70074633194912, -34.8969245047432], [-59.70107015051861, -34.89657912905589], [-59.70169499971385, -34.896076205799], [-59.70289594553828, -34.89483102625907], [-59.70338735760045, -34.8946324601085], [-59.70366621728147, -34.89440092917514], [-59.70426153581832, -34.893906642366474], [-59.70481840737881, -34.89359636287577], [-59.70528233114757, -34.89337489350662], [-59.70549162340094, -34.89312736653821], [-59.70567531130889, -34.8929123896852], [-59.706064284867686, -34.892715361916714], [-59.706930206327215, -34.892316781512356], [-59.707222120888375, -34.892021264770484], [-59.70749515950934, -34.89189839213339], [-59.70805214040304, -34.89154993824539], [-59.70835872678875, -34.891140013673954], [-59.70846296736372, -34.89104846919016], [-59.7087639818152, -34.89106193645311], [-59.70897274304131, -34.89096067876425], [-59.709285719646104, -34.89075992785124], [-59.709676206156715, -34.89065708787594], [-59.7104502790197, -34.890511209744204], [-59.71074212371936, -34.89044339394476], [-59.71127545813387, -34.89022842598937], [-59.71155576891031, -34.88999366846759], [-59.71204868451278, -34.88983594888826], [-59.712291912355646, -34.889845238571716], [-59.71263880856654, -34.88969712503461], [-59.712813241153995, -34.889751073847364], [-59.712948508370516, -34.88969574474936], [-59.71296852341357, -34.88948909651152], [-59.71294035277959, -34.88926643476587], [-59.7129988493133, -34.88909167681866], [-59.71321146425732, -34.888988830827344], [-59.71346236716606, -34.88897352274992], [-59.71380928165432, -34.88909358743222], [-59.714136735841166, -34.88926130363739], [-59.714705584159724, -34.889373938026175], [-59.71522660558212, -34.88936720934317], [-59.7157832421095, -34.88936610708725], [-59.71622365231732, -34.889233578799335], [-59.716602836757204, -34.889103005546275], [-59.71739741721245, -34.889070957380916], [-59.717706632072435, -34.88893175839557], [-59.71787728385615, -34.88868412006518], [-59.71817142907089, -34.888436767838655], [-59.71851170847521, -34.88824040013009], [-59.719261207748175, -34.888000458099604], [-59.719531413257656, -34.88798200283243], [-59.71984795067774, -34.88795729259002], [-59.72018323440132, -34.88780747569954], [-59.72031197511656, -34.88768488728763], [-59.720520540381095, -34.88763448762438], [-59.72077511441769, -34.88767323232522], [-59.72102231387621, -34.88761020092557], [-59.7216610199655, -34.88732646851703], [-59.72201343466039, -34.887055041403734], [-59.72232969721969, -34.886722812607786], [-59.722493083405844, -34.88633523447367], [-59.72278076935835, -34.885706263405254], [-59.723060321543954, -34.885293971562874], [-59.72335425245769, -34.88500798485073], [-59.72359183900268, -34.88474555893169], [-59.723687276578985, -34.884665309075714], [-59.72389576945923, -34.88463398327837], [-59.72410387849222, -34.88471713366722], [-59.7244114644435, -34.88474794607877], [-59.7246520893156, -34.88464841820849], [-59.72509309565634, -34.88432506293345], [-59.725310256792646, -34.88400756073324], [-59.72542414343009, -34.883722438374164], [-59.725492812641455, -34.8833807502841], [-59.725452805162526, -34.8831567483692], [-59.725484539328505, -34.88296734001776], [-59.72591118424985, -34.88231641568673], [-59.72609595867725, -34.88187164094602], [-59.726648111644685, -34.88118919707504], [-59.72688006245886, -34.881062521248275], [-59.72730461214664, -34.881039625054605], [-59.72756497764484, -34.8810720073647], [-59.728008141594096, -34.881255846300135], [-59.728441894058776, -34.8813681141662], [-59.72909779394198, -34.881401376018566], [-59.72960937694576, -34.881315066668044], [-59.73000558429994, -34.88110925129993], [-59.730189970252425, -34.88077576760695], [-59.73034489483136, -34.8806012149204], [-59.73098229721994, -34.88038798071656], [-59.731241365696675, -34.88010994242897], [-59.73139835972514, -34.88000730827107], [-59.73192922571406, -34.879921031712236], [-59.73244038555871, -34.87996190662469], [-59.73284519690235, -34.880074095109585], [-59.73336669780408, -34.87990034347685], [-59.733752729938026, -34.879853490178455], [-59.734023202821625, -34.87974278387067], [-59.73439055261616, -34.8795050914635], [-59.73468082827452, -34.87923543114447], [-59.735009459924065, -34.87903740129173], [-59.735753029580735, -34.87880052411928], [-59.73602324219319, -34.878769311573606], [-59.736196504596506, -34.87888893539629], [-59.73635956053164, -34.87918343421396], [-59.73669633966834, -34.879454458157035], [-59.73698526439773, -34.87960613079828], [-59.73730394213848, -34.87950347177749], [-59.73768120676961, -34.879178342578044], [-59.73789454795396, -34.87882900971774], [-59.738141630308576, -34.878558681873166], [-59.738397416859115, -34.87844054990128], [-59.73903422924767, -34.87840216946102], [-59.73991311225991, -34.87807810888212], [-59.74110133107812, -34.87754800493072], [-59.741743042000095, -34.877299842743355], [-59.74209534871417, -34.87704179813993], [-59.742183843992095, -34.876882517597586], [-59.74296682644306, -34.8763674350572], [-59.743247021640606, -34.8762249300221], [-59.743507353749926, -34.8762652284624], [-59.743921612182916, -34.876440998242785], [-59.74426221209777, -34.876460713898794], [-59.744876915458725, -34.876347608765315], [-59.74593845062749, -34.876214683915876], [-59.74604522240167, -34.876000260484254], [-59.746229385604494, -34.8757144508693], [-59.74641420345272, -34.87529055251751], [-59.746520413556624, -34.87518241771949], [-59.746780940134805, -34.87515911045477], [-59.7471282109417, -34.87515983318268], [-59.74737921189186, -34.87509675673498], [-59.74769834412184, -34.87483507349718], [-59.74818165607228, -34.87451013133038], [-59.748886442473626, -34.87431284305411], [-59.74933038930635, -34.87424221054935], [-59.74962006754012, -34.874147408725854], [-59.74992891737532, -34.87409239554205], [-59.75029267935131, -34.87413847540473], [-59.750585945963714, -34.87413271795665], [-59.75085644488277, -34.873999714905096], [-59.75121225116807, -34.873726967927574], [-59.75145999844682, -34.87346035933343], [-59.75146823264136, -34.873288659591616], [-59.75139946944714, -34.87305956358317], [-59.75147732802476, -34.87283076639627], [-59.75158337177325, -34.8723426986162], [-59.75165672915666, -34.87219514424126], [-59.75202029848479, -34.87190333162739], [-59.7525230160539, -34.87152912211357], [-59.752724471420755, -34.87125605722315], [-59.7530645601743, -34.8710723111601], [-59.75327348999559, -34.87099670401303], [-59.75339691232598, -34.8708949087235], [-59.75344905471573, -34.870734566205066], [-59.75352883717711, -34.870647140734995], [-59.75367558639467, -34.87060291886952], [-59.75392229420764, -34.870679737208974], [-59.75404585606871, -34.870648187621654], [-59.75415424961516, -34.870527568770996], [-59.7544454433878, -34.87016949196901], [-59.75452591685634, -34.87010220720634], [-59.7549872968523, -34.869950589334145], [-59.75524398016279, -34.86996373758841], [-59.75556469836943, -34.87004942710364], [-59.7557576378077, -34.87004186535522], [-59.755854566289585, -34.86988306297599], [-59.755874492369145, -34.86966845621336], [-59.75593281354105, -34.869517525690874], [-59.75609693116881, -34.86947015651019], [-59.75641221903892, -34.8694246332273], [-59.75656992439345, -34.86935185631894], [-59.75655103118463, -34.86921667068234], [-59.756387475950234, -34.86907324495728], [-59.75590570811004, -34.86889738195957], [-59.75554938288693, -34.86870586949909], [-59.75529003417772, -34.86833965432046], [-59.75511558646222, -34.86799004030304], [-59.75508969170836, -34.86759196405665], [-59.755013352419056, -34.86731356423503], [-59.75476356096298, -34.866979166720476], [-59.75469665686443, -34.86677233526093], [-59.75476474101452, -34.86658167586713], [-59.75499691439383, -34.866351597188135], [-59.755113790632485, -34.86597023913937], [-59.7550277607796, -34.86570772044599], [-59.75503804206451, -34.86549309514693], [-59.755192744105024, -34.86536620824428], [-59.75539531738901, -34.86535866643554], [-59.75559815044863, -34.86526367542966], [-59.75563734302409, -34.86505705761634], [-59.75550308570398, -34.86479444229625], [-59.755484359947154, -34.8646036078602], [-59.7556295079449, -34.86444490245291], [-59.75584181866081, -34.864405578944165], [-59.756179517164355, -34.864366507434795], [-59.75648941036956, -34.864211143677416], [-59.75755888977906, -34.864329516206126], [-59.75772299725877, -34.86428214384471], [-59.75795543542852, -34.863956661967364], [-59.75823656201423, -34.86347227921903], [-59.758518083398855, -34.863179823766465], [-59.759087134450674, -34.86285387725925], [-59.759251631947706, -34.86267135562091], [-59.75958023038785, -34.86244145974935], [-59.75986000317262, -34.86241816236618], [-59.76007256065248, -34.86229138429797], [-59.760304914754656, -34.86198974689957], [-59.76059515946138, -34.86168027356023], [-59.7607990592743, -34.86121163242077], [-59.76097448187343, -34.86058393673015], [-59.76092683373464, -34.860385096665524], [-59.76114014274043, -34.85999597154861], [-59.76111185170996, -34.85977331937087], [-59.76122926457983, -34.85919320956236], [-59.76140337109113, -34.85901865320523], [-59.76165431220301, -34.8589555468769], [-59.76194784640412, -34.85894195718212], [-59.76212611099393, -34.85866247033126], [-59.762173008125146, -34.85845268507005], [-59.762235099156925, -34.85832560786685], [-59.7624821246846, -34.85828157123322], [-59.76276776437803, -34.85822488974585], [-59.76295322978903, -34.858123493035464], [-59.763046254118834, -34.85797103723551], [-59.763000762930446, -34.85769111197659], [-59.76316399146249, -34.857271676813], [-59.76311034787575, -34.857144373696386], [-59.762917571451496, -34.85710583899429], [-59.76263970536136, -34.857143456048284], [-59.76237760004546, -34.85706662611004], [-59.76206892732018, -34.85708510168796], [-59.76188388576415, -34.85704022018806], [-59.761708143886494, -34.85685613058111], [-59.76166911912511, -34.85660096634831], [-59.76156137882268, -34.856505357079726], [-59.76132227495816, -34.85647944779601], [-59.76100611016114, -34.85642158787156], [-59.76096380610954, -34.85628853440394], [-59.76102262588345, -34.85604638556254], [-59.76096132577056, -34.855899987358], [-59.760815249730285, -34.85572162275641], [-59.760846590295905, -34.85555632756753], [-59.76097058678469, -34.85536577423147], [-59.76120265152439, -34.85515635301797], [-59.761442706178094, -34.854851548012995], [-59.7616211103208, -34.85452118321833], [-59.76173024166308, -34.8541334424922], [-59.76176987152517, -34.853790677111526], [-59.76174002805596, -34.853414792398375], [-59.76166434397617, -34.8529058510351], [-59.76156568170318, -34.85233962546893], [-59.76158202884424, -34.852021662469774], [-59.761683094271106, -34.851754744260084], [-59.761899973819865, -34.85145625304357], [-59.762201495695805, -34.85123424601845], [-59.76250279666039, -34.851088556882196], [-59.76281932540011, -34.851012855471936], [-59.763097006725936, -34.85103247665193], [-59.76352894893119, -34.851065116914135], [-59.76399193231152, -34.851034216495286], [-59.764362499867126, -34.850945896214874], [-59.76467145700339, -34.850819296518814], [-59.7649109797288, -34.850692560943585], [-59.76540436587248, -34.850557292670516], [-59.76568215339871, -34.85053874905769], [-59.766214477545184, -34.85053977343249], [-59.7664921750086, -34.850553026591875], [-59.7666853328131, -34.85045163878519], [-59.76690960127889, -34.85026127149835], [-59.76738881382241, -34.849944192831515], [-59.76753568095972, -34.849842715120104], [-59.767574827226305, -34.84963927291972], [-59.767576311506915, -34.849111403189106], [-59.76753838172515, -34.848882373358315], [-59.76763899389295, -34.848768087384904], [-59.76779298546448, -34.84861953724184], [-59.767994476375556, -34.848552528323026], [-59.7682106470605, -34.848495701354445], [-59.768349777683554, -34.84840056818739], [-59.768442727590326, -34.84826718693651], [-59.768544067868525, -34.84789214448649], [-59.76856051183279, -34.847529661023536], [-59.76859211857415, -34.84726260463269], [-59.768723869759306, -34.84704661750792], [-59.76899457069773, -34.84679909538778], [-59.76934241496, -34.84655171896633], [-59.76962861204331, -34.846278784474315], [-59.76992301662214, -34.84582778798501], [-59.770070810810914, -34.84538923340091], [-59.77009510380131, -34.84497588465667], [-59.77001097202733, -34.844714968364784], [-59.76981068359771, -34.84461283089722], [-59.769656611049655, -34.84453622005179], [-59.769534871940806, -34.844294415873726], [-59.769570687807075, -34.844058041833925], [-59.76970461466341, -34.84391939901419], [-59.76984403682564, -34.84371614567912], [-59.77181559866367, -34.842067303936346], [-59.77310799059218, -34.8411180221634], [-59.77465220459741, -34.84027879683066], [-59.777052821930006, -34.839601883591406], [-59.781446967102106, -34.8381441252578], [-59.7852333617967, -34.83557509836428], [-59.788728043319296, -34.83387993591789], [-59.79028458000378, -34.83242395931127], [-59.792258492064754, -34.831322166823675], [-59.79264413343036, -34.83077503008358], [-59.79258736245185, -34.830192477721205], [-59.79286366801615, -34.8294180920651], [-59.79324850318524, -34.8286844796078], [-59.79425892410613, -34.82781103634546], [-59.794943164489965, -34.82739754427848], [-59.79534487092042, -34.82696289060196], [-59.79632925112798, -34.826551146316405], [-59.797347141652175, -34.82602491882859], [-59.797589082629734, -34.82573967369597], [-59.79823839256532, -34.82514291804479], [-59.79865677044071, -34.824361338097866], [-59.798767706149704, -34.82389648361825], [-59.798714276596684, -34.82366743767999], [-59.79851482413748, -34.82322827160623], [-59.79830713504274, -34.823005329346685], [-59.798192132870845, -34.82272530109824], [-59.79830840628986, -34.82248381563156], [-59.79863301550928, -34.8221981553829], [-59.79880285464349, -34.822128477177706], [-59.79903420505977, -34.8221352198564], [-59.79928214714651, -34.8220306944282], [-59.799482329443556, -34.8217988812914], [-59.79973686200391, -34.82178658073176], [-59.80006123414261, -34.821596315857036], [-59.80026961528506, -34.82153305835545], [-59.80058909931063, -34.82133913153182], [-59.801374359897146, -34.820486154143374], [-59.801804036567084, -34.81907164368444], [-59.80235642172044, -34.817503339479174], [-59.80241662305095, -34.81746738090148], [-59.804311720733274, -34.81338255338177], [-59.80670805794918, -34.809857364647556], [-59.80690335306536, -34.80812696739183], [-59.80992997750312, -34.80601456531932], [-59.804143850959534, -34.80079657747733], [-59.80070453425602, -34.79782088777235], [-59.79266556427763, -34.79065248678706], [-59.79001906484223, -34.78829038377833], [-59.798854148301686, -34.7816277287737], [-59.827636731224594, -34.75990754108519], [-59.84770127658751, -34.744771988603574], [-59.84983406593264, -34.74310337734575], [-59.86044557431876, -34.735111887674684], [-59.8666671435032, -34.730423860046976], [-59.901466467702015, -34.704133943424495], [-59.90358614693621, -34.7025583389999], [-59.91331838256057, -34.69520317920365], [-59.91786588769688, -34.691765582834705], [-59.926996619890495, -34.68484524709597], [-59.93123447821135, -34.68157499601422], [-59.94420650344733, -34.67174889123734], [-59.94438365300939, -34.67161540969961], [-59.9443529368086, -34.671500913808465], [-59.939220393285225, -34.66713259965597], [-59.90691608574365, -34.6394029390403], [-59.89583370086386, -34.629836426385644], [-59.895689677144624, -34.629639535639434], [-59.884335817101594, -34.619818874785985], [-59.88259244436047, -34.618338470279134], [-59.87668558572378, -34.613335933176266], [-59.8449331532387, -34.58589675194407], [-59.84010979993614, -34.58969472026704], [-59.808219227394154, -34.562880596849034], [-59.79492119661251, -34.5517811266455], [-59.783146767346025, -34.54198018514847], [-59.772484773126536, -34.53298564560609], [-59.772410294002306, -34.53303723024572], [-59.755070169648185, -34.518484581652814], [-59.74819970054791, -34.52387682721728], [-59.74792259537413, -34.524028901046556], [-59.74770571484401, -34.524121575849215], [-59.747469212791096, -34.52426362272873]]]]}}]}