{"type": "FeatureCollection", "features": [{"type": "Feature", "properties": {"municipio_": "06210", "municipi_1": "Chacabuco", "rtn": "191", "typ": 40, "rst": 1, "hct": 2, "fdc": "DVP Buenos Aires", "sag": "IGN", "long_km": 0.128, "partido": "Chacabuco"}, "geometry": {"type": "MultiLineString", "coordinates": [[[-60.4847663, -34.562198], [-60.4846308, -34.5622918], [-60.4845107, -34.5623471], [-60.4844382, -34.5623628], [-60.4843605, -34.5623709], [-60.4842934, -34.5623768], [-60.4842234, -34.5623744], [-60.4841655, -34.5623717], [-60.4840956, -34.5623643], [-60.4839991, -34.5623387], [-60.4839149, -34.5623036], [-60.4838044, -34.5622327], [-60.4837119, -34.5621667]]]}}, {"type": "Feature", "properties": {"municipio_": "06210", "municipi_1": "Chacabuco", "rtn": "191", "typ": 40, "rst": 1, "hct": 2, "fdc": "DVP Buenos Aires", "sag": "IGN", "long_km": 40.802, "partido": "Chacabuco"}, "geometry": {"type": "MultiLineString", "coordinates": [[[-60.2387369, -34.321728], [-60.2420347, -34.3247838], [-60.24483893, -34.32741041], [-60.2449713, -34.3275344], [-60.2460877, -34.3284483], [-60.2506589, -34.3321905], [-60.2518975, -34.3330657], [-60.2530128, -34.3337374], [-60.2542267, -34.3343379], [-60.2553606, -34.3347856], [-60.2559163, -34.3349789], [-60.2564882, -34.335152], [-60.2569764, -34.3352891], [-60.2576221, -34.3354471], [-60.2581942, -34.3355683], [-60.2587744, -34.3356761], [-60.2594271, -34.3357733], [-60.2602779, -34.3358593], [-60.2617715, -34.3359748], [-60.2645791, -34.3361697], [-60.2727254, -34.336765], [-60.2807883, -34.3373282], [-60.2809258, -34.337339], [-60.2882056, -34.3379067], [-60.2895849, -34.3380218], [-60.2909173, -34.3381818], [-60.2921175, -34.3384238], [-60.2932979, -34.3387266], [-60.294416, -34.3390903], [-60.2950673, -34.3393379], [-60.2954735, -34.3394923], [-60.2967329, -34.340113], [-60.29706, -34.3403126], [-60.2971282, -34.3403543], [-60.2978667, -34.340805], [-60.2984768, -34.3412171], [-60.2990683, -34.3416649], [-60.3002083, -34.3426112], [-60.3058975, -34.3474254], [-60.3119519, -34.3525605], [-60.3184442, -34.358067], [-60.3197579, -34.3591812], [-60.3210946, -34.3603149], [-60.3223306, -34.3613633], [-60.3285488, -34.3665765], [-60.3286464, -34.3666583], [-60.3305258, -34.3682148], [-60.3323803, -34.3696198], [-60.3373991, -34.3738434], [-60.339815, -34.3758764], [-60.3468213, -34.3817724], [-60.3478547, -34.382646], [-60.3519492, -34.3861071], [-60.3619646, -34.3945508], [-60.363801, -34.3960989], [-60.3638795, -34.3961605], [-60.3655663, -34.3975675], [-60.3671529, -34.3989096], [-60.37159584, -34.40266807], [-60.3734889, -34.4042695], [-60.3777244, -34.4078524], [-60.383245, -34.4125222], [-60.3836326, -34.4128574], [-60.3840062, -34.4131964], [-60.3846834, -34.4139014], [-60.3853138, -34.414672], [-60.3858372, -34.4154052], [-60.386163, -34.4159003], [-60.3865888, -34.4166351], [-60.3869343, -34.4173649], [-60.3872238, -34.4181084], [-60.3874807, -34.4188712], [-60.3876694, -34.4196457], [-60.3878, -34.4203991], [-60.3878851, -34.4211793], [-60.3879179, -34.4220771], [-60.3879356, -34.4268031], [-60.3879543, -34.43089], [-60.3879636, -34.4318491], [-60.3880337, -34.4328082], [-60.3881971, -34.4337789], [-60.3884259, -34.4347341], [-60.3887668, -34.4356778], [-60.3890367, -34.4363049], [-60.3891498, -34.4365675], [-60.3896215, -34.4374379], [-60.3901632, -34.4382814], [-60.3905274, -34.4387744], [-60.3909291, -34.4392558], [-60.3913587, -34.4397411], [-60.391807, -34.4402071], [-60.393718, -34.4419146], [-60.3969701, -34.4447082], [-60.3978432, -34.4454582], [-60.4050659, -34.4516773], [-60.4076848, -34.4539131], [-60.4102976, -34.4561945], [-60.415104, -34.4603405], [-60.4197872, -34.4643745], [-60.4210073, -34.4654211], [-60.4216605, -34.4659545], [-60.4222828, -34.466427], [-60.4229945, -34.4668878], [-60.4236728, -34.4672857], [-60.426128, -34.4686624], [-60.4300447, -34.4708288], [-60.4350073, -34.4735976], [-60.4361131, -34.4742075], [-60.4371538, -34.4748108], [-60.4381133, -34.4754074], [-60.4389914, -34.476024], [-60.4452318, -34.4808405], [-60.4512831, -34.4855107], [-60.4567526, -34.4897251], [-60.458087, -34.4907253], [-60.4593597, -34.4916793], [-60.460274, -34.4924582], [-60.460708, -34.4928368], [-60.4613574, -34.4934832], [-60.4620567, -34.4942804], [-60.4625244, -34.494904], [-60.463128, -34.4958357], [-60.4636646, -34.4968342], [-60.4638859, -34.4973178], [-60.4640613, -34.4977556], [-60.4642481, -34.4983037], [-60.4643969, -34.4988173], [-60.4685025, -34.5134983], [-60.4707327, -34.5212001], [-60.4711686, -34.5224152], [-60.4713325, -34.5228161], [-60.4720395, -34.5245456], [-60.4724623, -34.5256108], [-60.4728526, -34.526696], [-60.47735104, -34.54141992], [-60.4794801, -34.5483886], [-60.4796271, -34.548865], [-60.4804215, -34.5514383], [-60.48222277, -34.55731135], [-60.4837119, -34.5621667]]]}}, {"type": "Feature", "properties": {"municipio_": "06210", "municipi_1": "Chacabuco", "rtn": "30", "typ": 40, "rst": 1, "hct": 2, "fdc": "DVP Buenos Aires", "sag": "IGN", "long_km": 4.13, "partido": "Chacabuco"}, "geometry": {"type": "MultiLineString", "coordinates": [[[-60.4837119, -34.5621667], [-60.4838576, -34.5625159], [-60.4844192, -34.5636639], [-60.4873022, -34.568959], [-60.487523, -34.5694098], [-60.4877213, -34.5698982], [-60.4878402, -34.5702403], [-60.4879303, -34.5706001], [-60.487995, -34.5708999], [-60.4880476, -34.5712912], [-60.4880881, -34.5716809], [-60.4880941, -34.5720243], [-60.4880658, -34.5724569], [-60.4880254, -34.5728282], [-60.4879758, -34.5731207], [-60.4879061, -34.5734493], [-60.4878211, -34.5737424], [-60.4876998, -34.5740921], [-60.4875817, -34.5743903], [-60.487443, -34.5746932], [-60.4873115, -34.574953], [-60.4871052, -34.5753026], [-60.4868565, -34.575669], [-60.4865895, -34.5760103], [-60.4864379, -34.5761918], [-60.4862093, -34.5764372], [-60.485817, -34.5768046], [-60.4857082, -34.5768982], [-60.4853837, -34.5771776], [-60.4833601, -34.5787705], [-60.481073, -34.5805708], [-60.4788132, -34.5823379], [-60.4764894, -34.584131], [-60.4741645, -34.5859381], [-60.471864, -34.5877334], [-60.4701598, -34.5890777], [-60.47001646, -34.58920615], [-60.46989451, -34.58930431], [-60.46981421, -34.58938759], [-60.46974877, -34.58947682], [-60.46968929, -34.5895482], [-60.46960006, -34.58961364], [-60.46950955, -34.58964251]]]}}, {"type": "Feature", "properties": {"municipio_": "06210", "municipi_1": "Chacabuco", "rtn": "30", "typ": 40, "rst": 1, "hct": 2, "fdc": "DVP Buenos Aires", "sag": "IGN", "long_km": 40.569, "partido": "Chacabuco"}, "geometry": {"type": "MultiLineString", "coordinates": [[[-60.7454086, -34.3177351], [-60.7379916, -34.3233299], [-60.7364145, -34.3246147], [-60.7349554, -34.3258906], [-60.7238832, -34.3355301], [-60.71809405, -34.34054104], [-60.71261735, -34.34528152], [-60.7048073, -34.3519802], [-60.702329, -34.3540086], [-60.6862786, -34.3662574], [-60.6850341, -34.3672139], [-60.6838754, -34.3682235], [-60.6828025, -34.3693304], [-60.6817833, -34.3704551], [-60.6784407, -34.3741157], [-60.6746574, -34.3782588], [-60.6737327, -34.3791916], [-60.6725465, -34.3801089], [-60.665601, -34.3853975], [-60.6631074, -34.3873151], [-60.653, -34.3950877], [-60.6428995, -34.4028991], [-60.6426504, -34.4031039], [-60.6426013, -34.4031578], [-60.6423642, -34.4033897], [-60.6420006, -34.4037761], [-60.6416802, -34.4041727], [-60.6412612, -34.4047929], [-60.640932, -34.4054098], [-60.6339818, -34.4208578], [-60.6211767, -34.4495103], [-60.6210778, -34.4497241], [-60.6185147, -34.4554713], [-60.6181517, -34.4561867], [-60.6177277, -34.4569384], [-60.6173452, -34.4574615], [-60.6168434, -34.4580609], [-60.6160316, -34.4588473], [-60.6116539, -34.4622702], [-60.602545, -34.4692305], [-60.5983158, -34.4725089], [-60.5982058, -34.4725931], [-60.5905555, -34.4784954], [-60.5768508, -34.4890375], [-60.5760984, -34.4896162], [-60.575503, -34.4900893], [-60.5749451, -34.4905624], [-60.5656217, -34.4988611], [-60.564581, -34.4997497], [-60.5590726, -34.5039498], [-60.55779547, -34.50493786], [-60.5483448, -34.5122494], [-60.5459857, -34.5141041], [-60.5354457, -34.5221474], [-60.5208003, -34.5340955], [-60.5111759, -34.5416189], [-60.5025524, -34.5483401], [-60.4847663, -34.562198], [-60.4846785, -34.5622994], [-60.4846046, -34.5624123], [-60.4844936, -34.5626076], [-60.4844232, -34.5627943], [-60.4843719, -34.5629667], [-60.484355, -34.5631354], [-60.4843581, -34.5633285], [-60.4843767, -34.5634851], [-60.4844192, -34.5636639]]]}}, {"type": "Feature", "properties": {"municipio_": "06210", "municipi_1": "Chacabuco", "rtn": "30", "typ": 40, "rst": 1, "hct": 2, "fdc": "DVP Buenos Aires", "sag": "IGN", "long_km": 0.051, "partido": "Chacabuco"}, "geometry": {"type": "MultiLineString", "coordinates": [[[-60.42560601, -34.62364429], [-60.4255822, -34.62365961], [-60.4254795, -34.6237257], [-60.4253653, -34.623781], [-60.4252866, -34.6238247], [-60.4252053, -34.6238741]]]}}, {"type": "Feature", "properties": {"municipio_": "06210", "municipi_1": "Chacabuco", "rtn": "30", "typ": 40, "rst": 1, "hct": 2, "fdc": "DVP Buenos Aires", "sag": "IGN", "long_km": 0.034, "partido": "Chacabuco"}, "geometry": {"type": "MultiLineString", "coordinates": [[[-60.4252053, -34.6238741], [-60.4252777, -34.6237847], [-60.42529885, -34.62371592], [-60.42530361, -34.62367785], [-60.42530599, -34.62364216], [-60.42529839, -34.62361089], [-60.4252963, -34.62360229]]]}}, {"type": "Feature", "properties": {"municipio_": "06210", "municipi_1": "Chacabuco", "rtn": "30", "typ": 40, "rst": 1, "hct": 2, "fdc": "DVP Buenos Aires", "sag": "IGN", "long_km": 44.702, "partido": "Chacabuco"}, "geometry": {"type": "MultiLineString", "coordinates": [[[-60.0913547, -34.8406053], [-60.0950799, -34.8376832], [-60.0955698, -34.8373431], [-60.0960115, -34.8370662], [-60.096523, -34.8368016], [-60.09660722, -34.8367633], [-60.0970512, -34.8365614], [-60.0975263, -34.836356], [-60.0995214, -34.8356027], [-60.1043542, -34.833814], [-60.104545, -34.8337424], [-60.107047, -34.8328012], [-60.1072895, -34.8327087], [-60.1112942, -34.8312351], [-60.115853, -34.8294956], [-60.1188072, -34.8284207], [-60.1357583, -34.8220703], [-60.1421693, -34.8196686], [-60.1557929, -34.8145357], [-60.1850729, -34.8035309], [-60.185903, -34.8031994], [-60.1863872, -34.8029527], [-60.1867479, -34.8027435], [-60.1875435, -34.8022488], [-60.1935152, -34.7975733], [-60.1957329, -34.7958457], [-60.1959613, -34.7956778], [-60.1998653, -34.7926455], [-60.2000463, -34.7925049], [-60.2002588, -34.7923394], [-60.2020794, -34.7909212], [-60.2226579, -34.7749359], [-60.2255772, -34.7726479], [-60.2319036, -34.7677275], [-60.2457893, -34.7569492], [-60.2579853, -34.74748135], [-60.2586181, -34.7469901], [-60.2618391, -34.7444894], [-60.2624886, -34.743975], [-60.2880085, -34.7241007], [-60.2936791, -34.7196912], [-60.2951564, -34.7185424], [-60.3092184, -34.7076111], [-60.314325, -34.7036428], [-60.3166827, -34.7018106], [-60.3306388, -34.6909641], [-60.33821588, -34.68507459], [-60.340514, -34.6832883], [-60.3495536, -34.6762611], [-60.3506259, -34.675426], [-60.3620687, -34.666515], [-60.3679299, -34.6619544], [-60.3686394, -34.6614889], [-60.3695313, -34.6610532], [-60.370153, -34.6607772], [-60.371207, -34.6603462], [-60.3779697, -34.6575949], [-60.3838564, -34.6551822], [-60.3845081, -34.6549017], [-60.3848973, -34.654719], [-60.3850989, -34.6546156], [-60.3852654, -34.6545231], [-60.3854253, -34.654432], [-60.3856116, -34.6543198], [-60.3857702, -34.6542173], [-60.3859658, -34.6540824], [-60.3862286, -34.6538922], [-60.3865247, -34.6536697], [-60.3926567, -34.6489553], [-60.3949778, -34.6471707], [-60.3972805, -34.6454003], [-60.3996175, -34.6436036], [-60.4042257, -34.6400604], [-60.4043856, -34.6399375], [-60.4067826, -34.6380947], [-60.4091081, -34.6362955], [-60.4113739, -34.6345425], [-60.4136992, -34.6327434], [-60.4159952, -34.6309666], [-60.4182901, -34.6291775], [-60.4206331, -34.6273661], [-60.4229653, -34.6255812], [-60.4249542, -34.6240591], [-60.4251409, -34.6239249], [-60.4252053, -34.6238741]]]}}, {"type": "Feature", "properties": {"municipio_": "06210", "municipi_1": "Chacabuco", "rtn": "32", "typ": 40, "rst": 2, "hct": 2, "fdc": "DVP Buenos Aires", "sag": "IGN", "long_km": 14.585, "partido": "Chacabuco"}, "geometry": {"type": "MultiLineString", "coordinates": [[[-60.2322342, -34.3255256], [-60.231867, -34.3260657], [-60.2275555, -34.3316706], [-60.2198429, -34.3416959], [-60.2146079, -34.3484999], [-60.2145418, -34.3485858], [-60.2109162, -34.3532979], [-60.20878522, -34.35606746], [-60.2041834, -34.3620483], [-60.2023604, -34.3644173], [-60.2002876, -34.3671119], [-60.2001256, -34.3673223], [-60.1990732, -34.3686891], [-60.1990393, -34.3688241], [-60.1989922, -34.3690115], [-60.1991161, -34.3694485], [-60.2026901, -34.3761562], [-60.2028245, -34.3764752], [-60.2028511, -34.3766133], [-60.2028359, -34.3768162], [-60.2027623, -34.3770476], [-60.1947425, -34.3954561], [-60.1934095, -34.3990822], [-60.1927163, -34.4009888], [-60.1921784, -34.4024576], [-60.1915924, -34.4040577], [-60.1904554, -34.4071622], [-60.1903679, -34.4074009], [-60.1885682, -34.4123143], [-60.1849655, -34.4221499], [-60.1839363, -34.4249596], [-60.1785484, -34.4396658], [-60.1785123, -34.4397639]]]}}, {"type": "Feature", "properties": {"municipio_": "06210", "municipi_1": "Chacabuco", "rtn": "32", "typ": 40, "rst": 3, "hct": 2, "fdc": "DVP Buenos Aires", "sag": "IGN", "long_km": 14.251, "partido": "Chacabuco"}, "geometry": {"type": "MultiLineString", "coordinates": [[[-60.1052402, -34.6100474], [-60.1054005, -34.6098681], [-60.10549226, -34.60938235], [-60.1079798, -34.596214], [-60.1112893, -34.5820905], [-60.1112947, -34.5819094], [-60.1111686, -34.5816996], [-60.1108494, -34.5813706], [-60.1107663, -34.5811939], [-60.1107475, -34.5809885], [-60.1129174, -34.5691952], [-60.1130971, -34.5685591], [-60.1132232, -34.5682874], [-60.113411, -34.5679451], [-60.1134874, -34.5677574], [-60.1135395, -34.5675566], [-60.1144597, -34.563415], [-60.1146475, -34.5627722], [-60.1188129, -34.5519329], [-60.1197141, -34.5481596], [-60.1198348, -34.5478216], [-60.1199425, -34.5476217], [-60.1199716, -34.5475676], [-60.1211947, -34.5456234], [-60.122914, -34.5429679], [-60.1232064, -34.5425216], [-60.1233888, -34.5421681], [-60.1235873, -34.5415472], [-60.1241612, -34.5393997], [-60.1246682, -34.5374046], [-60.1249257, -34.5363484], [-60.124923, -34.5360877], [-60.1248506, -34.5358778], [-60.1246896, -34.5355861], [-60.124357, -34.5350536], [-60.1243195, -34.5348459], [-60.1243678, -34.5346272], [-60.1244938, -34.534362], [-60.1258363, -34.5319834], [-60.1282156, -34.5279694], [-60.128284, -34.527856], [-60.1313696, -34.5226586], [-60.1363479, -34.5142724], [-60.1430296, -34.5032954], [-60.1503852, -34.4945515], [-60.1511013, -34.4937237]]]}}, {"type": "Feature", "properties": {"municipio_": "06210", "municipi_1": "Chacabuco", "rtn": "42", "typ": 40, "rst": 3, "hct": 2, "fdc": "DVP Buenos Aires", "sag": "IGN", "long_km": 53.924, "partido": "Chacabuco"}, "geometry": {"type": "MultiLineString", "coordinates": [[[-60.3852654, -34.6545231], [-60.4041025, -34.6710235], [-60.4153748, -34.6808959], [-60.4156529, -34.6811346], [-60.4157644, -34.6812303], [-60.416194, -34.6815991], [-60.4228499, -34.6874285], [-60.429085, -34.6928692], [-60.4322253, -34.6956093], [-60.438256, -34.7009421], [-60.4438698, -34.705844], [-60.4507437, -34.7118895], [-60.4538626, -34.7146257], [-60.4571525, -34.7175117], [-60.4652979, -34.7245905], [-60.465876, -34.7251549], [-60.4662837, -34.7255816], [-60.4667637, -34.7262063], [-60.467242, -34.7269469], [-60.4673713, -34.7272372], [-60.4676516, -34.7278663], [-60.4757114, -34.7455526], [-60.4757786, -34.7456983], [-60.4781746, -34.7508898], [-60.4840288, -34.7637124], [-60.4869549, -34.770163], [-60.4889879, -34.7745543], [-60.4908528, -34.7786085], [-60.4923868, -34.7819906], [-60.4926567, -34.7826343], [-60.4928839, -34.7833662], [-60.4933007, -34.7848612], [-60.4950809, -34.7913786], [-60.4953138, -34.7922311], [-60.4978391, -34.8014752], [-60.4989883, -34.8056815], [-60.4997547, -34.8084867], [-60.501462, -34.8145876], [-60.5023224, -34.8175408], [-60.5032302, -34.8203521], [-60.5041283, -34.8230694], [-60.5070065, -34.8317775], [-60.5073975, -34.8329982], [-60.5076197, -34.8340464], [-60.5076945, -34.8347536], [-60.5075887, -34.8356114], [-60.5069756, -34.8386011], [-60.5068441, -34.8391912], [-60.5060151, -34.8429131], [-60.5059568, -34.843273], [-60.5059321, -34.8436266], [-60.5059069, -34.8441337], [-60.5057912, -34.8508284], [-60.5057477, -34.8529738], [-60.5057667, -34.8536067], [-60.5058244, -34.8541435], [-60.5058938, -34.8544526], [-60.5060646, -34.8550025], [-60.5062917, -34.8555649], [-60.5069684, -34.8569009], [-60.5075231, -34.8579111], [-60.51031374, -34.86310277], [-60.51088957, -34.86419732], [-60.5112309, -34.8650575], [-60.51130836, -34.86582487], [-60.51138424, -34.86689549], [-60.51150109, -34.87468449], [-60.51222992, -34.89486518], [-60.5125323, -34.9020189], [-60.5125861, -34.904406], [-60.5126074, -34.9047777], [-60.51285562, -34.91130779], [-60.5130878, -34.9174157], [-60.5133344, -34.9245723], [-60.5135193, -34.925789], [-60.5138246, -34.9272893], [-60.5158496, -34.9349274], [-60.5166549, -34.9379646], [-60.5183409, -34.9443234], [-60.5185828, -34.945354], [-60.5193512, -34.9506734], [-60.5219087, -34.9683759], [-60.52247348, -34.97229937], [-60.5236059, -34.9801661], [-60.5236665, -34.9809552], [-60.523582, -34.9818844], [-60.5231979, -34.9839326], [-60.5222293, -34.990029], [-60.521943, -34.9918307], [-60.5215978, -34.9940031], [-60.5208723, -34.9979502], [-60.5205678, -34.9994149], [-60.5201114, -35.0009613], [-60.519342, -35.0031828], [-60.5166965, -35.0107651], [-60.5158496, -35.0131922], [-60.51562, -35.0138689], [-60.5149783, -35.0157344], [-60.5141428, -35.0181634], [-60.5133873, -35.0202733], [-60.5126493, -35.0223345], [-60.5114918, -35.025632], [-60.5108144, -35.0275618], [-60.5099838, -35.0300467], [-60.5095129, -35.0314555], [-60.5093446, -35.0319251], [-60.5079874, -35.035712], [-60.5060672, -35.0412593], [-60.5044137, -35.0460065], [-60.5038483, -35.047628], [-60.5032399, -35.0493315], [-60.50313061, -35.04977795], [-60.5030211, -35.0502253], [-60.501792, -35.0554888], [-60.5014979, -35.0567109], [-60.5006932, -35.0600546], [-60.4995187, -35.0647243], [-60.4982183, -35.0702424], [-60.4974822, -35.0734214], [-60.4968219, -35.0759896], [-60.4967117, -35.0768828], [-60.4963794, -35.0844543], [-60.4963438, -35.0851821], [-60.4963651, -35.0855383], [-60.4963598, -35.0857845], [-60.4963509, -35.086035], [-60.4963757, -35.0863014], [-60.4964288, -35.0864824], [-60.49646543, -35.08658952], [-60.4964907, -35.0866634], [-60.49659153, -35.08681009], [-60.49671527, -35.08697011], [-60.49688778, -35.08716046], [-60.4970418, -35.0873158], [-60.49721628, -35.08738179]]]}}, {"type": "Feature", "properties": {"municipio_": "06210", "municipi_1": "Chacabuco", "rtn": "42", "typ": 40, "rst": 3, "hct": 2, "fdc": "DVP Buenos Aires", "sag": "IGN", "long_km": 32.553, "partido": "Chacabuco"}, "geometry": {"type": "MultiLineString", "coordinates": [[[-60.3686394, -34.6614889], [-60.36721627, -34.660328], [-60.36530795, -34.65868379], [-60.36275241, -34.65652086], [-60.36046431, -34.65458747], [-60.35792686, -34.65242343], [-60.35579248, -34.65058887], [-60.35295141, -34.64816896], [-60.35003895, -34.64564911], [-60.34672674, -34.64282945], [-60.34390707, -34.64045236], [-60.34137295, -34.63825374], [-60.33856756, -34.63586238], [-60.33600572, -34.63368511], [-60.33547664, -34.63323546], [-60.33269267, -34.63087265], [-60.33041553, -34.62889532], [-60.32751735, -34.62643258], [-60.32523306, -34.62447666], [-60.32326287, -34.62276345], [-60.32314152, -34.6227349], [-60.32301303, -34.6227349], [-60.32283457, -34.62279914], [-60.32110708, -34.62417685], [-60.32097859, -34.62424823], [-60.32085724, -34.62424823], [-60.32073588, -34.62423396], [-60.32058598, -34.62415544], [-60.32045035, -34.62401267], [-60.31960088, -34.62302043], [-60.31807327, -34.62115018], [-60.31630295, -34.61897297], [-60.31441841, -34.61668869], [-60.31293363, -34.61488268], [-60.31259099, -34.61447579], [-60.31248391, -34.61441154], [-60.31238397, -34.61437585], [-60.31226262, -34.6143473], [-60.30932875, -34.6143473], [-60.3050243, -34.61436157], [-60.30099112, -34.61436871], [-60.29818335, -34.61438775], [-60.2933578, -34.6144163], [-60.28868454, -34.61440678], [-60.28582919, -34.61445437], [-60.28335455, -34.61443534], [-60.27850045, -34.61444486], [-60.27593063, -34.61447341], [-60.27298962, -34.61445437], [-60.27080051, -34.61449244], [-60.26791661, -34.61449244], [-60.26471861, -34.61449244], [-60.26326238, -34.614521], [-60.26104472, -34.61451148], [-60.25830358, -34.61453052], [-60.25318298, -34.61454955], [-60.25149833, -34.61455907], [-60.25138411, -34.61456859], [-60.25134604, -34.61453052], [-60.25131749, -34.61445437], [-60.2512699, -34.61424498], [-60.25128893, -34.6136168], [-60.25125086, -34.61349307], [-60.25120327, -34.61341693], [-60.25110809, -34.61337886], [-60.24982319, -34.61338837], [-60.24830033, -34.61339789], [-60.24804335, -34.61337886], [-60.24788155, -34.61334079], [-60.24775781, -34.61324561], [-60.24763408, -34.61313139], [-60.24756746, -34.61287441], [-60.2472724, -34.61095181], [-60.24709156, -34.60974304], [-60.24705349, -34.60950509], [-60.24687265, -34.60922908], [-60.24582569, -34.60762056], [-60.24480728, -34.60603108], [-60.24471805, -34.6059597], [-60.24460503, -34.60591806], [-60.24449795, -34.60591806], [-60.24431354, -34.60600134], [-60.24178537, -34.60742901], [-60.23829113, -34.6093302], [-60.23737742, -34.60981561], [-60.23704191, -34.60992269], [-60.23678493, -34.60995838], [-60.23606395, -34.60999407], [-60.23574986, -34.61006546], [-60.23220209, -34.61137178], [-60.22878994, -34.61260672], [-60.22745506, -34.61309213], [-60.22720522, -34.6132349], [-60.22709814, -34.61336339], [-60.22702676, -34.61354899], [-60.22698393, -34.61387022], [-60.22697679, -34.61424141], [-60.22693396, -34.61444842], [-60.22685544, -34.61461261], [-60.22671267, -34.61466971], [-60.22354323, -34.61471968], [-60.21941724, -34.61473396], [-60.21503428, -34.61472682], [-60.21194336, -34.61474824], [-60.20801725, -34.61473396], [-60.20454085, -34.61478393], [-60.20082889, -34.61477679], [-60.19578206, -34.61477679], [-60.19300523, -34.61476965], [-60.19189878, -34.61471254], [-60.19044969, -34.61452695], [-60.18810116, -34.61413434], [-60.18697329, -34.61387735], [-60.18495313, -34.61343477], [-60.18082001, -34.61252106], [-60.17586597, -34.61143603], [-60.17391719, -34.61102914], [-60.17324618, -34.61090065], [-60.1726537, -34.6108364], [-60.17090479, -34.61069363], [-60.1694557, -34.61067936], [-60.16784956, -34.6106865], [-60.16740698, -34.6106865], [-60.16711431, -34.61062939], [-60.16695727, -34.61055801], [-60.16690016, -34.61041524], [-60.16688588, -34.61027247], [-60.16682878, -34.61010829], [-60.16670028, -34.6100369], [-60.16645044, -34.61000121], [-60.16442314, -34.60997266], [-60.15998307, -34.60998694], [-60.15511469, -34.60996552], [-60.15028914, -34.60998694], [-60.14531369, -34.60998694], [-60.14091645, -34.61000121], [-60.13390988, -34.61003452], [-60.12691189, -34.61004642], [-60.12100131, -34.61007498], [-60.11487182, -34.61006546], [-60.10927532, -34.61006546], [-60.1052402, -34.6100474]]]}}, {"type": "Feature", "properties": {"municipio_": "06210", "municipi_1": "Chacabuco", "rtn": "42", "typ": 40, "rst": 3, "hct": 2, "fdc": "DVP Buenos Aires", "sag": "IGN", "long_km": 0.239, "partido": "Chacabuco"}, "geometry": {"type": "MultiLineString", "coordinates": [[[-60.0061694, -34.6099658], [-60.0062072, -34.6098907], [-60.0062652, -34.6097953], [-60.0063496, -34.6097095], [-60.0064547, -34.6096362], [-60.0065847, -34.6095759], [-60.0067337, -34.6095228], [-60.0069313, -34.6094954], [-60.0067239, -34.6094711], [-60.0065549, -34.6094138], [-60.0064026, -34.6093429], [-60.0062635, -34.6092693], [-60.0061228, -34.6091644], [-60.0060218, -34.6090718], [-60.0059108, -34.6089312]]]}}, {"type": "Feature", "properties": {"municipio_": "06210", "municipi_1": "Chacabuco", "rtn": "42", "typ": 40, "rst": 3, "hct": 2, "fdc": "DVP Buenos Aires", "sag": "IGN", "long_km": 62.374, "partido": "Chacabuco"}, "geometry": {"type": "MultiLineString", "coordinates": [[[-60.00620034, -34.61008943], [-60.00614386, -34.61019724], [-60.00603083, -34.61026267], [-60.00584643, -34.61029242], [-60.00374655, -34.61031026], [-59.99909471, -34.61031621], [-59.99482357, -34.61030431], [-59.9900238, -34.61029281], [-59.9851697, -34.61033564], [-59.97647515, -34.61033564], [-59.96894178, -34.6103523], [-59.96113715, -34.6103404], [-59.95712776, -34.6103404], [-59.95343959, -34.6103404], [-59.94716971, -34.6103404], [-59.9401503, -34.6103404], [-59.93321417, -34.6103285], [-59.9264803, -34.6103285], [-59.92015093, -34.6103285], [-59.91261994, -34.6103404], [-59.90479151, -34.61029281], [-59.90023484, -34.6103404], [-59.90010245, -34.61032483], [-59.90000483, -34.61027274], [-59.89951803, -34.60987046], [-59.89939283, -34.60978032], [-59.89929496, -34.60970985], [-59.89917495, -34.60970571], [-59.89894993, -34.60969795], [-59.896899, -34.6096885], [-59.8909689, -34.6096852], [-59.8908066, -34.6097216], [-59.8907127, -34.6097559], [-59.8906323, -34.6098342], [-59.8906028, -34.6099369], [-59.8905371, -34.6100649], [-59.8904459, -34.6101808], [-59.8903493, -34.6102581], [-59.8901897, -34.6103409], [-59.88888417, -34.61033867], [-59.8788392, -34.6103215], [-59.874206, -34.6103136], [-59.872047, -34.6103099], [-59.8621234, -34.6103066], [-59.8392344, -34.6102991], [-59.8386841, -34.6102989], [-59.8163764, -34.6102916], [-59.8161645, -34.6102915], [-59.8118006, -34.6102901], [-59.7907622, -34.6102648], [-59.7704527, -34.6102404], [-59.7702382, -34.6102402], [-59.7658449, -34.6102349], [-59.7590461, -34.6102666], [-59.7570248, -34.6102659], [-59.7556896, -34.6102456], [-59.75549727, -34.61010756], [-59.75502137, -34.6097328], [-59.75490835, -34.60966141], [-59.75475368, -34.60963167], [-59.75076809, -34.60959598], [-59.74708587, -34.60956029], [-59.7469788, -34.60956623], [-59.74684793, -34.60960193], [-59.74668731, -34.609709], [-59.74653265, -34.60981608], [-59.74640178, -34.60983392], [-59.74627091, -34.60982203], [-59.7460746, -34.60969116], [-59.74596752, -34.60958408], [-59.74587829, -34.60954839], [-59.74576527, -34.60959598], [-59.74495031, -34.61013731], [-59.744832, -34.6102181], [-59.7402716, -34.6102087], [-59.7215042, -34.6101701], [-59.721098, -34.6101696], [-59.7167108, -34.6101433], [-59.685113, -34.6101092], [-59.6761394, -34.6100712], [-59.6722664, -34.6099854], [-59.6576061, -34.6099444], [-59.6571798, -34.6100151], [-59.657006, -34.610091], [-59.6569102, -34.6102146], [-59.6568986, -34.6102555], [-59.6568396, -34.6104613], [-59.6565658, -34.6105046], [-59.6483123, -34.610468], [-59.6481418, -34.6104672], [-59.6479138, -34.6104723], [-59.6381873, -34.610433], [-59.6329311, -34.6103938], [-59.6329137, -34.6105477], [-59.632856, -34.6106081], [-59.6327844, -34.6106397], [-59.6327013, -34.6106496], [-59.6302971, -34.6106575], [-59.6249131, -34.6106424], [-59.6239869, -34.6106315], [-59.623838, -34.6106201], [-59.6237587, -34.6105902], [-59.6236936, -34.6105495], [-59.6236762, -34.6104736], [-59.5818803, -34.6103413], [-59.5796458, -34.6103406], [-59.5780219, -34.6104432], [-59.5761751, -34.6107196], [-59.5745976, -34.6110104], [-59.5721551, -34.6117851], [-59.5705279, -34.6124363], [-59.568789, -34.6132816], [-59.5670803, -34.614337], [-59.5578386, -34.620763], [-59.5529759, -34.6241659], [-59.5387538, -34.6340176], [-59.5324236, -34.6384614], [-59.5297032, -34.6403099], [-59.52697904, -34.64259063], [-59.52542763, -34.64364235], [-59.52430928, -34.64443709], [-59.52289112, -34.64542694], [-59.5210637, -34.64668806], [-59.52093996, -34.64672137], [-59.52081629, -34.64665793], [-59.52074842, -34.6465905], [-59.5204236, -34.6463354], [-59.5203821, -34.6462972], [-59.5202703, -34.6462066], [-59.52011251, -34.64621395], [-59.51997509, -34.6462663], [-59.5121713, -34.651686], [-59.5070121, -34.6552664], [-59.5033464, -34.6577239], [-59.5031448, -34.6578492], [-59.5029507, -34.6579381], [-59.5028161, -34.6579842], [-59.5027039, -34.6580138], [-59.502576, -34.6580322], [-59.5024773, -34.6580322], [-59.5023337, -34.6580082], [-59.5022237, -34.6579621], [-59.5020798, -34.6578667], [-59.4974653, -34.6536123], [-59.497348, -34.6535407], [-59.4972354, -34.6534989], [-59.4971338, -34.653478], [-59.4970275, -34.6534819], [-59.4969181, -34.6535015], [-59.4968194, -34.6535391], [-59.4929074, -34.6564336], [-59.4872673, -34.6606617], [-59.4870537, -34.6608049], [-59.4869191, -34.6608747], [-59.4868197, -34.6609122], [-59.48671, -34.6609344], [-59.4863766, -34.6609497], [-59.4860804, -34.6609769], [-59.4857615, -34.6610219], [-59.4855876, -34.661057], [-59.4854695, -34.6610979], [-59.4853639, -34.6611473], [-59.4852873, -34.6612035], [-59.4852087, -34.661298], [-59.4850269, -34.6616702], [-59.4845013, -34.6625785], [-59.4843849, -34.6627406], [-59.4842235, -34.6628877], [-59.4840868, -34.6629814], [-59.4839543, -34.6630291], [-59.4837901, -34.6630736], [-59.4836333, -34.6630904], [-59.4834552, -34.6630853], [-59.4832585, -34.66307], [-59.4829604, -34.6630138], [-59.4794225, -34.6621457], [-59.4779475, -34.6617922], [-59.4765757, -34.6614418], [-59.4742355, -34.6608887], [-59.473225, -34.660656], [-59.4723502, -34.6604545], [-59.4680513, -34.6594715]]]}}, {"type": "Feature", "properties": {"municipio_": "06210", "municipi_1": "Chacabuco", "rtn": "43", "typ": 40, "rst": 3, "hct": 2, "fdc": "DVP Buenos Aires", "sag": "IGN", "long_km": 24.288, "partido": "Chacabuco"}, "geometry": {"type": "MultiLineString", "coordinates": [[[-59.7295047, -34.7326345], [-59.73201257, -34.73081363], [-59.7320515, -34.73078536], [-59.73209302, -34.73076758], [-59.732123, -34.73076901], [-59.73216793, -34.73079165], [-59.73461799, -34.73295611], [-59.73529802, -34.73355688], [-59.73535503, -34.73360724], [-59.73539015, -34.73361935], [-59.73542848, -34.7336126], [-59.73547607, -34.73358214], [-59.7447048, -34.72704076], [-59.74707951, -34.72524665], [-59.7510792, -34.7222422], [-59.7513393, -34.7221798], [-59.7516791, -34.7222589], [-59.7539826, -34.7243143], [-59.7542731, -34.7244094], [-59.7545636, -34.724351], [-59.7631469, -34.7178994], [-59.7651009, -34.7164306], [-59.7712512, -34.7118073], [-59.7726148, -34.7107412], [-59.7757316, -34.7077425], [-59.7771531, -34.7063137], [-59.7787195, -34.7045805], [-59.7809619, -34.7019124], [-59.7832257, -34.699253], [-59.7849764, -34.697192], [-59.7857845, -34.6962406], [-59.7883755, -34.6933252], [-59.7909451, -34.6903391], [-59.7911596, -34.6901539], [-59.7951937, -34.6883498], [-59.7978544, -34.6871898], [-59.7981173, -34.6870177], [-59.7983855, -34.6868148], [-59.7999895, -34.6849401], [-59.8025483, -34.6819434], [-59.802703, -34.6817673], [-59.8063839, -34.6774453], [-59.8071083, -34.6766497], [-59.8080522, -34.6755174], [-59.8108687, -34.6722489], [-59.811786, -34.6712563], [-59.8284131, -34.6539219], [-59.8286006, -34.6538093], [-59.828815, -34.6537766], [-59.8328787, -34.6535786], [-59.835529, -34.6534456], [-59.8358058, -34.6533598], [-59.8359794, -34.6531916], [-59.8438141, -34.646272], [-59.8443398, -34.6457711], [-59.8444337, -34.645701], [-59.8445068, -34.6456701], [-59.844614, -34.6456525], [-59.844714, -34.6456552], [-59.8447991, -34.6456944], [-59.8449279, -34.6457876], [-59.8489019, -34.6491395], [-59.8489902, -34.6491538], [-59.8490742, -34.6491198], [-59.8561311, -34.642803], [-59.8636111, -34.6361939], [-59.8636863, -34.6360505], [-59.8636943, -34.6359291], [-59.8636407, -34.6358143], [-59.8623422, -34.6348608], [-59.8622161, -34.6347174], [-59.8621785, -34.6345717], [-59.862251, -34.6344283], [-59.8623851, -34.634287], [-59.8722163, -34.6264802], [-59.8825254, -34.6183367], [-59.8900378, -34.6111287], [-59.8901843, -34.6110736], [-59.8901797, -34.6107952], [-59.8901762, -34.6105842], [-59.8901754, -34.6105541], [-59.8901897, -34.6103409]]]}}, {"type": "Feature", "properties": {"municipio_": "06210", "municipi_1": "Chacabuco", "rtn": "51", "typ": 40, "rst": 1, "hct": 2, "fdc": "DVP Buenos Aires", "sag": "IGN", "long_km": 55.307, "partido": "Chacabuco"}, "geometry": {"type": "MultiLineString", "coordinates": [[[-59.8579305, -34.4198854], [-59.85810988, -34.4208512], [-59.8594004, -34.4277995], [-59.8597652, -34.4295782], [-59.8615095, -34.436927], [-59.8625976, -34.4415107], [-59.8687863, -34.4627399], [-59.8704776, -34.4685197], [-59.8705641, -34.4688155], [-59.871098, -34.4705918], [-59.8716302, -34.4724014], [-59.8741183, -34.4807933], [-59.8759684, -34.4870948], [-59.8761561, -34.4876409], [-59.8763707, -34.488156], [-59.8766476, -34.4886418], [-59.87697014, -34.48913626], [-59.87741059, -34.48970309], [-59.8830413, -34.4967815], [-59.88840003, -34.50342867], [-59.89591772, -34.51282897], [-59.89631585, -34.51326666], [-59.8966689, -34.51361895], [-59.901546, -34.5180116], [-59.9046397, -34.5207631], [-59.918882, -34.5334286], [-59.9237078, -34.5377291], [-59.9292577, -34.5426543], [-59.9298254, -34.5431488], [-59.9303742, -34.5435661], [-59.9308175, -34.5438397], [-59.9313705, -34.5441345], [-59.9378424, -34.5471011], [-59.9389954, -34.5476333], [-59.9395948, -34.5479689], [-59.939932, -34.5481849], [-59.9402317, -34.5484163], [-59.9405876, -34.5487326], [-59.9410977, -34.5491915], [-59.9469568, -34.5545047], [-59.9484886, -34.5558948], [-59.9539327, -34.5607995], [-59.9626715, -34.5686719], [-59.975341, -34.580084], [-59.9774928, -34.5820781], [-59.9951368, -34.597912], [-59.9983616, -34.6008158], [-59.9998935, -34.6022034], [-60.0016023, -34.6037511], [-60.0032409, -34.6052093], [-60.0038189, -34.6057169], [-60.0043387, -34.6061911], [-60.0046569, -34.6065212], [-60.0049182, -34.6068343], [-60.0051599, -34.6071396], [-60.0052626, -34.6072894], [-60.0053818, -34.6074857], [-60.0055308, -34.6077854], [-60.0056765, -34.6081234], [-60.0057965, -34.6084737], [-60.0059108, -34.6089312], [-60.0061694, -34.6099658], [-60.00620034, -34.61008943], [-60.0062412, -34.6102527], [-60.0063072, -34.6105059], [-60.0063178, -34.6105468], [-60.0080359, -34.6177998], [-60.0104522, -34.6276749], [-60.0129486, -34.6380151], [-60.0129758, -34.6381237], [-60.0134584, -34.6401462], [-60.0136381, -34.6408392], [-60.0138501, -34.6415386], [-60.0141263, -34.6422118], [-60.0149497, -34.6439462], [-60.0175622, -34.6491758], [-60.0180396, -34.6500738], [-60.0190374, -34.6520641], [-60.0203432, -34.6546375], [-60.0222456, -34.6583832], [-60.0277144, -34.6692041], [-60.0287363, -34.6710549], [-60.0310779, -34.6748799], [-60.031963, -34.6762961], [-60.0328589, -34.6778004], [-60.0337896, -34.6796775], [-60.0350086, -34.682325], [-60.0524744, -34.7201764], [-60.0565263, -34.7296547], [-60.0568217, -34.7303468], [-60.05683334, -34.73037451], [-60.0575244, -34.7320199], [-60.0582138, -34.7336577], [-60.0676628, -34.7527543], [-60.0677866, -34.7530045], [-60.0709033, -34.7593444], [-60.0711823, -34.7600143], [-60.0712895, -34.7603955], [-60.0713861, -34.7610059], [-60.0723147, -34.7697783], [-60.07247575, -34.77133509], [-60.0731654, -34.7780018], [-60.0739358, -34.7853354], [-60.0749347, -34.7978364], [-60.0749669, -34.7981844], [-60.0750205, -34.7991755], [-60.0750795, -34.799649], [-60.0752351, -34.8004662], [-60.0761544, -34.8044616], [-60.0765928, -34.8063462], [-60.0783142, -34.8138782], [-60.0789633, -34.8166571], [-60.0803661, -34.8227402], [-60.0806117, -34.8238093], [-60.0807738, -34.8244961], [-60.0809482, -34.8250048], [-60.0813049, -34.8257842], [-60.0825882, -34.8282697], [-60.0866873, -34.8362058], [-60.0885737, -34.839923]]]}}, {"type": "Feature", "properties": {"municipio_": "06210", "municipi_1": "Chacabuco", "rtn": "32", "typ": 40, "rst": 3, "hct": 2, "fdc": "DVP Buenos Aires", "sag": "IGN", "long_km": 15.644, "partido": "Chacabuco"}, "geometry": {"type": "MultiLineString", "coordinates": [[[-60.05683334, -34.73037451], [-60.05694861, -34.73033981], [-60.05703999, -34.73028841], [-60.05713707, -34.73021703], [-60.05731553, -34.73007569], [-60.0615585, -34.7266544], [-60.0671589, -34.7221087], [-60.0706029, -34.7190399], [-60.0766942, -34.7135016], [-60.0768574, -34.713417], [-60.0772682, -34.713204], [-60.08185119, -34.70968596], [-60.08209033, -34.70957174], [-60.08240085, -34.70944325], [-60.0871036, -34.7057186], [-60.0871837, -34.7056372], [-60.0872177, -34.7055613], [-60.0872156, -34.705463], [-60.0871545, -34.7053741], [-60.0849349, -34.7033222], [-60.0848989, -34.7031736], [-60.0849603, -34.6973222], [-60.0854815, -34.6955568], [-60.0897506, -34.6828621], [-60.0921179, -34.6758219], [-60.0922367, -34.6755237], [-60.0946881, -34.6723966], [-60.0974775, -34.6667995], [-60.097752, -34.6646549], [-60.09768, -34.6576961], [-60.0976237, -34.6522494], [-60.0974423, -34.6347155], [-60.0974356, -34.6343255], [-60.1041154, -34.622812], [-60.1053219, -34.6179619], [-60.1056344, -34.6167053], [-60.1056564, -34.6164179], [-60.1051516, -34.610829], [-60.105188, -34.6104317], [-60.1051871, -34.6103881], [-60.1052402, -34.6100474]]]}}, {"type": "Feature", "properties": {"municipio_": "06210", "municipi_1": "Chacabuco", "rtn": "42", "typ": 40, "rst": 3, "hct": 2, "fdc": "DVP Buenos Aires", "sag": "IGN", "long_km": 11.058, "partido": "Chacabuco"}, "geometry": {"type": "MultiLineString", "coordinates": [[[-60.1052402, -34.6100474], [-60.10229874, -34.61008449], [-60.09580758, -34.61012256], [-60.09545542, -34.61009401], [-60.09519843, -34.61000835], [-60.09484627, -34.60969426], [-60.09413243, -34.60885669], [-60.09388497, -34.60866633], [-60.09365654, -34.60858067], [-60.09339956, -34.6085426], [-60.0879268, -34.60853308], [-60.08245721, -34.60849819], [-60.07885739, -34.60849105], [-60.0785897, -34.60844346], [-60.07838149, -34.60843156], [-60.07816734, -34.60843156], [-60.07816139, -34.60843156], [-60.0765775, -34.6091351], [-60.0755806, -34.6095038], [-60.0751177, -34.6096329], [-60.0742183, -34.6098114], [-60.0732159, -34.6099803], [-60.0721422, -34.6101329], [-60.071675, -34.61012], [-60.0715119, -34.6100748], [-60.0704387, -34.6097364], [-60.0703249, -34.609726], [-60.0702099, -34.6097282], [-60.0699957, -34.6097392], [-60.0683981, -34.6097332], [-60.0672971, -34.6097377], [-60.0656882, -34.6097395], [-60.0646961, -34.6097385], [-60.0638297, -34.6097442], [-60.0634273, -34.6097458], [-60.0609874, -34.609733], [-60.0595458, -34.6097306], [-60.0576188, -34.6097299], [-60.0572809, -34.6097333], [-60.0558372, -34.6097408], [-60.0548639, -34.6097422], [-60.0541409, -34.6098048], [-60.0535922, -34.6098617], [-60.0520007, -34.6100641], [-60.0516319, -34.6100955], [-60.0509709, -34.6101152], [-60.0330534, -34.6101402], [-60.0194079, -34.6101549], [-60.012828, -34.610166], [-60.0121795, -34.6101064], [-60.0114824, -34.6100061], [-60.009949, -34.6096843], [-60.0095382, -34.6095964], [-60.0091873, -34.609531], [-60.0088379, -34.6094928], [-60.008284, -34.6094822], [-60.0069313, -34.6094954]]]}}, {"type": "Feature", "properties": {"municipio_": "06210", "municipi_1": "Chacabuco", "rtn": "32", "typ": 40, "rst": 3, "hct": 2, "fdc": "DVP Buenos Aires", "sag": "IGN", "long_km": 7.734, "partido": "Chacabuco"}, "geometry": {"type": "MultiLineString", "coordinates": [[[-60.1511013, -34.4937237], [-60.1562646, -34.4875635], [-60.160017, -34.4830954], [-60.1622111, -34.4804776], [-60.1637909, -34.4786004], [-60.1648369, -34.4773711], [-60.1650167, -34.4771389], [-60.16521505, -34.47673429], [-60.16907803, -34.46573547], [-60.17058185, -34.46138465], [-60.1706562, -34.4611824], [-60.17076031, -34.46102476], [-60.17085548, -34.46095932], [-60.17098635, -34.46091768], [-60.17131948, -34.46088794], [-60.17205116, -34.46084927], [-60.17278582, -34.46080168], [-60.17330038, -34.4607303], [-60.17397258, -34.46059943], [-60.17444252, -34.46046559], [-60.1749779, -34.46031389], [-60.17541513, -34.46014138], [-60.1758702, -34.45992128], [-60.1763356, -34.4597264], [-60.1767487, -34.4594655], [-60.17756711, -34.45876772], [-60.17902751, -34.45757105], [-60.1797762, -34.45696523], [-60.17985829, -34.45688671], [-60.17989184, -34.45680576], [-60.17989499, -34.45669746], [-60.1791247, -34.4560282], [-60.1782238, -34.4552308], [-60.1773387, -34.4544545], [-60.1743898, -34.4518437], [-60.1743066, -34.4517253], [-60.1742731, -34.4516258], [-60.174257, -34.451513], [-60.1742624, -34.4514124], [-60.1775624, -34.4424853], [-60.1785123, -34.4397639]]]}}, {"type": "Feature", "properties": {"municipio_": "06112", "municipi_1": "Bragado", "rtn": "42", "typ": 40, "rst": 3, "hct": 2, "fdc": "DVP Buenos Aires", "sag": "IGN", "long_km": 53.924, "partido": "Bragado"}, "geometry": {"type": "MultiLineString", "coordinates": [[[-60.3852654, -34.6545231], [-60.4041025, -34.6710235], [-60.4153748, -34.6808959], [-60.4156529, -34.6811346], [-60.4157644, -34.6812303], [-60.416194, -34.6815991], [-60.4228499, -34.6874285], [-60.429085, -34.6928692], [-60.4322253, -34.6956093], [-60.438256, -34.7009421], [-60.4438698, -34.705844], [-60.4507437, -34.7118895], [-60.4538626, -34.7146257], [-60.4571525, -34.7175117], [-60.4652979, -34.7245905], [-60.465876, -34.7251549], [-60.4662837, -34.7255816], [-60.4667637, -34.7262063], [-60.467242, -34.7269469], [-60.4673713, -34.7272372], [-60.4676516, -34.7278663], [-60.4757114, -34.7455526], [-60.4757786, -34.7456983], [-60.4781746, -34.7508898], [-60.4840288, -34.7637124], [-60.4869549, -34.770163], [-60.4889879, -34.7745543], [-60.4908528, -34.7786085], [-60.4923868, -34.7819906], [-60.4926567, -34.7826343], [-60.4928839, -34.7833662], [-60.4933007, -34.7848612], [-60.4950809, -34.7913786], [-60.4953138, -34.7922311], [-60.4978391, -34.8014752], [-60.4989883, -34.8056815], [-60.4997547, -34.8084867], [-60.501462, -34.8145876], [-60.5023224, -34.8175408], [-60.5032302, -34.8203521], [-60.5041283, -34.8230694], [-60.5070065, -34.8317775], [-60.5073975, -34.8329982], [-60.5076197, -34.8340464], [-60.5076945, -34.8347536], [-60.5075887, -34.8356114], [-60.5069756, -34.8386011], [-60.5068441, -34.8391912], [-60.5060151, -34.8429131], [-60.5059568, -34.843273], [-60.5059321, -34.8436266], [-60.5059069, -34.8441337], [-60.5057912, -34.8508284], [-60.5057477, -34.8529738], [-60.5057667, -34.8536067], [-60.5058244, -34.8541435], [-60.5058938, -34.8544526], [-60.5060646, -34.8550025], [-60.5062917, -34.8555649], [-60.5069684, -34.8569009], [-60.5075231, -34.8579111], [-60.51031374, -34.86310277], [-60.51088957, -34.86419732], [-60.5112309, -34.8650575], [-60.51130836, -34.86582487], [-60.51138424, -34.86689549], [-60.51150109, -34.87468449], [-60.51222992, -34.89486518], [-60.5125323, -34.9020189], [-60.5125861, -34.904406], [-60.5126074, -34.9047777], [-60.51285562, -34.91130779], [-60.5130878, -34.9174157], [-60.5133344, -34.9245723], [-60.5135193, -34.925789], [-60.5138246, -34.9272893], [-60.5158496, -34.9349274], [-60.5166549, -34.9379646], [-60.5183409, -34.9443234], [-60.5185828, -34.945354], [-60.5193512, -34.9506734], [-60.5219087, -34.9683759], [-60.52247348, -34.97229937], [-60.5236059, -34.9801661], [-60.5236665, -34.9809552], [-60.523582, -34.9818844], [-60.5231979, -34.9839326], [-60.5222293, -34.990029], [-60.521943, -34.9918307], [-60.5215978, -34.9940031], [-60.5208723, -34.9979502], [-60.5205678, -34.9994149], [-60.5201114, -35.0009613], [-60.519342, -35.0031828], [-60.5166965, -35.0107651], [-60.5158496, -35.0131922], [-60.51562, -35.0138689], [-60.5149783, -35.0157344], [-60.5141428, -35.0181634], [-60.5133873, -35.0202733], [-60.5126493, -35.0223345], [-60.5114918, -35.025632], [-60.5108144, -35.0275618], [-60.5099838, -35.0300467], [-60.5095129, -35.0314555], [-60.5093446, -35.0319251], [-60.5079874, -35.035712], [-60.5060672, -35.0412593], [-60.5044137, -35.0460065], [-60.5038483, -35.047628], [-60.5032399, -35.0493315], [-60.50313061, -35.04977795], [-60.5030211, -35.0502253], [-60.501792, -35.0554888], [-60.5014979, -35.0567109], [-60.5006932, -35.0600546], [-60.4995187, -35.0647243], [-60.4982183, -35.0702424], [-60.4974822, -35.0734214], [-60.4968219, -35.0759896], [-60.4967117, -35.0768828], [-60.4963794, -35.0844543], [-60.4963438, -35.0851821], [-60.4963651, -35.0855383], [-60.4963598, -35.0857845], [-60.4963509, -35.086035], [-60.4963757, -35.0863014], [-60.4964288, -35.0864824], [-60.49646543, -35.08658952], [-60.4964907, -35.0866634], [-60.49659153, -35.08681009], [-60.49671527, -35.08697011], [-60.49688778, -35.08716046], [-60.4970418, -35.0873158], [-60.49721628, -35.08738179]]]}}, {"type": "Feature", "properties": {"municipio_": "06112", "municipi_1": "Bragado", "rtn": "46", "typ": 40, "rst": 1, "hct": 2, "fdc": "DVP Buenos Aires", "sag": "IGN", "long_km": 70.17, "partido": "Bragado"}, "geometry": {"type": "MultiLineString", "coordinates": [[[-60.4989058, -35.0871878], [-60.5053123, -35.0848475], [-60.5060101, -35.0845926], [-60.5074788, -35.0840539], [-60.5078646, -35.0839149], [-60.5082256, -35.0837759], [-60.5085654, -35.0836253], [-60.5089158, -35.0834631], [-60.509344, -35.0832256], [-60.509751, -35.0829737], [-60.5101474, -35.0827246], [-60.5105119, -35.082461], [-60.5155305, -35.0786148], [-60.5191405, -35.0758226], [-60.5303841, -35.0671411], [-60.5311951, -35.0665148], [-60.54324099, -35.05722201], [-60.5440255, -35.0566168], [-60.5441818, -35.0564963], [-60.5456291, -35.0553415], [-60.5461901, -35.0548449], [-60.5467308, -35.0543464], [-60.5478, -35.053348], [-60.5488083, -35.0524428], [-60.5498187, -35.0515379], [-60.5551219, -35.0467882], [-60.5557399, -35.046239], [-60.5560486, -35.0459705], [-60.5562042, -35.0458409], [-60.5563759, -35.0457048], [-60.5565475, -35.0455774], [-60.5567192, -35.0454544], [-60.5570815, -35.0452138], [-60.5574515, -35.0449775], [-60.5578417, -35.0447246], [-60.5593226, -35.0437793], [-60.5748839, -35.0338454], [-60.5755946, -35.0333997], [-60.5759533, -35.0331718], [-60.5762678, -35.0329419], [-60.5765849, -35.0326889], [-60.5768722, -35.0324318], [-60.5784326, -35.031087], [-60.5833686, -35.0267429], [-60.5864195, -35.0241388], [-60.5868303, -35.0237962], [-60.5871332, -35.0235582], [-60.589633, -35.0217581], [-60.5943721, -35.0185165], [-60.5950556, -35.0180499], [-60.5953662, -35.0178365], [-60.5954464, -35.0177814], [-60.5959074, -35.0174647], [-60.5964875, -35.0170662], [-60.60696172, -35.00991862], [-60.60752268, -35.009504], [-60.60777252, -35.00930472], [-60.60798965, -35.00911139], [-60.6082157, -35.00892401], [-60.60839416, -35.00874555], [-60.60854882, -35.00859981], [-60.60870943, -35.00843027], [-60.60896523, -35.00815366], [-60.6249275, -34.9903113], [-60.6292682, -34.9854644], [-60.6294334, -34.9853046], [-60.6295917, -34.985164], [-60.6297714, -34.9850211], [-60.6299564, -34.9848805], [-60.6303561, -34.9846014], [-60.6307476, -34.9843277], [-60.6447051, -34.9747475], [-60.6639331, -34.9614203], [-60.6666123, -34.9595509], [-60.6670173, -34.9592761], [-60.6674009, -34.9589991], [-60.6677898, -34.9587046], [-60.66816, -34.9584232], [-60.69122, -34.9407163], [-60.6987435, -34.934949], [-60.6994131, -34.9344236], [-60.6996893, -34.9341927], [-60.6999307, -34.933964], [-60.7001641, -34.9337309], [-60.7003733, -34.9334956], [-60.7005932, -34.9332471], [-60.7007971, -34.9329965], [-60.7009982, -34.9327348], [-60.7011833, -34.9324775], [-60.7013657, -34.9322048], [-60.7015293, -34.93193], [-60.7016876, -34.9316529], [-60.7018297, -34.9313802], [-60.7020872, -34.9307755], [-60.7047029, -34.9242187], [-60.7070708, -34.9182843], [-60.7077735, -34.9165204], [-60.7084858, -34.9147302], [-60.7105276, -34.9095663], [-60.7124463, -34.9047993], [-60.7125938, -34.9044474], [-60.712744, -34.904113], [-60.7129371, -34.9037655], [-60.713141, -34.9034333], [-60.7133636, -34.9031012], [-60.7136104, -34.9027778], [-60.7138786, -34.9024654], [-60.7141602, -34.9021641], [-60.7144552, -34.9018671], [-60.714761, -34.9015833], [-60.7150936, -34.9012996], [-60.7154262, -34.9010334], [-60.7161048, -34.9004944], [-60.7170758, -34.8997465], [-60.7194277, -34.8979189], [-60.7228727, -34.8952418], [-60.7245269, -34.8939563], [-60.727818, -34.8914109], [-60.7361579, -34.8848485], [-60.7368417, -34.8842864], [-60.7372025, -34.8840197], [-60.7374557, -34.8838179], [-60.7376772, -34.8836239], [-60.7377366, -34.8835765], [-60.7379404, -34.8834342], [-60.7380323, -34.883362], [-60.7385615, -34.8829229], [-60.7392402, -34.8823884], [-60.7448306, -34.8779713], [-60.7587303, -34.8681234], [-60.75896092, -34.86796539], [-60.7741298, -34.855462], [-60.7824056, -34.8486562], [-60.7884636, -34.8436739], [-60.7897455, -34.8426607], [-60.7963353, -34.8373262], [-60.8056621, -34.83008], [-60.8149866, -34.8227609], [-60.82150589, -34.81764335], [-60.8220283, -34.8172332], [-60.8330943, -34.8085458], [-60.8375995, -34.8050087], [-60.841066, -34.802287], [-60.8421624, -34.8014261], [-60.8509705, -34.79451], [-60.8528226, -34.7930557], [-60.8549963, -34.7913487], [-60.8581029, -34.7889092], [-60.863113, -34.7850648], [-60.8637489, -34.7844868], [-60.8642561, -34.7839793], [-60.8655754, -34.7823333], [-60.8675239, -34.7796356], [-60.8676613, -34.7794461], [-60.8716367, -34.7741202], [-60.8719015, -34.7737683], [-60.8721622, -34.773447], [-60.8724363, -34.7731482], [-60.8726777, -34.7728994], [-60.8729215, -34.7726622], [-60.8732409, -34.7723843], [-60.8735627, -34.7721201], [-60.8772678, -34.7692019], [-60.8789367, -34.7678593], [-60.8853245, -34.7628431], [-60.8891941, -34.7597897], [-60.8899887, -34.7591275], [-60.8905719, -34.7585893], [-60.8910969, -34.7580148], [-60.8914387, -34.7575643], [-60.8918474, -34.7570131], [-60.8922471, -34.7563481], [-60.8925589, -34.7556233], [-60.8927862, -34.7549519], [-60.8933784, -34.7522472], [-60.8934276, -34.7519839], [-60.894244, -34.7482506], [-60.8944775, -34.7471592], [-60.8964895, -34.737752], [-60.8968195, -34.7362122], [-60.8969117, -34.7358049], [-60.8970395, -34.7353323], [-60.897133, -34.735028], [-60.897191, -34.7348588], [-60.8972477, -34.7347138], [-60.8973846, -34.734396], [-60.8975534, -34.7340835], [-60.8977659, -34.7337163], [-60.8979316, -34.7334537], [-60.898196, -34.7330645], [-60.8984287, -34.732752], [-60.8986779, -34.732458], [-60.8989122, -34.7321981], [-60.899205, -34.7319025], [-60.8996689, -34.7314737], [-60.9032526, -34.7285156], [-60.9079675, -34.7246236], [-60.9163677, -34.7177105], [-60.9253799, -34.710293], [-60.9265297, -34.7093466], [-60.9293819, -34.706999], [-60.9367235, -34.7009223], [-60.9390158, -34.6990488], [-60.939538, -34.6986256], [-60.9638764, -34.6784536], [-60.9646399, -34.6778203]]]}}, {"type": "Feature", "properties": {"municipio_": "06112", "municipi_1": "Bragado", "rtn": "46", "typ": 40, "rst": 1, "hct": 2, "fdc": "DVP Buenos Aires", "sag": "IGN", "long_km": 0.188, "partido": "Bragado"}, "geometry": {"type": "MultiLineString", "coordinates": [[[-60.4989058, -35.0871878], [-60.498834, -35.0872415], [-60.4984622, -35.087394], [-60.4983174, -35.0874595], [-60.498254, -35.0874949], [-60.498191, -35.0875301], [-60.498074, -35.0876007], [-60.4979723, -35.0876764], [-60.49751354, -35.08810998]]]}}, {"type": "Feature", "properties": {"municipio_": "06112", "municipi_1": "Bragado", "rtn": "46", "typ": 40, "rst": 1, "hct": 2, "fdc": "DVP Buenos Aires", "sag": "IGN", "long_km": 0.169, "partido": "Bragado"}, "geometry": {"type": "MultiLineString", "coordinates": [[[-60.49742291, -35.08745161], [-60.49750265, -35.08747098], [-60.49759403, -35.08746718], [-60.49770824, -35.08746718], [-60.49787766, -35.08745195], [-60.49808895, -35.08741768], [-60.49823701, -35.08739377], [-60.49833836, -35.08736073], [-60.4988161, -35.0872025], [-60.4989058, -35.0871878]]]}}, {"type": "Feature", "properties": {"municipio_": "06112", "municipi_1": "Bragado", "rtn": "46", "typ": 40, "rst": 1, "hct": 2, "fdc": "DVP Buenos Aires", "sag": "IGN", "long_km": 0.238, "partido": "Bragado"}, "geometry": {"type": "MultiLineString", "coordinates": [[[-60.49675501, -35.08819858], [-60.49667493, -35.08818637], [-60.49659784, -35.08818066], [-60.4965014, -35.0882018], [-60.4964656, -35.0882083], [-60.4963583, -35.0882344], [-60.4962231, -35.0882828], [-60.4959984, -35.0883925], [-60.4958767, -35.0884519], [-60.4954513, -35.0886981], [-60.4949311, -35.0890298], [-60.4948393, -35.0890535]]]}}, {"type": "Feature", "properties": {"municipio_": "06112", "municipi_1": "Bragado", "rtn": "46", "typ": 40, "rst": 1, "hct": 2, "fdc": "DVP Buenos Aires", "sag": "IGN", "long_km": 0.252, "partido": "Bragado"}, "geometry": {"type": "MultiLineString", "coordinates": [[[-60.4948393, -35.0890535], [-60.4948975, -35.0889849], [-60.4954119, -35.0886369], [-60.49581095, -35.08842289], [-60.49595634, -35.08835483], [-60.49605342, -35.08829106], [-60.49619524, -35.08819303], [-60.49634276, -35.08806359], [-60.49642081, -35.08798078], [-60.49648172, -35.08789227], [-60.49661675, -35.08769693]]]}}, {"type": "Feature", "properties": {"municipio_": "06112", "municipi_1": "Bragado", "rtn": "46", "typ": 40, "rst": 1, "hct": 2, "fdc": "DVP Buenos Aires", "sag": "IGN", "long_km": 1.762, "partido": "Bragado"}, "geometry": {"type": "MultiLineString", "coordinates": [[[-60.4815956, -35.0977274], [-60.4838955, -35.0962108], [-60.4845686, -35.095767], [-60.4849384, -35.0955199], [-60.4851109, -35.0953989], [-60.4854467, -35.0951796], [-60.4874461, -35.0938759], [-60.4948393, -35.0890535]]]}}, {"type": "Feature", "properties": {"municipio_": "06112", "municipi_1": "Bragado", "rtn": "46", "typ": 40, "rst": 1, "hct": 2, "fdc": "DVP Buenos Aires", "sag": "IGN", "long_km": 0.775, "partido": "Bragado"}, "geometry": {"type": "MultiLineString", "coordinates": [[[-60.4815956, -35.0977274], [-60.4795893, -35.0990695], [-60.4791228, -35.0993812], [-60.4788414, -35.0995715], [-60.4785642, -35.0997528], [-60.4782536, -35.0999509], [-60.478164, -35.1000074], [-60.4774178, -35.1004902], [-60.4768119, -35.1008688], [-60.4761816, -35.1011991], [-60.4756966, -35.1013962]]]}}, {"type": "Feature", "properties": {"municipio_": "06112", "municipi_1": "Bragado", "rtn": "46", "typ": 40, "rst": 1, "hct": 2, "fdc": "DVP Buenos Aires", "sag": "IGN", "long_km": 0.774, "partido": "Bragado"}, "geometry": {"type": "MultiLineString", "coordinates": [[[-60.4756966, -35.1013962], [-60.4759263, -35.1012698], [-60.476402, -35.101002], [-60.4768512, -35.100731], [-60.4773481, -35.1004145], [-60.4776787, -35.1002004], [-60.4781315, -35.0999073], [-60.4785369, -35.0996317], [-60.4790387, -35.0992969], [-60.4795893, -35.0989415], [-60.4805763, -35.0983157], [-60.4808243, -35.0981708], [-60.4815956, -35.0977274]]]}}, {"type": "Feature", "properties": {"municipio_": "06112", "municipi_1": "Bragado", "rtn": "46", "typ": 40, "rst": 1, "hct": 2, "fdc": "DVP Buenos Aires", "sag": "IGN", "long_km": 49.625, "partido": "Bragado"}, "geometry": {"type": "MultiLineString", "coordinates": [[[-60.130962, -35.4251083], [-60.1311512, -35.4249719], [-60.1352466, -35.4218064], [-60.1394487, -35.4185583], [-60.1433256, -35.4155532], [-60.143512, -35.4154133], [-60.1436274, -35.4153193], [-60.1462653, -35.4132645], [-60.146614, -35.4130207], [-60.1473315, -35.4125628], [-60.1479243, -35.4122127], [-60.1490454, -35.4117266], [-60.1495581, -35.4115337], [-60.1496052, -35.4115204], [-60.1502806, -35.4113298], [-60.15375, -35.410509], [-60.1599902, -35.4090858], [-60.1661988, -35.4076492], [-60.1724255, -35.4062366], [-60.1726431, -35.4061873], [-60.1726972, -35.406175], [-60.1755685, -35.4055104], [-60.1775131, -35.405059], [-60.1786637, -35.4047901], [-60.179581, -35.4045408], [-60.1828748, -35.4035679], [-60.1837546, -35.4032531], [-60.1844291, -35.4029842], [-60.1849186, -35.4027503], [-60.1855409, -35.4024158], [-60.1860425, -35.4021108], [-60.1866755, -35.4016965], [-60.1979193, -35.3929312], [-60.1991299, -35.39184], [-60.2007785, -35.3899181], [-60.2048314, -35.3850111], [-60.2052189, -35.3845541], [-60.2053893, -35.3843486], [-60.2148695, -35.3728842], [-60.2153236, -35.3723342], [-60.2172218, -35.3700589], [-60.2179527, -35.3692256], [-60.21898, -35.3682961], [-60.221732, -35.3661242], [-60.222131, -35.3658133], [-60.2254519, -35.3631995], [-60.2311437, -35.3587843], [-60.2331776, -35.3571935], [-60.2410922, -35.3510545], [-60.2410948, -35.3510525], [-60.2445693, -35.3483651], [-60.2476463, -35.3459843], [-60.2589664, -35.3371968], [-60.2664166, -35.3314232], [-60.2683461, -35.3299212], [-60.2727878, -35.3264813], [-60.273508, -35.3260075], [-60.2741343, -35.325642], [-60.274711, -35.3253499], [-60.2755988, -35.3249647], [-60.2764919, -35.3246452], [-60.2814997, -35.3230131], [-60.28164002, -35.32296653], [-60.2834201, -35.3223758], [-60.2842113, -35.3220695], [-60.2851501, -35.3216143], [-60.2863558, -35.3209172], [-60.2873267, -35.3202038], [-60.2892418, -35.3187298], [-60.2979737, -35.3120611], [-60.2993915, -35.3109783], [-60.30508, -35.3066336], [-60.309024, -35.3036209], [-60.3104876, -35.3025022], [-60.3224384, -35.2933596], [-60.3226997, -35.2931675], [-60.3299527, -35.2876116], [-60.3315429, -35.2864172], [-60.3407128, -35.2793937], [-60.3460287, -35.2753238], [-60.3537601, -35.2694029], [-60.3548862, -35.2685243], [-60.3557928, -35.2676976], [-60.356513, -35.2670155], [-60.3573646, -35.2661844], [-60.3605618, -35.2630297], [-60.3635779, -35.2600883], [-60.3661609, -35.2575281], [-60.3666464, -35.2569652], [-60.366983, -35.2565304], [-60.3672766, -35.2560519], [-60.3675476, -35.2555678], [-60.3679016, -35.2548122], [-60.3681377, -35.2541244], [-60.3683227, -35.2531717], [-60.3684663, -35.2523209], [-60.3691074, -35.2482727], [-60.3707906, -35.2376425], [-60.3718713, -35.2310881], [-60.3719813, -35.2306039], [-60.3721739, -35.2300436], [-60.3726196, -35.2291118], [-60.3731695, -35.2282048], [-60.3818263, -35.2149192], [-60.3823815, -35.214064], [-60.383562, -35.212194], [-60.385761, -35.2088215], [-60.3905403, -35.2014912], [-60.390707, -35.2012613], [-60.3924385, -35.1985848], [-60.3934541, -35.197015], [-60.3991011, -35.1882948], [-60.4015322, -35.1844304], [-60.412142, -35.1672964], [-60.4136896, -35.1648779], [-60.4162096, -35.1611464], [-60.416235, -35.1611086], [-60.4252289, -35.1479837], [-60.425817, -35.147076], [-60.4327102, -35.1370258], [-60.4385765, -35.1284508], [-60.438913, -35.1279511], [-60.4394375, -35.1271838], [-60.4395993, -35.1269519], [-60.4397811, -35.1267012], [-60.4398843, -35.1265739], [-60.4400461, -35.1263971], [-60.4401253, -35.1263085], [-60.44023993, -35.12619184]]]}}, {"type": "Feature", "properties": {"municipio_": "06112", "municipi_1": "Bragado", "rtn": "70", "typ": 40, "rst": 3, "hct": 2, "fdc": "DVP Buenos Aires", "sag": "IGN", "long_km": 112.856, "partido": "Bragado"}, "geometry": {"type": "MultiLineString", "coordinates": [[[-60.49515, -35.125991], [-60.4951705, -35.1260398], [-60.495504, -35.1267493], [-60.4960742, -35.128065], [-60.4969892, -35.1300858], [-60.4983455, -35.1333087], [-60.4985443, -35.1337381], [-60.4986011, -35.1338466], [-60.4986437, -35.1339501], [-60.4986351, -35.1340881], [-60.4985926, -35.1342053], [-60.4984961, -35.1343216], [-60.4984928, -35.1343235], [-60.498452, -35.1344395], [-60.4984528, -35.1345297], [-60.4984807, -35.1346083], [-60.4985873, -35.1347296], [-60.5060131, -35.1411504], [-60.5060577, -35.141235], [-60.5060245, -35.1413308], [-60.505677, -35.1415751], [-60.5056472, -35.141686], [-60.5057, -35.1417744], [-60.5132498, -35.1483735], [-60.520996, -35.1551565], [-60.5286765, -35.1618814], [-60.5382791, -35.1703448], [-60.5438472, -35.1753334], [-60.5451632, -35.176498], [-60.5514662, -35.1820779], [-60.5515344, -35.1820931], [-60.5516255, -35.1820709], [-60.5517163, -35.1820241], [-60.5522956, -35.1815373], [-60.5524221, -35.1815042], [-60.5525276, -35.1814988], [-60.5526797, -35.1815294], [-60.5528388, -35.1816121], [-60.5529645, -35.1817012], [-60.5588508, -35.1867866], [-60.571016, -35.1960285], [-60.5712607, -35.1962144], [-60.5747537, -35.1988679], [-60.5758772, -35.1996421], [-60.5784817, -35.201298], [-60.57914, -35.2018116], [-60.5930605, -35.2137571], [-60.5939798, -35.2145537], [-60.6024659, -35.2217936], [-60.6117106, -35.2296146], [-60.6123143, -35.2301687], [-60.6131461, -35.2308212], [-60.614004, -35.2314092], [-60.6150584, -35.2324018], [-60.6152769, -35.2326163], [-60.6154752, -35.2328539], [-60.6157647, -35.2331764], [-60.6159649, -35.2333557], [-60.6169542, -35.2342209], [-60.6178964, -35.2350308], [-60.6208744, -35.2376033], [-60.620923, -35.2376453], [-60.6268442, -35.242675], [-60.6271154, -35.2429069], [-60.6396067, -35.2536035], [-60.64973184, -35.26227282], [-60.64979408, -35.26232612], [-60.64985269, -35.26233447], [-60.6499427, -35.26232028], [-60.65001111, -35.26227269], [-60.6594547, -35.2549234], [-60.66048371, -35.25460419], [-60.66066455, -35.2544757], [-60.66079304, -35.25436148], [-60.66104051, -35.25379041], [-60.66123007, -35.25357055], [-60.6791057, -35.2396112], [-60.6814862, -35.23784698], [-60.68155092, -35.23782413], [-60.68160803, -35.23781462], [-60.68166704, -35.23781652], [-60.68176264, -35.23783696], [-60.6830281, -35.2388961], [-60.683238, -35.2390017], [-60.6835045, -35.239038], [-60.6893905, -35.2386378], [-60.7198066, -35.2367454], [-60.72493662, -35.23646046], [-60.72516267, -35.23639384], [-60.72536016, -35.23625345], [-60.72605259, -35.23527549], [-60.72624532, -35.2349971], [-60.73594524, -35.22139377], [-60.73935156, -35.21894245], [-60.74430179, -35.21517719], [-60.74454545, -35.21512579], [-60.74469393, -35.2151315], [-60.7447834, -35.21514673], [-60.74502705, -35.21524381], [-60.7470409, -35.2167823], [-60.7473757, -35.2170085], [-60.74792445, -35.21722343], [-60.74813503, -35.21722343], [-60.74835275, -35.21717346], [-60.74883816, -35.21694503], [-60.74929721, -35.21662365], [-60.74966979, -35.2165774], [-60.75000529, -35.21662023], [-60.7504119, -35.2168551], [-60.7623252, -35.2272442], [-60.7626031, -35.22736306], [-60.7629153, -35.2274154], [-60.7634775, -35.2274002], [-60.76382269, -35.22744241], [-60.76396588, -35.22749104], [-60.7645035, -35.2278856], [-60.7806751, -35.2417779], [-60.780891, -35.2419147], [-60.7811504, -35.2419954], [-60.7815214, -35.2420911], [-60.7819797, -35.2421871], [-60.782587, -35.2422911], [-60.7831189, -35.2423646], [-60.7836355, -35.2424143], [-60.7840853, -35.2424334], [-60.7844937, -35.2424343], [-60.7850934, -35.2424088], [-60.7864617, -35.2423007], [-60.7871087, -35.24226], [-60.7881509, -35.2422253], [-60.7903625, -35.242033], [-60.7923886, -35.2419522], [-60.7985748, -35.2415568], [-60.81792633, -35.24031984], [-60.81804553, -35.24024304], [-60.81808122, -35.24011812], [-60.81808122, -35.23997535], [-60.81813476, -35.23985638], [-60.81821209, -35.23978499], [-60.81836676, -35.2397493], [-60.82144221, -35.23953515], [-60.82348855, -35.23943997], [-60.82377408, -35.23941618], [-60.82419644, -35.23931505], [-60.82473182, -35.23926746], [-60.82575498, -35.23926746], [-60.82709938, -35.23919608], [-60.82826532, -35.23909495], [-60.82869362, -35.2390771], [-60.82878285, -35.23911279], [-60.82883639, -35.23921392], [-60.82888992, -35.23949351], [-60.82892562, -35.23980879], [-60.82895241, -35.24013998], [-60.82898001, -35.24020375], [-60.82901142, -35.24023706], [-60.82905316, -35.24024874], [-60.8292886, -35.2402106], [-60.8300939, -35.2401567], [-60.8643867, -35.2379598], [-60.8645167, -35.2379202], [-60.8645565, -35.2378368], [-60.864574, -35.2376556], [-60.8645719, -35.2374804], [-60.8646249, -35.2374248], [-60.8647291, -35.2373917], [-60.8919502, -35.2355862], [-60.8923371, -35.2358835], [-60.892655, -35.2361221], [-60.9125515, -35.2348364], [-60.9211783, -35.234279], [-60.9214443, -35.2342636], [-60.9632375, -35.2315594], [-60.9664877, -35.2313583], [-60.984246, -35.2302113], [-60.9929366, -35.2296568], [-61.0157665, -35.2281124], [-61.0293572, -35.2272297], [-61.0306766, -35.2271345], [-61.0319812, -35.2269764], [-61.0330146, -35.226775], [-61.0343495, -35.2264309], [-61.0347454, -35.2263084], [-61.0389653, -35.2247294], [-61.0392135, -35.2247365], [-61.0395, -35.2246616], [-61.0421857, -35.2236544], [-61.0489093, -35.2211466], [-61.0489198, -35.2209316], [-61.0487947, -35.2207668], [-61.0486804, -35.2205049], [-61.05843462, -35.21685014], [-61.0639028, -35.2148013], [-61.0761536, -35.210178], [-61.0773325, -35.2098794], [-61.08004791, -35.20935185], [-61.0868503, -35.2080303], [-61.1053932, -35.2046327], [-61.1362726, -35.1989745], [-61.137268, -35.1988393], [-61.138165, -35.1987591], [-61.1388892, -35.1987284], [-61.1407131, -35.1987547], [-61.1425919, -35.1989876], [-61.1426601, -35.1990382], [-61.1426723, -35.1991423], [-61.1426383, -35.1992716], [-61.142645, -35.1993676], [-61.1427031, -35.1994675], [-61.1428872, -35.1995454], [-61.1828797, -35.2071915], [-61.1841815, -35.2075038], [-61.1855578, -35.2078995], [-61.2179244, -35.219035], [-61.2180044, -35.219115], [-61.2181222, -35.219184], [-61.2245195, -35.2213887], [-61.2273042, -35.2223588], [-61.2279189, -35.222506], [-61.2284005, -35.2226378], [-61.2330688, -35.2241949], [-61.2440479, -35.2279892], [-61.2632997, -35.2345821], [-61.2884265, -35.2432939], [-61.2887383, -35.2434049], [-61.290091, -35.2439876], [-61.3132569, -35.2555636], [-61.3275745, -35.26266102], [-61.3433592, -35.2704857], [-61.3489801, -35.2732837], [-61.3611611, -35.2792596], [-61.3660734, -35.2817499], [-61.3691734, -35.2833214], [-61.3711124, -35.2841576], [-61.3723668, -35.2845689], [-61.3735236, -35.2848741], [-61.3856344, -35.2870704], [-61.3926295, -35.2883632], [-61.3957145, -35.2889185], [-61.40071374, -35.28982297], [-61.40079465, -35.2898896], [-61.4008834, -35.2899365]]]}}, {"type": "Feature", "properties": {"municipio_": "06112", "municipi_1": "Bragado", "rtn": "64", "typ": 40, "rst": 3, "hct": 2, "fdc": "DVP Buenos Aires", "sag": "IGN", "long_km": 66.079, "partido": "Bragado"}, "geometry": {"type": "MultiLineString", "coordinates": [[[-61.0122306, -35.0003765], [-61.00581297, -35.00104317], [-61.00437425, -35.00119243], [-61.00296617, -35.00136256], [-61.00129725, -35.00172753], [-60.99998042, -35.00205341], [-60.99803107, -35.00259521], [-60.99560136, -35.00325275], [-60.96093883, -35.01302832], [-60.94501519, -35.01745385], [-60.90932282, -35.02755618], [-60.90863278, -35.02771831], [-60.90791941, -35.02787499], [-60.90678783, -35.02805255], [-60.9052033, -35.02826005], [-60.89077719, -35.02972296], [-60.86978461, -35.03190663], [-60.86958511, -35.03190692], [-60.86949932, -35.03186044], [-60.86942483, -35.03179065], [-60.86935516, -35.03147485], [-60.8692751, -35.031396], [-60.8691438, -35.03134024], [-60.86289314, -35.03199401], [-60.86268727, -35.03203685], [-60.86256755, -35.03212608], [-60.86243485, -35.03231751], [-60.86222546, -35.03250787], [-60.86196847, -35.0326078], [-60.84629449, -35.03424202], [-60.84568059, -35.03434671], [-60.84515235, -35.03444189], [-60.8425159, -35.03472743], [-60.83155502, -35.03581697], [-60.81980922, -35.03702288], [-60.80414122, -35.03861833], [-60.79806447, -35.03924192], [-60.78455217, -35.04059612], [-60.76590192, -35.04249676], [-60.7640966, -35.04270227], [-60.76250087, -35.04291008], [-60.76080092, -35.04331832], [-60.75939346, -35.04372639], [-60.7582656, -35.04414756], [-60.74017813, -35.05143585], [-60.72671514, -35.05682681], [-60.72507156, -35.05747573], [-60.72436665, -35.05772855], [-60.72362009, -35.05797542], [-60.72286461, -35.05816875], [-60.72242441, -35.05826988], [-60.72179683, -35.05839183], [-60.72049207, -35.05860183], [-60.71824176, -35.05897793], [-60.71394817, -35.05969787], [-60.70901001, -35.06053222], [-60.70888022, -35.06047522], [-60.70879932, -35.06039194], [-60.70874459, -35.06025155], [-60.70867321, -35.06000885], [-60.70856496, -35.05992779], [-60.70841745, -35.05990885], [-60.70212198, -35.06100068], [-60.70205974, -35.06106164], [-60.70203741, -35.06117829], [-60.70209468, -35.06136434], [-60.70211783, -35.06151342], [-60.70208426, -35.06161222], [-60.70196589, -35.06169709], [-60.70177987, -35.06175863], [-60.69902187, -35.06219641], [-60.69379511, -35.06306396], [-60.68871943, -35.06392054], [-60.68561846, -35.06443273], [-60.6808841, -35.06522469], [-60.67957623, -35.06544119], [-60.67821228, -35.0656693], [-60.67722841, -35.06581758], [-60.67677946, -35.06589334], [-60.67045334, -35.06694798], [-60.66580942, -35.06772786], [-60.66524742, -35.06782119], [-60.66475577, -35.06787298], [-60.664225, -35.06790583], [-60.6636973, -35.06795124], [-60.66297851, -35.06805284], [-60.65157077, -35.06996271], [-60.63659934, -35.07244497], [-60.63135381, -35.07331123], [-60.62719584, -35.07399763], [-60.61746543, -35.07561578], [-60.61739693, -35.0756768], [-60.61739139, -35.07577049], [-60.61750045, -35.07606029], [-60.61760344, -35.07609287], [-60.61773504, -35.07610202], [-60.61792395, -35.07611575], [-60.61807292, -35.07619518], [-60.62087615, -35.07866041], [-60.62628774, -35.08333069], [-60.62633533, -35.08341694], [-60.6263502, -35.08347048], [-60.62632393, -35.08352823], [-60.62609788, -35.08370074], [-60.61954915, -35.08876026], [-60.61927432, -35.08893158], [-60.61562732, -35.09172947], [-60.61235021, -35.09427978], [-60.61224908, -35.09437496], [-60.61220149, -35.09443742], [-60.61217492, -35.09445121], [-60.61214201, -35.09444337], [-60.61203695, -35.09436201], [-60.60347543, -35.08689143], [-60.5992447, -35.08315761], [-60.59916343, -35.08313004], [-60.59906734, -35.0831445], [-60.59893885, -35.08323016], [-60.59723031, -35.08455366], [-60.59706136, -35.08463932], [-60.59687101, -35.08469642], [-60.5943409, -35.08508621], [-60.58537711, -35.0865894], [-60.58521834, -35.08661962], [-60.5851005, -35.08666296], [-60.58243003, -35.08871092], [-60.58234872, -35.08876432], [-60.58225509, -35.08877432], [-60.58217346, -35.0887476], [-60.57990798, -35.08681154], [-60.57983431, -35.08674469], [-60.57972391, -35.08673808], [-60.57962583, -35.08677161], [-60.57494431, -35.09043525], [-60.56623353, -35.09712426], [-60.5661598, -35.09718114], [-60.56610508, -35.09719909], [-60.56605378, -35.09719135], [-60.56594515, -35.09711941], [-60.56491987, -35.09624847], [-60.56482983, -35.09620508], [-60.56472352, -35.0962085], [-60.56463771, -35.09626208], [-60.55729667, -35.10196814], [-60.55701028, -35.10220908], [-60.54939361, -35.10809069], [-60.54931092, -35.10813197], [-60.5492251, -35.10814154], [-60.54914341, -35.10809771], [-60.54900445, -35.10796636], [-60.54771222, -35.10679484], [-60.54602875, -35.10530767], [-60.54427985, -35.10374318], [-60.54240603, -35.10210135], [-60.54084748, -35.10070936], [-60.53794925, -35.09815243], [-60.5350701, -35.09560641], [-60.53278581, -35.09356007], [-60.53268588, -35.09349583], [-60.53260736, -35.09349583], [-60.53250742, -35.09352438], [-60.53240034, -35.09357435], [-60.53061575, -35.09499489], [-60.52853134, -35.0965582], [-60.52592583, -35.0985498], [-60.52286346, -35.10088406], [-60.52036503, -35.10276859], [-60.51748112, -35.10493866], [-60.51558945, -35.10628067], [-60.51289828, -35.10820804], [-60.51223441, -35.10870772], [-60.50973598, -35.11045663], [-60.50966122, -35.11056886], [-60.50964932, -35.11073542], [-60.50968502, -35.11090198], [-60.5106487, -35.11312678], [-60.51206448, -35.11669597], [-60.51367061, -35.12058639], [-60.51368251, -35.12081244], [-60.51364682, -35.12088382], [-60.51349215, -35.12094331], [-60.50848339, -35.1222996], [-60.50155916, -35.12425076], [-60.49774012, -35.12532152], [-60.49515, -35.125991]]]}}, {"type": "Feature", "properties": {"municipio_": "06112", "municipi_1": "Bragado", "rtn": "46", "typ": 40, "rst": 1, "hct": 2, "fdc": "DVP Buenos Aires", "sag": "IGN", "long_km": 0.346, "partido": "Bragado"}, "geometry": {"type": "MultiLineString", "coordinates": [[[-60.49701005, -35.08739153], [-60.49695949, -35.08740491], [-60.49691061, -35.08742238], [-60.49686339, -35.08744395], [-60.49681876, -35.08746919], [-60.49677669, -35.08749812], [-60.49673803, -35.08753016], [-60.49670274, -35.08756534], [-60.49667152, -35.08760295], [-60.49664436, -35.08764302], [-60.49662179, -35.08768475], [-60.49661675, -35.08769693], [-60.4966038, -35.08772818], [-60.49659075, -35.08777243], [-60.49658263, -35.08781755], [-60.4965796, -35.08786262], [-60.49658165, -35.08790769], [-60.49658875, -35.08795185], [-60.49660091, -35.08799514], [-60.49661787, -35.08803669], [-60.49663965, -35.08807654], [-60.49666582, -35.08811388], [-60.49669641, -35.08814876], [-60.49673078, -35.08818046], [-60.49675501, -35.08819858], [-60.49676898, -35.08820902], [-60.49681023, -35.08823386], [-60.49685459, -35.08825501], [-60.49690114, -35.08827204], [-60.49694994, -35.08828496], [-60.497, -35.08829352], [-60.49705137, -35.08829773], [-60.49710301, -35.08829749], [-60.49715498, -35.08829281], [-60.49720622, -35.08828378], [-60.49725679, -35.0882704], [-60.49730567, -35.08825293], [-60.49735289, -35.08823136], [-60.49739752, -35.08820613], [-60.49743959, -35.0881772], [-60.49747825, -35.08814516], [-60.49751354, -35.08810998], [-60.49754476, -35.08807237], [-60.49757192, -35.0880323], [-60.49759449, -35.08799057], [-60.49761247, -35.08794714], [-60.49762552, -35.08790288], [-60.49763365, -35.08785777], [-60.49763668, -35.0878127], [-60.49763463, -35.08776763], [-60.49762753, -35.08772347], [-60.49761537, -35.08768018], [-60.49759841, -35.08763863], [-60.49757662, -35.08759878], [-60.49755045, -35.08756143], [-60.49751987, -35.08752656], [-60.4974855, -35.08749486], [-60.4974473, -35.0874663], [-60.49742291, -35.08745161], [-60.49740604, -35.08744145], [-60.49736169, -35.08742031], [-60.49731514, -35.08740328], [-60.49726634, -35.08739035], [-60.49721628, -35.08738179], [-60.49716491, -35.08737759], [-60.49711327, -35.08737783], [-60.4970613, -35.08738251], [-60.49701005, -35.08739153]]]}}, {"type": "Feature", "properties": {"municipio_": "06112", "municipi_1": "Bragado", "rtn": "42", "typ": 40, "rst": 3, "hct": 2, "fdc": "DVP Buenos Aires", "sag": "IGN", "long_km": 0.113, "partido": "Bragado"}, "geometry": {"type": "MultiLineString", "coordinates": [[[-60.49664436, -35.08764302], [-60.49666458, -35.08750719], [-60.49667601, -35.08736633], [-60.49666649, -35.08723308], [-60.49665507, -35.0871379], [-60.49659606, -35.08699894], [-60.49655798, -35.08688853], [-60.49651991, -35.08679526], [-60.4964907, -35.0866634]]]}}, {"type": "Feature", "properties": {"municipio_": "06112", "municipi_1": "Bragado", "rtn": "46", "typ": 40, "rst": 1, "hct": 2, "fdc": "DVP Buenos Aires", "sag": "IGN", "long_km": 4.807, "partido": "Bragado"}, "geometry": {"type": "MultiLineString", "coordinates": [[[-60.44033885, -35.12609115], [-60.4404912, -35.1259361], [-60.4406489, -35.1258064], [-60.4411918, -35.1253879], [-60.4419964, -35.1248099], [-60.442254, -35.1246282], [-60.4425654, -35.1244053], [-60.4427636, -35.1242765], [-60.443593, -35.1236836], [-60.4449374, -35.1227299], [-60.4462758, -35.1217865], [-60.4469894, -35.1213036], [-60.448496, -35.1202078], [-60.4493985, -35.1195675], [-60.4530958, -35.1169443], [-60.4573408, -35.1139464], [-60.4574142, -35.1138946], [-60.459249, -35.1125791], [-60.4594792, -35.1124141], [-60.4604318, -35.1117394], [-60.4621821, -35.1104996], [-60.4622681, -35.1104387], [-60.4639431, -35.1092364], [-60.4644939, -35.1088523], [-60.4658059, -35.1080433], [-60.4669637, -35.1072972], [-60.4671742, -35.1071615], [-60.4681791, -35.1064768], [-60.4685939, -35.1061942], [-60.4691117, -35.1058414], [-60.4698194, -35.1052567], [-60.4700805, -35.1050126], [-60.4702952, -35.1047971], [-60.470551, -35.104559], [-60.470779, -35.1043585], [-60.4709993, -35.1041945], [-60.4712575, -35.1040029], [-60.47160519, -35.10379758], [-60.47208703, -35.10350848], [-60.4736618, -35.1024245], [-60.4739139, -35.1022555], [-60.474158, -35.1021041], [-60.4744208, -35.1019725], [-60.4746944, -35.1018562], [-60.4748658, -35.1017775], [-60.4756966, -35.1013962]]]}}, {"type": "Feature", "properties": {"municipio_": "06112", "municipi_1": "Bragado", "rtn": "46", "typ": 40, "rst": 1, "hct": 2, "fdc": "DVP Buenos Aires", "sag": "IGN", "long_km": 0.016, "partido": "Bragado"}, "geometry": {"type": "MultiLineString", "coordinates": [[[-60.44023993, -35.12619184], [-60.44033885, -35.12609115]]]}}, {"type": "Feature", "properties": {"municipio_": "06784", "municipi_1": "Suipacha", "rtn": "42", "typ": 40, "rst": 3, "hct": 2, "fdc": "DVP Buenos Aires", "sag": "IGN", "long_km": 62.374, "partido": "Suipacha"}, "geometry": {"type": "MultiLineString", "coordinates": [[[-60.00620034, -34.61008943], [-60.00614386, -34.61019724], [-60.00603083, -34.61026267], [-60.00584643, -34.61029242], [-60.00374655, -34.61031026], [-59.99909471, -34.61031621], [-59.99482357, -34.61030431], [-59.9900238, -34.61029281], [-59.9851697, -34.61033564], [-59.97647515, -34.61033564], [-59.96894178, -34.6103523], [-59.96113715, -34.6103404], [-59.95712776, -34.6103404], [-59.95343959, -34.6103404], [-59.94716971, -34.6103404], [-59.9401503, -34.6103404], [-59.93321417, -34.6103285], [-59.9264803, -34.6103285], [-59.92015093, -34.6103285], [-59.91261994, -34.6103404], [-59.90479151, -34.61029281], [-59.90023484, -34.6103404], [-59.90010245, -34.61032483], [-59.90000483, -34.61027274], [-59.89951803, -34.60987046], [-59.89939283, -34.60978032], [-59.89929496, -34.60970985], [-59.89917495, -34.60970571], [-59.89894993, -34.60969795], [-59.896899, -34.6096885], [-59.8909689, -34.6096852], [-59.8908066, -34.6097216], [-59.8907127, -34.6097559], [-59.8906323, -34.6098342], [-59.8906028, -34.6099369], [-59.8905371, -34.6100649], [-59.8904459, -34.6101808], [-59.8903493, -34.6102581], [-59.8901897, -34.6103409], [-59.88888417, -34.61033867], [-59.8788392, -34.6103215], [-59.874206, -34.6103136], [-59.872047, -34.6103099], [-59.8621234, -34.6103066], [-59.8392344, -34.6102991], [-59.8386841, -34.6102989], [-59.8163764, -34.6102916], [-59.8161645, -34.6102915], [-59.8118006, -34.6102901], [-59.7907622, -34.6102648], [-59.7704527, -34.6102404], [-59.7702382, -34.6102402], [-59.7658449, -34.6102349], [-59.7590461, -34.6102666], [-59.7570248, -34.6102659], [-59.7556896, -34.6102456], [-59.75549727, -34.61010756], [-59.75502137, -34.6097328], [-59.75490835, -34.60966141], [-59.75475368, -34.60963167], [-59.75076809, -34.60959598], [-59.74708587, -34.60956029], [-59.7469788, -34.60956623], [-59.74684793, -34.60960193], [-59.74668731, -34.609709], [-59.74653265, -34.60981608], [-59.74640178, -34.60983392], [-59.74627091, -34.60982203], [-59.7460746, -34.60969116], [-59.74596752, -34.60958408], [-59.74587829, -34.60954839], [-59.74576527, -34.60959598], [-59.74495031, -34.61013731], [-59.744832, -34.6102181], [-59.7402716, -34.6102087], [-59.7215042, -34.6101701], [-59.721098, -34.6101696], [-59.7167108, -34.6101433], [-59.685113, -34.6101092], [-59.6761394, -34.6100712], [-59.6722664, -34.6099854], [-59.6576061, -34.6099444], [-59.6571798, -34.6100151], [-59.657006, -34.610091], [-59.6569102, -34.6102146], [-59.6568986, -34.6102555], [-59.6568396, -34.6104613], [-59.6565658, -34.6105046], [-59.6483123, -34.610468], [-59.6481418, -34.6104672], [-59.6479138, -34.6104723], [-59.6381873, -34.610433], [-59.6329311, -34.6103938], [-59.6329137, -34.6105477], [-59.632856, -34.6106081], [-59.6327844, -34.6106397], [-59.6327013, -34.6106496], [-59.6302971, -34.6106575], [-59.6249131, -34.6106424], [-59.6239869, -34.6106315], [-59.623838, -34.6106201], [-59.6237587, -34.6105902], [-59.6236936, -34.6105495], [-59.6236762, -34.6104736], [-59.5818803, -34.6103413], [-59.5796458, -34.6103406], [-59.5780219, -34.6104432], [-59.5761751, -34.6107196], [-59.5745976, -34.6110104], [-59.5721551, -34.6117851], [-59.5705279, -34.6124363], [-59.568789, -34.6132816], [-59.5670803, -34.614337], [-59.5578386, -34.620763], [-59.5529759, -34.6241659], [-59.5387538, -34.6340176], [-59.5324236, -34.6384614], [-59.5297032, -34.6403099], [-59.52697904, -34.64259063], [-59.52542763, -34.64364235], [-59.52430928, -34.64443709], [-59.52289112, -34.64542694], [-59.5210637, -34.64668806], [-59.52093996, -34.64672137], [-59.52081629, -34.64665793], [-59.52074842, -34.6465905], [-59.5204236, -34.6463354], [-59.5203821, -34.6462972], [-59.5202703, -34.6462066], [-59.52011251, -34.64621395], [-59.51997509, -34.6462663], [-59.5121713, -34.651686], [-59.5070121, -34.6552664], [-59.5033464, -34.6577239], [-59.5031448, -34.6578492], [-59.5029507, -34.6579381], [-59.5028161, -34.6579842], [-59.5027039, -34.6580138], [-59.502576, -34.6580322], [-59.5024773, -34.6580322], [-59.5023337, -34.6580082], [-59.5022237, -34.6579621], [-59.5020798, -34.6578667], [-59.4974653, -34.6536123], [-59.497348, -34.6535407], [-59.4972354, -34.6534989], [-59.4971338, -34.653478], [-59.4970275, -34.6534819], [-59.4969181, -34.6535015], [-59.4968194, -34.6535391], [-59.4929074, -34.6564336], [-59.4872673, -34.6606617], [-59.4870537, -34.6608049], [-59.4869191, -34.6608747], [-59.4868197, -34.6609122], [-59.48671, -34.6609344], [-59.4863766, -34.6609497], [-59.4860804, -34.6609769], [-59.4857615, -34.6610219], [-59.4855876, -34.661057], [-59.4854695, -34.6610979], [-59.4853639, -34.6611473], [-59.4852873, -34.6612035], [-59.4852087, -34.661298], [-59.4850269, -34.6616702], [-59.4845013, -34.6625785], [-59.4843849, -34.6627406], [-59.4842235, -34.6628877], [-59.4840868, -34.6629814], [-59.4839543, -34.6630291], [-59.4837901, -34.6630736], [-59.4836333, -34.6630904], [-59.4834552, -34.6630853], [-59.4832585, -34.66307], [-59.4829604, -34.6630138], [-59.4794225, -34.6621457], [-59.4779475, -34.6617922], [-59.4765757, -34.6614418], [-59.4742355, -34.6608887], [-59.473225, -34.660656], [-59.4723502, -34.6604545], [-59.4680513, -34.6594715]]]}}, {"type": "Feature", "properties": {"municipio_": "06784", "municipi_1": "Suipacha", "rtn": "43", "typ": 40, "rst": 3, "hct": 2, "fdc": "DVP Buenos Aires", "sag": "IGN", "long_km": 24.288, "partido": "Suipacha"}, "geometry": {"type": "MultiLineString", "coordinates": [[[-59.7295047, -34.7326345], [-59.73201257, -34.73081363], [-59.7320515, -34.73078536], [-59.73209302, -34.73076758], [-59.732123, -34.73076901], [-59.73216793, -34.73079165], [-59.73461799, -34.73295611], [-59.73529802, -34.73355688], [-59.73535503, -34.73360724], [-59.73539015, -34.73361935], [-59.73542848, -34.7336126], [-59.73547607, -34.73358214], [-59.7447048, -34.72704076], [-59.74707951, -34.72524665], [-59.7510792, -34.7222422], [-59.7513393, -34.7221798], [-59.7516791, -34.7222589], [-59.7539826, -34.7243143], [-59.7542731, -34.7244094], [-59.7545636, -34.724351], [-59.7631469, -34.7178994], [-59.7651009, -34.7164306], [-59.7712512, -34.7118073], [-59.7726148, -34.7107412], [-59.7757316, -34.7077425], [-59.7771531, -34.7063137], [-59.7787195, -34.7045805], [-59.7809619, -34.7019124], [-59.7832257, -34.699253], [-59.7849764, -34.697192], [-59.7857845, -34.6962406], [-59.7883755, -34.6933252], [-59.7909451, -34.6903391], [-59.7911596, -34.6901539], [-59.7951937, -34.6883498], [-59.7978544, -34.6871898], [-59.7981173, -34.6870177], [-59.7983855, -34.6868148], [-59.7999895, -34.6849401], [-59.8025483, -34.6819434], [-59.802703, -34.6817673], [-59.8063839, -34.6774453], [-59.8071083, -34.6766497], [-59.8080522, -34.6755174], [-59.8108687, -34.6722489], [-59.811786, -34.6712563], [-59.8284131, -34.6539219], [-59.8286006, -34.6538093], [-59.828815, -34.6537766], [-59.8328787, -34.6535786], [-59.835529, -34.6534456], [-59.8358058, -34.6533598], [-59.8359794, -34.6531916], [-59.8438141, -34.646272], [-59.8443398, -34.6457711], [-59.8444337, -34.645701], [-59.8445068, -34.6456701], [-59.844614, -34.6456525], [-59.844714, -34.6456552], [-59.8447991, -34.6456944], [-59.8449279, -34.6457876], [-59.8489019, -34.6491395], [-59.8489902, -34.6491538], [-59.8490742, -34.6491198], [-59.8561311, -34.642803], [-59.8636111, -34.6361939], [-59.8636863, -34.6360505], [-59.8636943, -34.6359291], [-59.8636407, -34.6358143], [-59.8623422, -34.6348608], [-59.8622161, -34.6347174], [-59.8621785, -34.6345717], [-59.862251, -34.6344283], [-59.8623851, -34.634287], [-59.8722163, -34.6264802], [-59.8825254, -34.6183367], [-59.8900378, -34.6111287], [-59.8901843, -34.6110736], [-59.8901797, -34.6107952], [-59.8901762, -34.6105842], [-59.8901754, -34.6105541], [-59.8901897, -34.6103409]]]}}, {"type": "Feature", "properties": {"municipio_": "06784", "municipi_1": "Suipacha", "rtn": "43", "typ": 40, "rst": 1, "hct": 2, "fdc": "DVP Buenos Aires", "sag": "IGN", "long_km": 8.364, "partido": "Suipacha"}, "geometry": {"type": "MultiLineString", "coordinates": [[[-59.67437972, -34.78043854], [-59.67437599, -34.78039419], [-59.67436797, -34.78029897], [-59.67439821, -34.78023056], [-59.67632557, -34.77811284], [-59.67870503, -34.77541215], [-59.68123916, -34.77250921], [-59.68247648, -34.77114102], [-59.68564116, -34.76752424], [-59.68934122, -34.76336018], [-59.69249401, -34.7597196], [-59.69483778, -34.75703081], [-59.69727316, -34.75428757], [-59.69840102, -34.75300623], [-59.69869013, -34.75290986], [-59.69890785, -34.75292414], [-59.69906846, -34.75298481], [-59.69925763, -34.75309546], [-59.69962883, -34.7534381], [-59.70023559, -34.75392708], [-59.70038906, -34.7540056], [-59.7005354, -34.75404129], [-59.70073171, -34.75405914], [-59.70089232, -34.75403416], [-59.7009925, -34.7540125], [-59.7019228, -34.7533825], [-59.7112788, -34.7463452], [-59.7119584, -34.745834], [-59.719703, -34.7400083], [-59.7217954, -34.7384342], [-59.7295047, -34.7326345]]]}}, {"type": "Feature", "properties": {"municipio_": "06784", "municipi_1": "Suipacha", "rtn": "43", "typ": 40, "rst": 3, "hct": 2, "fdc": "DVP Buenos Aires", "sag": "IGN", "long_km": 40.536, "partido": "Suipacha"}, "geometry": {"type": "MultiLineString", "coordinates": [[[-59.67471664, -34.7805683], [-59.67470512, -34.78057745], [-59.6744111, -34.78081115], [-59.67158638, -34.78305637], [-59.66826465, -34.78568329], [-59.66414342, -34.78895743], [-59.65947968, -34.79265987], [-59.65471124, -34.79645749], [-59.65236033, -34.79833251], [-59.647649, -34.80207302], [-59.64308044, -34.80572787], [-59.63850235, -34.80943983], [-59.63372439, -34.813266], [-59.62923197, -34.81685423], [-59.62509171, -34.82024258], [-59.62113229, -34.82342154], [-59.6167636, -34.82691459], [-59.61222358, -34.830598], [-59.6098822, -34.83244446], [-59.60972991, -34.83263482], [-59.60954907, -34.83294891], [-59.60935871, -34.83316782], [-59.60459979, -34.83683219], [-59.59990749, -34.84042041], [-59.59563398, -34.84370407], [-59.59038013, -34.84777771], [-59.58549748, -34.85149918], [-59.58358439, -34.85296493], [-59.58354632, -34.85302204], [-59.58351777, -34.85309818], [-59.58351777, -34.85319336], [-59.5836415, -34.85336468], [-59.58771514, -34.85686725], [-59.59196961, -34.86057921], [-59.5950058, -34.86315854], [-59.59833705, -34.86608052], [-59.59843421, -34.86615865], [-59.59845206, -34.86623598], [-59.59844016, -34.86628952], [-59.59832119, -34.86638469], [-59.59487097, -34.8683299], [-59.59262238, -34.86958507], [-59.58709307, -34.87272546], [-59.58256019, -34.87527148], [-59.57667103, -34.87860273], [-59.57612375, -34.87893585], [-59.57581442, -34.87900723], [-59.57508869, -34.87907862], [-59.57479125, -34.8791381], [-59.5745771, -34.87924518], [-59.5710317, -34.88200535], [-59.5666535, -34.88536039], [-59.56402419, -34.88741863], [-59.55977685, -34.89067849], [-59.55539865, -34.89406922], [-59.55502983, -34.89423578], [-59.55475619, -34.89430717], [-59.55445876, -34.89442614], [-59.55417322, -34.89456891], [-59.54952138, -34.89824518], [-59.5445721, -34.90207611], [-59.54017009, -34.90549064], [-59.53687454, -34.90806045], [-59.53676747, -34.90820322], [-59.53676033, -34.90832695], [-59.53683171, -34.90849114], [-59.53706728, -34.90865532], [-59.54125275, -34.91075876], [-59.54210936, -34.91118706], [-59.54255669, -34.91151067], [-59.54299452, -34.91193897], [-59.54303259, -34.9121103], [-59.54297548, -34.91230065], [-59.54076734, -34.91534636], [-59.53798813, -34.91911543], [-59.53667467, -34.92090478], [-59.53525651, -34.92280835], [-59.53522795, -34.9229416], [-59.53525651, -34.92305582], [-59.53520892, -34.92318907], [-59.53421906, -34.92444542], [-59.53165876, -34.92790992], [-59.52932689, -34.93103177], [-59.52670948, -34.93461048], [-59.52422533, -34.93800835], [-59.52158888, -34.94157754], [-59.51966628, -34.94421398], [-59.51734393, -34.94732632], [-59.51525, -34.95020071], [-59.51427918, -34.95151417], [-59.5140793, -34.95173308], [-59.51381281, -34.95194247], [-59.5083686, -34.9546265], [-59.50362871, -34.95698693], [-59.49981206, -34.95887146], [-59.49949797, -34.95911893], [-59.49931713, -34.95929977], [-59.49752777, -34.96157453], [-59.49516735, -34.96451554], [-59.49341607, -34.96676176], [-59.49133166, -34.9693982], [-59.48842872, -34.97300546], [-59.48592552, -34.97616539], [-59.48447881, -34.9779357], [-59.48431701, -34.9780404], [-59.48417424, -34.97810703], [-59.48398388, -34.97810703], [-59.48378401, -34.97807847], [-59.48166153, -34.97706958], [-59.47789246, -34.97513746], [-59.47706441, -34.97475674], [-59.47690261, -34.97471867], [-59.47676936, -34.97471867], [-59.47659804, -34.97480433], [-59.47650286, -34.97491855], [-59.47379979, -34.97860195], [-59.47111576, -34.98228536], [-59.46845076, -34.98583552], [-59.46565251, -34.98963314], [-59.46277813, -34.99352593], [-59.45979904, -34.99758053], [-59.45724826, -35.00101648], [-59.45463085, -35.00461422], [-59.45200393, -35.00816438], [-59.44992904, -35.01094359], [-59.44897725, -35.01221898], [-59.44880083, -35.01237562]]]}}, {"type": "Feature", "properties": {"municipio_": "06021", "municipi_1": "Alberti", "rtn": "51", "typ": 40, "rst": 1, "hct": 2, "fdc": "DVP Buenos Aires", "sag": "IGN", "long_km": 50.159, "partido": "Alberti"}, "geometry": {"type": "MultiLineString", "coordinates": [[[-60.11064578, -35.0103606], [-60.1105838, -35.0105052], [-60.1104626, -35.0108345], [-60.1103399, -35.011071], [-60.1102936, -35.0111796], [-60.1102582, -35.0112983], [-60.1102188, -35.0114345], [-60.1101678, -35.0116992], [-60.1101359, -35.0125469], [-60.1101261, -35.013744], [-60.110144, -35.0161913], [-60.1101682, -35.0184516], [-60.1101792, -35.0187608], [-60.1107422, -35.0344581], [-60.1111069, -35.0446687], [-60.1111713, -35.0464452], [-60.1112044, -35.0480381], [-60.1111554, -35.0504005], [-60.1107127, -35.0659622], [-60.1106295, -35.0690246], [-60.1105839, -35.0700345], [-60.1105244, -35.0704747], [-60.1099688, -35.073525], [-60.1095016, -35.0760975], [-60.1094731, -35.0762287], [-60.1089397, -35.0792343], [-60.1088914, -35.0797632], [-60.1088673, -35.0805491], [-60.1088329, -35.0872117], [-60.108826, -35.0881674], [-60.1089018, -35.1039965], [-60.1089306, -35.1078823], [-60.1089322, -35.1081002], [-60.1089343, -35.1083765], [-60.1089585, -35.1118499], [-60.1089778, -35.1141282], [-60.1090121, -35.1181622], [-60.1096921, -35.1295311], [-60.1102245, -35.1391732], [-60.1108763, -35.1493236], [-60.1129374, -35.1727426], [-60.1138294, -35.1840092], [-60.1138964, -35.1850483], [-60.1138602, -35.1860589], [-60.113669, -35.1886592], [-60.113014, -35.1974264], [-60.1118014, -35.2119035], [-60.1094976, -35.2368302], [-60.1093394, -35.2384382], [-60.1068538, -35.257792], [-60.1068211, -35.2580462], [-60.1060376, -35.2641313], [-60.1058123, -35.2660913], [-60.1053646, -35.2708133], [-60.1042914, -35.2810168], [-60.1042298, -35.281978], [-60.1042646, -35.2826458], [-60.1046065, -35.2863718], [-60.1046133, -35.2864464], [-60.1048842, -35.28956], [-60.1048976, -35.2901905], [-60.1048386, -35.2907663], [-60.1043298, -35.2935714], [-60.1030696, -35.3004781], [-60.101813, -35.3073607], [-60.0998406, -35.318163], [-60.0992623, -35.3213254], [-60.0990745, -35.3220979], [-60.0981166, -35.3257795], [-60.0970717, -35.3297951], [-60.0928438, -35.3461957], [-60.0913952, -35.3516907], [-60.091213, -35.3525423], [-60.0909609, -35.3541196], [-60.0902742, -35.3588643], [-60.0898025, -35.3620451], [-60.08932, -35.3652985], [-60.0892966, -35.365492], [-60.0891021, -35.3668536], [-60.0890806, -35.3669881], [-60.08804832, -35.37403908], [-60.0854656, -35.389907], [-60.0854034, -35.3902932], [-60.0844981, -35.3959562], [-60.0844312, -35.3963453], [-60.0844016, -35.3967649], [-60.0844203, -35.4033373], [-60.0844257, -35.4127081], [-60.084427, -35.414223], [-60.0844297, -35.4145662], [-60.0844297, -35.4146493], [-60.0844283, -35.4150559], [-60.0844308, -35.4182507], [-60.084431, -35.4185413], [-60.0844458, -35.4224046], [-60.0844203, -35.4230461], [-60.0843734, -35.4234024], [-60.0842674, -35.4239303], [-60.0841373, -35.4245783], [-60.0838812, -35.4256733], [-60.0834708, -35.4274918], [-60.0830537, -35.4293167], [-60.0826085, -35.4313274], [-60.0821686, -35.4332648], [-60.0816013, -35.4357813], [-60.0814511, -35.4365604], [-60.0814028, -35.436921], [-60.0813948, -35.4373657], [-60.0814417, -35.4378705], [-60.0814616, -35.4379874], [-60.0815436, -35.4384704], [-60.0815553, -35.4385295], [-60.0840555, -35.4511823], [-60.0841655, -35.4517624], [-60.0842352, -35.4523054], [-60.0842366, -35.4528451], [-60.0841548, -35.4534241], [-60.0840381, -35.4538621], [-60.0838409, -35.4543756], [-60.083621, -35.4547656], [-60.0833702, -35.4551545], [-60.0822987, -35.4568106]]]}}, {"type": "Feature", "properties": {"municipio_": "06224", "municipi_1": "Chivilcoy", "rtn": "30", "typ": 40, "rst": 1, "hct": 2, "fdc": "DVP Buenos Aires", "sag": "IGN", "long_km": 44.702, "partido": "Chivilcoy"}, "geometry": {"type": "MultiLineString", "coordinates": [[[-60.0913547, -34.8406053], [-60.0950799, -34.8376832], [-60.0955698, -34.8373431], [-60.0960115, -34.8370662], [-60.096523, -34.8368016], [-60.09660722, -34.8367633], [-60.0970512, -34.8365614], [-60.0975263, -34.836356], [-60.0995214, -34.8356027], [-60.1043542, -34.833814], [-60.104545, -34.8337424], [-60.107047, -34.8328012], [-60.1072895, -34.8327087], [-60.1112942, -34.8312351], [-60.115853, -34.8294956], [-60.1188072, -34.8284207], [-60.1357583, -34.8220703], [-60.1421693, -34.8196686], [-60.1557929, -34.8145357], [-60.1850729, -34.8035309], [-60.185903, -34.8031994], [-60.1863872, -34.8029527], [-60.1867479, -34.8027435], [-60.1875435, -34.8022488], [-60.1935152, -34.7975733], [-60.1957329, -34.7958457], [-60.1959613, -34.7956778], [-60.1998653, -34.7926455], [-60.2000463, -34.7925049], [-60.2002588, -34.7923394], [-60.2020794, -34.7909212], [-60.2226579, -34.7749359], [-60.2255772, -34.7726479], [-60.2319036, -34.7677275], [-60.2457893, -34.7569492], [-60.2579853, -34.74748135], [-60.2586181, -34.7469901], [-60.2618391, -34.7444894], [-60.2624886, -34.743975], [-60.2880085, -34.7241007], [-60.2936791, -34.7196912], [-60.2951564, -34.7185424], [-60.3092184, -34.7076111], [-60.314325, -34.7036428], [-60.3166827, -34.7018106], [-60.3306388, -34.6909641], [-60.33821588, -34.68507459], [-60.340514, -34.6832883], [-60.3495536, -34.6762611], [-60.3506259, -34.675426], [-60.3620687, -34.666515], [-60.3679299, -34.6619544], [-60.3686394, -34.6614889], [-60.3695313, -34.6610532], [-60.370153, -34.6607772], [-60.371207, -34.6603462], [-60.3779697, -34.6575949], [-60.3838564, -34.6551822], [-60.3845081, -34.6549017], [-60.3848973, -34.654719], [-60.3850989, -34.6546156], [-60.3852654, -34.6545231], [-60.3854253, -34.654432], [-60.3856116, -34.6543198], [-60.3857702, -34.6542173], [-60.3859658, -34.6540824], [-60.3862286, -34.6538922], [-60.3865247, -34.6536697], [-60.3926567, -34.6489553], [-60.3949778, -34.6471707], [-60.3972805, -34.6454003], [-60.3996175, -34.6436036], [-60.4042257, -34.6400604], [-60.4043856, -34.6399375], [-60.4067826, -34.6380947], [-60.4091081, -34.6362955], [-60.4113739, -34.6345425], [-60.4136992, -34.6327434], [-60.4159952, -34.6309666], [-60.4182901, -34.6291775], [-60.4206331, -34.6273661], [-60.4229653, -34.6255812], [-60.4249542, -34.6240591], [-60.4251409, -34.6239249], [-60.4252053, -34.6238741]]]}}, {"type": "Feature", "properties": {"municipio_": "06224", "municipi_1": "Chivilcoy", "rtn": "30", "typ": 40, "rst": 1, "hct": 2, "fdc": "DVP Buenos Aires", "sag": "IGN", "long_km": 0.191, "partido": "Chivilcoy"}, "geometry": {"type": "MultiLineString", "coordinates": [[[-60.0913547, -34.8406053], [-60.0911889, -34.8407793], [-60.0908478, -34.8410599], [-60.090504, -34.8413297], [-60.0903547, -34.8414882], [-60.0902686, -34.8416062], [-60.09023623, -34.84170528], [-60.09019571, -34.84182933]]]}}, {"type": "Feature", "properties": {"municipio_": "06224", "municipi_1": "Chivilcoy", "rtn": "30", "typ": 40, "rst": 1, "hct": 2, "fdc": "DVP Buenos Aires", "sag": "IGN", "long_km": 0.2, "partido": "Chivilcoy"}, "geometry": {"type": "MultiLineString", "coordinates": [[[-60.08981302, -34.84150025], [-60.08996084, -34.84147976], [-60.0901537, -34.8413855], [-60.0902964, -34.8413023], [-60.0904845, -34.8411897], [-60.090875, -34.8409202], [-60.0911245, -34.8407331], [-60.0913547, -34.8406053]]]}}, {"type": "Feature", "properties": {"municipio_": "06224", "municipi_1": "Chivilcoy", "rtn": "30", "typ": 40, "rst": 1, "hct": 2, "fdc": "DVP Buenos Aires", "sag": "IGN", "long_km": 0.206, "partido": "Chivilcoy"}, "geometry": {"type": "MultiLineString", "coordinates": [[[-60.0879644, -34.8432689], [-60.0881606, -34.8431788], [-60.0883212, -34.8430499], [-60.08841597, -34.84300069], [-60.08903967, -34.84251759], [-60.08924348, -34.84243261], [-60.08931947, -34.84241641], [-60.08941766, -34.84239549], [-60.08954864, -34.84237949]]]}}, {"type": "Feature", "properties": {"municipio_": "06224", "municipi_1": "Chivilcoy", "rtn": "30", "typ": 40, "rst": 1, "hct": 2, "fdc": "DVP Buenos Aires", "sag": "IGN", "long_km": 0.19, "partido": "Chivilcoy"}, "geometry": {"type": "MultiLineString", "coordinates": [[[-60.0879644, -34.8432689], [-60.0881124, -34.843104], [-60.0882599, -34.84298], [-60.0883377, -34.8429147], [-60.0888526, -34.8424788], [-60.088985, -34.842331], [-60.0890411, -34.8422311], [-60.08907502, -34.84210424], [-60.08908371, -34.84203141]]]}}, {"type": "Feature", "properties": {"municipio_": "06224", "municipi_1": "Chivilcoy", "rtn": "30", "typ": 40, "rst": 1, "hct": 2, "fdc": "DVP Buenos Aires", "sag": "IGN", "long_km": 0.693, "partido": "Chivilcoy"}, "geometry": {"type": "MultiLineString", "coordinates": [[[-60.0830443, -34.8470852], [-60.0843943, -34.8460432], [-60.0879644, -34.8432689]]]}}, {"type": "Feature", "properties": {"municipio_": "06224", "municipi_1": "Chivilcoy", "rtn": "30", "typ": 40, "rst": 1, "hct": 2, "fdc": "DVP Buenos Aires", "sag": "IGN", "long_km": 0.154, "partido": "Chivilcoy"}, "geometry": {"type": "MultiLineString", "coordinates": [[[-60.0830443, -34.8470852], [-60.0820033, -34.847993]]]}}, {"type": "Feature", "properties": {"municipio_": "06224", "municipi_1": "Chivilcoy", "rtn": "30", "typ": 40, "rst": 1, "hct": 2, "fdc": "DVP Buenos Aires", "sag": "IGN", "long_km": 0.178, "partido": "Chivilcoy"}, "geometry": {"type": "MultiLineString", "coordinates": [[[-60.0815154, -34.8475153], [-60.0817711, -34.8474915], [-60.0821785, -34.8474146], [-60.0825972, -34.8472731], [-60.0830443, -34.8470852]]]}}, {"type": "Feature", "properties": {"municipio_": "06224", "municipi_1": "Chivilcoy", "rtn": "30", "typ": 40, "rst": 1, "hct": 2, "fdc": "DVP Buenos Aires", "sag": "IGN", "long_km": 0.087, "partido": "Chivilcoy"}, "geometry": {"type": "MultiLineString", "coordinates": [[[-60.0815154, -34.8475153], [-60.0816444, -34.8475298], [-60.0817635, -34.8475728], [-60.0818397, -34.8476175], [-60.0819043, -34.8476733], [-60.0819607, -34.8477474], [-60.0819966, -34.8478298], [-60.08201, -34.8479111], [-60.0820033, -34.847993]]]}}, {"type": "Feature", "properties": {"municipio_": "06224", "municipi_1": "Chivilcoy", "rtn": "30", "typ": 40, "rst": 1, "hct": 2, "fdc": "DVP Buenos Aires", "sag": "IGN", "long_km": 0.133, "partido": "Chivilcoy"}, "geometry": {"type": "MultiLineString", "coordinates": [[[-60.0820033, -34.847993], [-60.0819637, -34.848097], [-60.081892, -34.8481887], [-60.0818189, -34.8482461], [-60.08177512, -34.84826858], [-60.0817332, -34.8482901], [-60.0816324, -34.8483183], [-60.0815271, -34.8483301], [-60.0815154, -34.8483319], [-60.0813683, -34.8483139], [-60.0812345, -34.848261], [-60.0811211, -34.8481713], [-60.0810543, -34.8480774]]]}}, {"type": "Feature", "properties": {"municipio_": "06224", "municipi_1": "Chivilcoy", "rtn": "30", "typ": 40, "rst": 1, "hct": 2, "fdc": "DVP Buenos Aires", "sag": "IGN", "long_km": 0.036, "partido": "Chivilcoy"}, "geometry": {"type": "MultiLineString", "coordinates": [[[-60.081209, -34.8476005], [-60.0813535, -34.8475368], [-60.0815154, -34.8475153]]]}}, {"type": "Feature", "properties": {"municipio_": "06224", "municipi_1": "Chivilcoy", "rtn": "30", "typ": 40, "rst": 1, "hct": 2, "fdc": "DVP Buenos Aires", "sag": "IGN", "long_km": 0.061, "partido": "Chivilcoy"}, "geometry": {"type": "MultiLineString", "coordinates": [[[-60.0810543, -34.8480774], [-60.0810194, -34.8479534], [-60.0810327, -34.8478268], [-60.0810845, -34.8477214], [-60.0811383, -34.8476552], [-60.081209, -34.8476005]]]}}, {"type": "Feature", "properties": {"municipio_": "06224", "municipi_1": "Chivilcoy", "rtn": "30", "typ": 40, "rst": 1, "hct": 2, "fdc": "DVP Buenos Aires", "sag": "IGN", "long_km": 0.188, "partido": "Chivilcoy"}, "geometry": {"type": "MultiLineString", "coordinates": [[[-60.0795349, -34.8477672], [-60.0796412, -34.8477402], [-60.0802212, -34.8477318], [-60.0805585, -34.8476876], [-60.081209, -34.8476005]]]}}, {"type": "Feature", "properties": {"municipio_": "06224", "municipi_1": "Chivilcoy", "rtn": "30", "typ": 40, "rst": 1, "hct": 2, "fdc": "DVP Buenos Aires", "sag": "IGN", "long_km": 0.177, "partido": "Chivilcoy"}, "geometry": {"type": "MultiLineString", "coordinates": [[[-60.0810543, -34.8480774], [-60.0808442, -34.8479194], [-60.080689, -34.8478611], [-60.0805069, -34.847838], [-60.0796453, -34.8477886], [-60.0795349, -34.8477672]]]}}, {"type": "Feature", "properties": {"municipio_": "06224", "municipi_1": "Chivilcoy", "rtn": "30", "typ": 40, "rst": 1, "hct": 2, "fdc": "DVP Buenos Aires", "sag": "IGN", "long_km": 10.378, "partido": "Chivilcoy"}, "geometry": {"type": "MultiLineString", "coordinates": [[[-59.9929095, -34.8715955], [-59.9956571, -34.8695273], [-60.0003214, -34.8660419], [-60.0011469, -34.8654968], [-60.0018994, -34.8650521], [-60.0028152, -34.86457], [-60.0072153, -34.8622677], [-60.0126838, -34.8586251], [-60.0137442, -34.8579177], [-60.0155506, -34.8567126], [-60.0166886, -34.8560656], [-60.0184716, -34.8551292], [-60.0244004, -34.8518912], [-60.0290939, -34.8493113], [-60.0304623, -34.8486977], [-60.0315933, -34.8483572], [-60.0322983, -34.8482241], [-60.0330077, -34.8481187], [-60.0336903, -34.8480591], [-60.0344027, -34.8480154], [-60.0358058, -34.8480203], [-60.0392373, -34.8479989], [-60.0412607, -34.8479863], [-60.0483433, -34.8479473], [-60.0485176, -34.8479463], [-60.0517604, -34.8479285], [-60.0578708, -34.8478953], [-60.0624977, -34.8478559], [-60.0627857, -34.8478534], [-60.0672556, -34.8478152], [-60.0673172, -34.8478147], [-60.0674871, -34.8478144], [-60.07166, -34.8478113], [-60.0718299, -34.8478112], [-60.0756546, -34.8478084], [-60.0795349, -34.8477672]]]}}, {"type": "Feature", "properties": {"municipio_": "06224", "municipi_1": "Chivilcoy", "rtn": "30", "typ": 40, "rst": 1, "hct": 2, "fdc": "DVP Buenos Aires", "sag": "IGN", "long_km": 0.507, "partido": "Chivilcoy"}, "geometry": {"type": "MultiLineString", "coordinates": [[[-59.9929095, -34.8715955], [-59.9926427, -34.871839], [-59.9916574, -34.8725736], [-59.9913101, -34.8728363], [-59.9912373, -34.87289], [-59.9909822, -34.8730945], [-59.9895375, -34.8741416], [-59.9892569, -34.8743128]]]}}, {"type": "Feature", "properties": {"municipio_": "06224", "municipi_1": "Chivilcoy", "rtn": "30", "typ": 40, "rst": 1, "hct": 2, "fdc": "DVP Buenos Aires", "sag": "IGN", "long_km": 0.507, "partido": "Chivilcoy"}, "geometry": {"type": "MultiLineString", "coordinates": [[[-59.9892569, -34.8743128], [-59.9894848, -34.8741057], [-59.9909004, -34.8730401], [-59.9911693, -34.8728381], [-59.9912391, -34.8727766], [-59.9925856, -34.8717921], [-59.9929095, -34.8715955]]]}}, {"type": "Feature", "properties": {"municipio_": "06224", "municipi_1": "Chivilcoy", "rtn": "30", "typ": 40, "rst": 1, "hct": 2, "fdc": "DVP Buenos Aires", "sag": "IGN", "long_km": 0.423, "partido": "Chivilcoy"}, "geometry": {"type": "MultiLineString", "coordinates": [[[-59.986059, -34.8763558], [-59.9862332, -34.8762407], [-59.9882752, -34.8750018], [-59.9887289, -34.8747068], [-59.9892569, -34.8743128]]]}}, {"type": "Feature", "properties": {"municipio_": "06224", "municipi_1": "Chivilcoy", "rtn": "30", "typ": 40, "rst": 1, "hct": 2, "fdc": "DVP Buenos Aires", "sag": "IGN", "long_km": 0.456, "partido": "Chivilcoy"}, "geometry": {"type": "MultiLineString", "coordinates": [[[-59.986059, -34.8763558], [-59.9859022, -34.8764762], [-59.9854234, -34.8767732], [-59.9847318, -34.8772097], [-59.9846747, -34.877248], [-59.9842727, -34.8775349], [-59.983868, -34.8778285], [-59.9833754, -34.8781606], [-59.9826671, -34.8786503]]]}}, {"type": "Feature", "properties": {"municipio_": "06224", "municipi_1": "Chivilcoy", "rtn": "30", "typ": 40, "rst": 1, "hct": 2, "fdc": "DVP Buenos Aires", "sag": "IGN", "long_km": 0.457, "partido": "Chivilcoy"}, "geometry": {"type": "MultiLineString", "coordinates": [[[-59.9826671, -34.8786503], [-59.9833372, -34.87811], [-59.9839102, -34.8776912], [-59.9842651, -34.8774319], [-59.9846135, -34.8771968], [-59.9846713, -34.8771593], [-59.9851649, -34.8768559], [-59.9854077, -34.8767119], [-59.9858801, -34.8764318], [-59.986059, -34.8763558]]]}}, {"type": "Feature", "properties": {"municipio_": "06224", "municipi_1": "Chivilcoy", "rtn": "30", "typ": 40, "rst": 1, "hct": 2, "fdc": "DVP Buenos Aires", "sag": "IGN", "long_km": 3.43, "partido": "Chivilcoy"}, "geometry": {"type": "MultiLineString", "coordinates": [[[-59.9580896, -34.8972278], [-59.9592192, -34.8962627], [-59.963805, -34.892766], [-59.9673686, -34.8901036], [-59.9675125, -34.8899961], [-59.9702071, -34.8879833], [-59.970431, -34.8878226], [-59.9727733, -34.8860596], [-59.9740237, -34.8851185], [-59.9793465, -34.8810639], [-59.9826671, -34.8786503]]]}}, {"type": "Feature", "properties": {"municipio_": "06224", "municipi_1": "Chivilcoy", "rtn": "30", "typ": 40, "rst": 1, "hct": 2, "fdc": "DVP Buenos Aires", "sag": "IGN", "long_km": 0.099, "partido": "Chivilcoy"}, "geometry": {"type": "MultiLineString", "coordinates": [[[-59.9580896, -34.8972278], [-59.957961, -34.897391], [-59.9578725, -34.8975428], [-59.9578269, -34.8976836], [-59.9578244, -34.8977115], [-59.9578162, -34.8978024], [-59.9578321, -34.8979123], [-59.95787612, -34.89803392]]]}}, {"type": "Feature", "properties": {"municipio_": "06224", "municipi_1": "Chivilcoy", "rtn": "30", "typ": 40, "rst": 1, "hct": 2, "fdc": "DVP Buenos Aires", "sag": "IGN", "long_km": 0.12, "partido": "Chivilcoy"}, "geometry": {"type": "MultiLineString", "coordinates": [[[-59.95706403, -34.89739583], [-59.9572154, -34.8974438], [-59.9573575, -34.8974636], [-59.957497, -34.897457], [-59.9576633, -34.8974196], [-59.957883, -34.8973301], [-59.9580896, -34.8972278]]]}}, {"type": "Feature", "properties": {"municipio_": "06224", "municipi_1": "Chivilcoy", "rtn": "30", "typ": 40, "rst": 1, "hct": 2, "fdc": "DVP Buenos Aires", "sag": "IGN", "long_km": 0.114, "partido": "Chivilcoy"}, "geometry": {"type": "MultiLineString", "coordinates": [[[-59.95754818, -34.89836162], [-59.9573602, -34.8983238], [-59.9572476, -34.898315], [-59.9571349, -34.8983216], [-59.9570007, -34.8983611], [-59.9568908, -34.8984162], [-59.9567835, -34.8984932], [-59.9566466, -34.8986493]]]}}, {"type": "Feature", "properties": {"municipio_": "06224", "municipi_1": "Chivilcoy", "rtn": "30", "typ": 40, "rst": 1, "hct": 2, "fdc": "DVP Buenos Aires", "sag": "IGN", "long_km": 0.107, "partido": "Chivilcoy"}, "geometry": {"type": "MultiLineString", "coordinates": [[[-59.9566466, -34.8986493], [-59.9566816, -34.8985306], [-59.9567352, -34.8984338], [-59.9567889, -34.898326], [-59.9568211, -34.898238], [-59.9568424, -34.8981367], [-59.9568506, -34.8980356], [-59.9568425, -34.8979278], [-59.9568157, -34.8978376], [-59.95676703, -34.89774007]]]}}, {"type": "Feature", "properties": {"municipio_": "06224", "municipi_1": "Chivilcoy", "rtn": "30", "typ": 40, "rst": 1, "hct": 2, "fdc": "DVP Buenos Aires", "sag": "IGN", "long_km": 53.171, "partido": "Chivilcoy"}, "geometry": {"type": "MultiLineString", "coordinates": [[[-59.9566466, -34.8986493], [-59.9479616, -34.9122103], [-59.9465373, -34.9143536], [-59.9443982, -34.9172974], [-59.9403396, -34.9228826], [-59.9388796, -34.9248454], [-59.9382386, -34.9255557], [-59.9377638, -34.9260241], [-59.9376894, -34.9260873], [-59.9372386, -34.9264699], [-59.9365724, -34.9269835], [-59.935264, -34.9279831], [-59.9302533, -34.9318108], [-59.9290027, -34.9327655], [-59.9237305, -34.9367903], [-59.91796285, -34.9411771], [-59.9166795, -34.9421532], [-59.9100525, -34.9472041], [-59.9078035, -34.9489182], [-59.9027325, -34.9529334], [-59.884281, -34.967039], [-59.8810512, -34.9695222], [-59.8809934, -34.96956533], [-59.8766242, -34.9728256], [-59.8741096, -34.9745323], [-59.87406103, -34.97456605], [-59.8740211, -34.9745938], [-59.87204, -34.9758849], [-59.8710237, -34.9765727], [-59.8701183, -34.9772168], [-59.8643685, -34.9816804], [-59.8532662, -34.9903078], [-59.8410568, -34.9998989], [-59.8403299, -35.0003581], [-59.83712156, -35.00215713], [-59.8213798, -35.0109841], [-59.8207927, -35.011343], [-59.8202696, -35.0116857], [-59.8197681, -35.0120592], [-59.8196673, -35.0121435], [-59.8185315, -35.0130939], [-59.8162551, -35.0150652], [-59.8102757, -35.0202375], [-59.8070163, -35.0230678], [-59.8054166, -35.0244127], [-59.7787596, -35.0451771], [-59.7734989, -35.0492495], [-59.77258, -35.0499783], [-59.771845, -35.0505997], [-59.770571, -35.0517569], [-59.7687726, -35.0534762], [-59.7625297, -35.0594307], [-59.7616124, -35.0603067], [-59.760856, -35.0610488], [-59.7603893, -35.0615889], [-59.7600138, -35.0621136], [-59.7596437, -35.0626822], [-59.7593406, -35.063264], [-59.7590455, -35.0639358], [-59.7586003, -35.065365], [-59.7577071, -35.0683968], [-59.7565994, -35.0721243], [-59.7551132, -35.077132], [-59.7540365, -35.0807363], [-59.7529054, -35.0845652], [-59.7528134, -35.0848741], [-59.7523146, -35.0865543], [-59.7521776, -35.087018], [-59.7521389, -35.0871644], [-59.751695, -35.0886326], [-59.7516409, -35.0888064], [-59.7510573, -35.0907276], [-59.7509131, -35.0911901], [-59.7508265, -35.0914771], [-59.7507899, -35.0916008], [-59.7477575, -35.1018452], [-59.7474235, -35.1029917], [-59.7472465, -35.1036961], [-59.747158, -35.1042294], [-59.7471097, -35.1047165], [-59.7471017, -35.1055086], [-59.7471218, -35.1064939], [-59.7471593, -35.1080419], [-59.7471875, -35.1093398], [-59.7471982, -35.1096119], [-59.747255, -35.1113911], [-59.74727358, -35.11257612], [-59.7472948, -35.1139288], [-59.7473162, -35.1151597], [-59.7472993, -35.1159144], [-59.7471955, -35.1169423], [-59.7436877, -35.1404443], [-59.7435748, -35.1409995], [-59.7434361, -35.1415653], [-59.7433205, -35.1419352], [-59.7411753, -35.1485871], [-59.7408491, -35.1494005], [-59.740491, -35.1500694], [-59.7399715, -35.1508905], [-59.7365319, -35.155841], [-59.7359912, -35.1569108], [-59.735665, -35.1578052], [-59.7349026, -35.1607683], [-59.7346997, -35.161576], [-59.7344138, -35.162715], [-59.7317224, -35.1737133], [-59.7277365, -35.1896591], [-59.7236515, -35.201235], [-59.7235007, -35.2024567], [-59.7233756, -35.2060695], [-59.7232708, -35.2069043], [-59.7229514, -35.2084054], [-59.7213919, -35.2151694], [-59.7210849, -35.2161138], [-59.7206921, -35.2171984], [-59.7187972, -35.2212292], [-59.7181254, -35.2226071], [-59.7170324, -35.2248429], [-59.7147388, -35.2295555], [-59.7144386, -35.2301076], [-59.7141597, -35.2305497], [-59.7138008, -35.2309846], [-59.7136518, -35.2311651], [-59.7130304, -35.231831], [-59.71244345, -35.23243288], [-59.7082377, -35.2367456], [-59.707634, -35.237453], [-59.706094, -35.2396784], [-59.7030808, -35.2441889], [-59.7015277, -35.2465502], [-59.6916032, -35.2614724], [-59.6893007, -35.2649718], [-59.6885436, -35.2660893]]]}}, {"type": "Feature", "properties": {"municipio_": "06224", "municipi_1": "Chivilcoy", "rtn": "51", "typ": 40, "rst": 1, "hct": 2, "fdc": "DVP Buenos Aires", "sag": "IGN", "long_km": 0.212, "partido": "Chivilcoy"}, "geometry": {"type": "MultiLineString", "coordinates": [[[-60.0906681, -34.8439425], [-60.0906095, -34.8438877], [-60.0904647, -34.8436191], [-60.0903076, -34.8433419], [-60.0899917, -34.8427846], [-60.08986167, -34.84260964], [-60.08977315, -34.84251256], [-60.08960876, -34.84238763]]]}}, {"type": "Feature", "properties": {"municipio_": "06224", "municipi_1": "Chivilcoy", "rtn": "51", "typ": 40, "rst": 1, "hct": 2, "fdc": "DVP Buenos Aires", "sag": "IGN", "long_km": 0.204, "partido": "Chivilcoy"}, "geometry": {"type": "MultiLineString", "coordinates": [[[-60.09010561, -34.84222683], [-60.0900781, -34.8424485], [-60.0901056, -34.8425968], [-60.0901538, -34.8427541], [-60.0903654, -34.8432625], [-60.0905263, -34.8436015], [-60.0906578, -34.84387], [-60.0906681, -34.8439425]]]}}, {"type": "Feature", "properties": {"municipio_": "06224", "municipi_1": "Chivilcoy", "rtn": "51", "typ": 40, "rst": 1, "hct": 2, "fdc": "DVP Buenos Aires", "sag": "IGN", "long_km": 50.159, "partido": "Chivilcoy"}, "geometry": {"type": "MultiLineString", "coordinates": [[[-60.11064578, -35.0103606], [-60.1105838, -35.0105052], [-60.1104626, -35.0108345], [-60.1103399, -35.011071], [-60.1102936, -35.0111796], [-60.1102582, -35.0112983], [-60.1102188, -35.0114345], [-60.1101678, -35.0116992], [-60.1101359, -35.0125469], [-60.1101261, -35.013744], [-60.110144, -35.0161913], [-60.1101682, -35.0184516], [-60.1101792, -35.0187608], [-60.1107422, -35.0344581], [-60.1111069, -35.0446687], [-60.1111713, -35.0464452], [-60.1112044, -35.0480381], [-60.1111554, -35.0504005], [-60.1107127, -35.0659622], [-60.1106295, -35.0690246], [-60.1105839, -35.0700345], [-60.1105244, -35.0704747], [-60.1099688, -35.073525], [-60.1095016, -35.0760975], [-60.1094731, -35.0762287], [-60.1089397, -35.0792343], [-60.1088914, -35.0797632], [-60.1088673, -35.0805491], [-60.1088329, -35.0872117], [-60.108826, -35.0881674], [-60.1089018, -35.1039965], [-60.1089306, -35.1078823], [-60.1089322, -35.1081002], [-60.1089343, -35.1083765], [-60.1089585, -35.1118499], [-60.1089778, -35.1141282], [-60.1090121, -35.1181622], [-60.1096921, -35.1295311], [-60.1102245, -35.1391732], [-60.1108763, -35.1493236], [-60.1129374, -35.1727426], [-60.1138294, -35.1840092], [-60.1138964, -35.1850483], [-60.1138602, -35.1860589], [-60.113669, -35.1886592], [-60.113014, -35.1974264], [-60.1118014, -35.2119035], [-60.1094976, -35.2368302], [-60.1093394, -35.2384382], [-60.1068538, -35.257792], [-60.1068211, -35.2580462], [-60.1060376, -35.2641313], [-60.1058123, -35.2660913], [-60.1053646, -35.2708133], [-60.1042914, -35.2810168], [-60.1042298, -35.281978], [-60.1042646, -35.2826458], [-60.1046065, -35.2863718], [-60.1046133, -35.2864464], [-60.1048842, -35.28956], [-60.1048976, -35.2901905], [-60.1048386, -35.2907663], [-60.1043298, -35.2935714], [-60.1030696, -35.3004781], [-60.101813, -35.3073607], [-60.0998406, -35.318163], [-60.0992623, -35.3213254], [-60.0990745, -35.3220979], [-60.0981166, -35.3257795], [-60.0970717, -35.3297951], [-60.0928438, -35.3461957], [-60.0913952, -35.3516907], [-60.091213, -35.3525423], [-60.0909609, -35.3541196], [-60.0902742, -35.3588643], [-60.0898025, -35.3620451], [-60.08932, -35.3652985], [-60.0892966, -35.365492], [-60.0891021, -35.3668536], [-60.0890806, -35.3669881], [-60.08804832, -35.37403908], [-60.0854656, -35.389907], [-60.0854034, -35.3902932], [-60.0844981, -35.3959562], [-60.0844312, -35.3963453], [-60.0844016, -35.3967649], [-60.0844203, -35.4033373], [-60.0844257, -35.4127081], [-60.084427, -35.414223], [-60.0844297, -35.4145662], [-60.0844297, -35.4146493], [-60.0844283, -35.4150559], [-60.0844308, -35.4182507], [-60.084431, -35.4185413], [-60.0844458, -35.4224046], [-60.0844203, -35.4230461], [-60.0843734, -35.4234024], [-60.0842674, -35.4239303], [-60.0841373, -35.4245783], [-60.0838812, -35.4256733], [-60.0834708, -35.4274918], [-60.0830537, -35.4293167], [-60.0826085, -35.4313274], [-60.0821686, -35.4332648], [-60.0816013, -35.4357813], [-60.0814511, -35.4365604], [-60.0814028, -35.436921], [-60.0813948, -35.4373657], [-60.0814417, -35.4378705], [-60.0814616, -35.4379874], [-60.0815436, -35.4384704], [-60.0815553, -35.4385295], [-60.0840555, -35.4511823], [-60.0841655, -35.4517624], [-60.0842352, -35.4523054], [-60.0842366, -35.4528451], [-60.0841548, -35.4534241], [-60.0840381, -35.4538621], [-60.0838409, -35.4543756], [-60.083621, -35.4547656], [-60.0833702, -35.4551545], [-60.0822987, -35.4568106]]]}}, {"type": "Feature", "properties": {"municipio_": "06224", "municipi_1": "Chivilcoy", "rtn": "51", "typ": 40, "rst": 1, "hct": 2, "fdc": "DVP Buenos Aires", "sag": "IGN", "long_km": 0.216, "partido": "Chivilcoy"}, "geometry": {"type": "MultiLineString", "coordinates": [[[-60.0885737, -34.839923], [-60.0886542, -34.8400309], [-60.0887775, -34.8402466], [-60.088976, -34.84059], [-60.089253, -34.8410438], [-60.0893954, -34.8412329], [-60.08956507, -34.84139454], [-60.08963883, -34.84143975], [-60.08970183, -34.84147615]]]}}, {"type": "Feature", "properties": {"municipio_": "06224", "municipi_1": "Chivilcoy", "rtn": "51", "typ": 40, "rst": 1, "hct": 2, "fdc": "DVP Buenos Aires", "sag": "IGN", "long_km": 0.21, "partido": "Chivilcoy"}, "geometry": {"type": "MultiLineString", "coordinates": [[[-60.0885737, -34.839923], [-60.0886059, -34.8400286], [-60.0887051, -34.8402488], [-60.0888578, -34.8405491], [-60.0888741, -34.8405812], [-60.0890965, -34.8409752], [-60.0891571, -34.8411481], [-60.0891793, -34.8412691], [-60.08917886, -34.84148258], [-60.08917008, -34.84154682], [-60.08914187, -34.84167053]]]}}, {"type": "Feature", "properties": {"municipio_": "06224", "municipi_1": "Chivilcoy", "rtn": "51", "typ": 40, "rst": 1, "hct": 2, "fdc": "DVP Buenos Aires", "sag": "IGN", "long_km": 55.307, "partido": "Chivilcoy"}, "geometry": {"type": "MultiLineString", "coordinates": [[[-59.8579305, -34.4198854], [-59.85810988, -34.4208512], [-59.8594004, -34.4277995], [-59.8597652, -34.4295782], [-59.8615095, -34.436927], [-59.8625976, -34.4415107], [-59.8687863, -34.4627399], [-59.8704776, -34.4685197], [-59.8705641, -34.4688155], [-59.871098, -34.4705918], [-59.8716302, -34.4724014], [-59.8741183, -34.4807933], [-59.8759684, -34.4870948], [-59.8761561, -34.4876409], [-59.8763707, -34.488156], [-59.8766476, -34.4886418], [-59.87697014, -34.48913626], [-59.87741059, -34.48970309], [-59.8830413, -34.4967815], [-59.88840003, -34.50342867], [-59.89591772, -34.51282897], [-59.89631585, -34.51326666], [-59.8966689, -34.51361895], [-59.901546, -34.5180116], [-59.9046397, -34.5207631], [-59.918882, -34.5334286], [-59.9237078, -34.5377291], [-59.9292577, -34.5426543], [-59.9298254, -34.5431488], [-59.9303742, -34.5435661], [-59.9308175, -34.5438397], [-59.9313705, -34.5441345], [-59.9378424, -34.5471011], [-59.9389954, -34.5476333], [-59.9395948, -34.5479689], [-59.939932, -34.5481849], [-59.9402317, -34.5484163], [-59.9405876, -34.5487326], [-59.9410977, -34.5491915], [-59.9469568, -34.5545047], [-59.9484886, -34.5558948], [-59.9539327, -34.5607995], [-59.9626715, -34.5686719], [-59.975341, -34.580084], [-59.9774928, -34.5820781], [-59.9951368, -34.597912], [-59.9983616, -34.6008158], [-59.9998935, -34.6022034], [-60.0016023, -34.6037511], [-60.0032409, -34.6052093], [-60.0038189, -34.6057169], [-60.0043387, -34.6061911], [-60.0046569, -34.6065212], [-60.0049182, -34.6068343], [-60.0051599, -34.6071396], [-60.0052626, -34.6072894], [-60.0053818, -34.6074857], [-60.0055308, -34.6077854], [-60.0056765, -34.6081234], [-60.0057965, -34.6084737], [-60.0059108, -34.6089312], [-60.0061694, -34.6099658], [-60.00620034, -34.61008943], [-60.0062412, -34.6102527], [-60.0063072, -34.6105059], [-60.0063178, -34.6105468], [-60.0080359, -34.6177998], [-60.0104522, -34.6276749], [-60.0129486, -34.6380151], [-60.0129758, -34.6381237], [-60.0134584, -34.6401462], [-60.0136381, -34.6408392], [-60.0138501, -34.6415386], [-60.0141263, -34.6422118], [-60.0149497, -34.6439462], [-60.0175622, -34.6491758], [-60.0180396, -34.6500738], [-60.0190374, -34.6520641], [-60.0203432, -34.6546375], [-60.0222456, -34.6583832], [-60.0277144, -34.6692041], [-60.0287363, -34.6710549], [-60.0310779, -34.6748799], [-60.031963, -34.6762961], [-60.0328589, -34.6778004], [-60.0337896, -34.6796775], [-60.0350086, -34.682325], [-60.0524744, -34.7201764], [-60.0565263, -34.7296547], [-60.0568217, -34.7303468], [-60.05683334, -34.73037451], [-60.0575244, -34.7320199], [-60.0582138, -34.7336577], [-60.0676628, -34.7527543], [-60.0677866, -34.7530045], [-60.0709033, -34.7593444], [-60.0711823, -34.7600143], [-60.0712895, -34.7603955], [-60.0713861, -34.7610059], [-60.0723147, -34.7697783], [-60.07247575, -34.77133509], [-60.0731654, -34.7780018], [-60.0739358, -34.7853354], [-60.0749347, -34.7978364], [-60.0749669, -34.7981844], [-60.0750205, -34.7991755], [-60.0750795, -34.799649], [-60.0752351, -34.8004662], [-60.0761544, -34.8044616], [-60.0765928, -34.8063462], [-60.0783142, -34.8138782], [-60.0789633, -34.8166571], [-60.0803661, -34.8227402], [-60.0806117, -34.8238093], [-60.0807738, -34.8244961], [-60.0809482, -34.8250048], [-60.0813049, -34.8257842], [-60.0825882, -34.8282697], [-60.0866873, -34.8362058], [-60.0885737, -34.839923]]]}}, {"type": "Feature", "properties": {"municipio_": "06224", "municipi_1": "Chivilcoy", "rtn": "44", "typ": 40, "rst": 3, "hct": 2, "fdc": "DVP Buenos Aires", "sag": "IGN", "long_km": 13.657, "partido": "Chivilcoy"}, "geometry": {"type": "MultiLineString", "coordinates": [[[-59.98691175, -34.92185419], [-59.98619135, -34.92241301], [-59.98399559, -34.92411626], [-59.98171844, -34.92587944], [-59.97828488, -34.92855634], [-59.97533673, -34.9308192], [-59.97202452, -34.9334033], [-59.96983304, -34.93508082], [-59.96687775, -34.9373651], [-59.96375827, -34.93979215], [-59.96115276, -34.94181945], [-59.95816178, -34.94411801], [-59.95466397, -34.94682346], [-59.95201563, -34.94889359], [-59.94953148, -34.95080668], [-59.9465976, -34.95307668], [-59.94379935, -34.95524675], [-59.94072985, -34.95763811], [-59.93806009, -34.95967969], [-59.93474075, -34.96226378], [-59.93185684, -34.96449096], [-59.93007224, -34.96584011], [-59.930008, -34.96586152], [-59.92995089, -34.96585439], [-59.92988665, -34.96581869], [-59.92940837, -34.96536898], [-59.92765233, -34.96373429], [-59.9274239, -34.96361293], [-59.92702415, -34.96329171], [-59.92682428, -34.96312752], [-59.92673148, -34.96307042], [-59.9266244, -34.96305614], [-59.92643167, -34.96309183], [-59.92272685, -34.96372715], [-59.91834388, -34.96446954], [-59.9156884, -34.96491212], [-59.91348978, -34.96518338], [-59.90949942, -34.96571162], [-59.90850719, -34.96581869], [-59.9082859, -34.96581869], [-59.90510932, -34.96581156], [-59.90073349, -34.96579728], [-59.89765685, -34.96576873], [-59.89730707, -34.96577586], [-59.89682166, -34.96585439], [-59.89383067, -34.96635407], [-59.89005447, -34.96698225], [-59.88947626, -34.9671036], [-59.88599987, -34.96808156], [-59.88230218, -34.96915232], [-59.8809934, -34.96956533]]]}}, {"type": "Feature", "properties": {"municipio_": "06224", "municipi_1": "Chivilcoy", "rtn": "44", "typ": 40, "rst": 3, "hct": 2, "fdc": "DVP Buenos Aires", "sag": "IGN", "long_km": 67.638, "partido": "Chivilcoy"}, "geometry": {"type": "MultiLineString", "coordinates": [[[-59.87406103, -34.97456605], [-59.87390489, -34.97455155], [-59.87376212, -34.97449921], [-59.87359556, -34.97443734], [-59.87337189, -34.97440403], [-59.87201084, -34.97432789], [-59.87071165, -34.97427078], [-59.86841309, -34.97420415], [-59.86814659, -34.97419939], [-59.86795148, -34.97414705], [-59.86780871, -34.97407566], [-59.86765642, -34.97396621], [-59.86751366, -34.97386627], [-59.86738516, -34.9738044], [-59.86723288, -34.97377109], [-59.86557677, -34.97371398], [-59.86330677, -34.97361881], [-59.86062988, -34.9735153], [-59.85760796, -34.97337848], [-59.85653125, -34.97337848], [-59.85641823, -34.97337253], [-59.85632305, -34.97334874], [-59.85622787, -34.97328925], [-59.85604941, -34.97313459], [-59.85594234, -34.9730632], [-59.85579362, -34.97299182], [-59.85566275, -34.97299182], [-59.85550809, -34.97304536], [-59.85510953, -34.97342607], [-59.85496081, -34.9735272], [-59.85483589, -34.97359263], [-59.85475261, -34.97366996], [-59.85471097, -34.9737473], [-59.85472286, -34.97383058], [-59.85480614, -34.97397335], [-59.8554367, -34.97452062], [-59.85677515, -34.97564492], [-59.85720345, -34.97598399], [-59.85726889, -34.97604943], [-59.85728673, -34.97615055], [-59.85726889, -34.97625763], [-59.85716776, -34.97634686], [-59.85610295, -34.97684654], [-59.85394359, -34.97779833], [-59.85139757, -34.97897021], [-59.84911923, -34.97996364], [-59.84656131, -34.98114742], [-59.844164, -34.98236689], [-59.84413868, -34.98238498], [-59.84379519, -34.98253346], [-59.84106476, -34.98353283], [-59.83826294, -34.98458574], [-59.83534215, -34.98566245], [-59.83218342, -34.98684028], [-59.83164804, -34.98704253], [-59.8313625, -34.98709607], [-59.83116025, -34.98713176], [-59.8287213, -34.98741135], [-59.8267523, -34.98760171], [-59.82655004, -34.98763145], [-59.82436094, -34.98812519], [-59.82060139, -34.98902344], [-59.81843212, -34.98953621], [-59.81660231, -34.98997641], [-59.81506994, -34.9902905], [-59.81334721, -34.99061411], [-59.80955911, -34.99128987], [-59.80504765, -34.99210841], [-59.80101208, -34.9928508], [-59.79775698, -34.99343139], [-59.79758566, -34.99345042], [-59.79740482, -34.99345994], [-59.79701459, -34.99344091], [-59.79441622, -34.99315537], [-59.79078992, -34.99276514], [-59.79033306, -34.99276514], [-59.7899809, -34.99279369], [-59.78919092, -34.99298405], [-59.78813206, -34.99325293], [-59.78785366, -34.99335287], [-59.78747533, -34.99348136], [-59.78466281, -34.99447359], [-59.78184315, -34.99550152], [-59.77810263, -34.99682212], [-59.77465479, -34.9980642], [-59.7723491, -34.99890653], [-59.77053595, -34.99953471], [-59.77000057, -34.99971316], [-59.76956513, -34.9998131], [-59.76793758, -35.00012719], [-59.76697389, -35.00031993], [-59.76662411, -35.00038417], [-59.76638855, -35.00041986], [-59.76394722, -35.00061974], [-59.76339043, -35.00065543], [-59.76009963, -35.00066971], [-59.756095, -35.00066971], [-59.75226882, -35.00069112], [-59.75177628, -35.00071254], [-59.75131942, -35.00075537], [-59.74869963, -35.00111229], [-59.74565154, -35.00151918], [-59.74141134, -35.00209025], [-59.73752093, -35.00261849], [-59.73360195, -35.00317528], [-59.72996852, -35.00366783], [-59.72900483, -35.00380346], [-59.72599957, -35.00437453], [-59.72256601, -35.00503126], [-59.71868273, -35.00578079], [-59.71452819, -35.00656601], [-59.71132306, -35.00720133], [-59.70811793, -35.00778668], [-59.70447021, -35.00850051], [-59.70110089, -35.00914297], [-59.69742463, -35.00984253], [-59.69539733, -35.01023514], [-59.69518318, -35.01029939], [-59.69494761, -35.01040646], [-59.69436226, -35.01080621], [-59.69381219, -35.01119275], [-59.6935699, -35.01136301], [-59.69253484, -35.01197691], [-59.69030052, -35.01330465], [-59.68972945, -35.01361873], [-59.68918693, -35.01390427], [-59.68730954, -35.01481084], [-59.68713108, -35.01491078], [-59.68697403, -35.01506069], [-59.68683127, -35.01529625], [-59.68553208, -35.01751629], [-59.68407585, -35.01992193], [-59.68234122, -35.02279156], [-59.68086358, -35.02524716], [-59.679286, -35.02786695], [-59.67757278, -35.03070089], [-59.67741574, -35.03091504], [-59.677223, -35.03107208], [-59.67562401, -35.03229988], [-59.67370378, -35.03383464], [-59.67338969, -35.03402023], [-59.67323979, -35.03408448], [-59.67305419, -35.03413445], [-59.67285431, -35.03426294], [-59.67058431, -35.03611178], [-59.67004893, -35.0365615], [-59.66837141, -35.0377893], [-59.66572307, -35.03976663], [-59.66290341, -35.04182962], [-59.65986246, -35.04409249], [-59.65701424, -35.04624828], [-59.65570078, -35.04724052], [-59.65295964, -35.04934634], [-59.65013998, -35.05146644], [-59.64738456, -35.05360082], [-59.64658506, -35.05416475], [-59.64458632, -35.0556995], [-59.64223065, -35.05747696], [-59.64026759, -35.05893319], [-59.64020335, -35.05896888], [-59.64009627, -35.05897602], [-59.63993923, -35.05892605], [-59.63955376, -35.0587119], [-59.63895413, -35.05820508], [-59.6371624, -35.05657039], [-59.63451406, -35.05420758], [-59.63247962, -35.05240157], [-59.63234399, -35.05218028], [-59.63222264, -35.05188761], [-59.6320299, -35.051495], [-59.63194424, -35.0513665], [-59.63173009, -35.05114521], [-59.63014537, -35.04976037], [-59.62781112, -35.04770451], [-59.6271758, -35.04724766], [-59.62636916, -35.04655523], [-59.6251485, -35.0454702], [-59.62313548, -35.04365705], [-59.62085833, -35.04162975], [-59.61840273, -35.03943827], [-59.6160542, -35.03731103], [-59.61370567, -35.03521948], [-59.61298469, -35.03459844], [-59.61272771, -35.03441284], [-59.61244218, -35.03427008], [-59.61206384, -35.03412017], [-59.61029352, -35.03356338], [-59.61005796, -35.03350627], [-59.60971532, -35.03346344], [-59.60942978, -35.03344916], [-59.60669578, -35.03346344], [-59.60268401, -35.03344202], [-59.59796554, -35.03342061], [-59.59691619, -35.03342061], [-59.59336128, -35.03339206], [-59.59171231, -35.03337064], [-59.59137681, -35.03334923], [-59.59094851, -35.03327784], [-59.59060586, -35.03317077], [-59.59007762, -35.03292806], [-59.58965646, -35.03267108], [-59.58859998, -35.0318002], [-59.58632283, -35.02995136], [-59.58468814, -35.02863075], [-59.58433123, -35.02837377], [-59.58393861, -35.02813821], [-59.58239841, -35.02731788], [-59.58100117, -35.02657371], [-59.57703223, -35.02462255], [-59.57370098, -35.022995], [-59.57212102, -35.02231923], [-59.56951313, -35.02105336], [-59.5650683, -35.01878811], [-59.56045214, -35.01647528], [-59.55481758, -35.01367703], [-59.55068684, -35.01164021], [-59.55035371, -35.01149745], [-59.54996348, -35.01141178], [-59.54895459, -35.01124072], [-59.54841207, -35.01117384], [-59.54770775, -35.01111673], [-59.54562334, -35.01119287], [-59.54122374, -35.01137704], [-59.53791629, -35.01153171], [-59.53629826, -35.01146032], [-59.53184866, -35.01140084], [-59.5286126, -35.01132945], [-59.5272682, -35.01140084], [-59.52121247, -35.01179345], [-59.51952306, -35.01182914], [-59.51460947, -35.01186483], [-59.50835149, -35.0119838], [-59.50129638, -35.01211467], [-59.49426508, -35.01225744], [-59.49274222, -35.01226934], [-59.49182851, -35.01221223], [-59.49061974, -35.01212657], [-59.48977266, -35.01212657], [-59.48860196, -35.01218368], [-59.48501373, -35.01226934], [-59.48025481, -35.01233596], [-59.4745441, -35.01240259], [-59.46998506, -35.01246921], [-59.46844317, -35.01257391], [-59.46470265, -35.0127833], [-59.46116202, -35.01295462], [-59.46033396, -35.01293559], [-59.4590205, -35.012888], [-59.45445194, -35.01265957], [-59.4488842, -35.01237928], [-59.44880083, -35.01237562], [-59.44541268, -35.0122269], [-59.44128193, -35.0120294], [-59.43543798, -35.01175339], [-59.4297463, -35.0114393], [-59.42531099, -35.01123942], [-59.42458763, -35.01116328], [-59.41986678, -35.01079208], [-59.41484136, -35.0103733], [-59.41345176, -35.01025908], [-59.4123001, -35.01016391], [-59.4116624, -35.01013535], [-59.41093905, -35.01013535], [-59.4101681, -35.01006873], [-59.4048857, -35.00939296], [-59.39899415, -35.00859346], [-59.39446366, -35.00790818], [-59.39108482, -35.00736566], [-59.38591663, -35.0065852], [-59.38098084, -35.00584677], [-59.3740685, -35.0048117], [-59.36763206, -35.00387182], [-59.36211171, -35.0030509], [-59.3555444, -35.00208722], [-59.35484008, -35.00198015], [-59.35013826, -35.00124727], [-59.34912937, -35.00107595], [-59.34698786, -35.00070475], [-59.34643582, -35.00062861], [-59.34508429, -35.00047633], [-59.33995417, -34.9999814], [-59.33562355, -34.99952454], [-59.33243341, -34.99920046], [-59.32962731, -34.9989154], [-59.323593, -34.99826819], [-59.32074716, -34.99800169], [-59.32030934, -34.9979541], [-59.31988104, -34.99788747], [-59.31931949, -34.99775422], [-59.31796795, -34.99724978], [-59.314496, -34.9960636]]]}}, {"type": "Feature", "properties": {"municipio_": "06224", "municipi_1": "Chivilcoy", "rtn": "30", "typ": 40, "rst": 1, "hct": 2, "fdc": "DVP Buenos Aires", "sag": "IGN", "long_km": 0.365, "partido": "Chivilcoy"}, "geometry": {"type": "MultiLineString", "coordinates": [[[-60.08970183, -34.84147615], [-60.08964491, -34.84147061], [-60.08958825, -34.84146951], [-60.08953178, -34.84147286], [-60.08947664, -34.84148058], [-60.08942279, -34.84149269], [-60.08937131, -34.84150894], [-60.08932214, -34.84152934], [-60.08927628, -34.84155349], [-60.08923369, -34.8415814], [-60.08919523, -34.84161252], [-60.08916085, -34.84164687], [-60.08914187, -34.84167053], [-60.08913125, -34.84168377], [-60.08910641, -34.84172324], [-60.08908682, -34.84176449], [-60.08907246, -34.84180757], [-60.08906363, -34.84185159], [-60.08906032, -34.84189661], [-60.08906258, -34.84194172], [-60.08907044, -34.84198696], [-60.08908371, -34.84203141], [-60.08910243, -34.84207513], [-60.08912621, -34.84211722], [-60.08915507, -34.84215773], [-60.08918844, -34.84219585], [-60.08922634, -34.8422316], [-60.08926801, -34.84226427], [-60.08931349, -34.8422939], [-60.08936187, -34.84231987], [-60.08941318, -34.84234222], [-60.0894664, -34.84236049], [-60.08952158, -34.84237472], [-60.08954864, -34.84237949], [-60.0895776, -34.84238459], [-60.08960876, -34.84238763], [-60.08963451, -34.84239014], [-60.08969118, -34.84239123], [-60.08974765, -34.84238789], [-60.08980278, -34.84238016], [-60.08985663, -34.84236806], [-60.08990812, -34.84235181], [-60.08995728, -34.84233141], [-60.09000314, -34.84230726], [-60.09004573, -34.84227935], [-60.09008419, -34.84224823], [-60.09010561, -34.84222683], [-60.09011857, -34.84221387], [-60.09014817, -34.84217698], [-60.09017301, -34.84213751], [-60.0901926, -34.84209625], [-60.09020696, -34.84205318], [-60.09021579, -34.84200915], [-60.09021911, -34.84196413], [-60.09021684, -34.84191903], [-60.09020899, -34.84187379], [-60.09019571, -34.84182933], [-60.09017699, -34.84178562], [-60.09015321, -34.84174353], [-60.09012435, -34.84170301], [-60.09009098, -34.8416649], [-60.09005308, -34.84162914], [-60.09001141, -34.84159647], [-60.08996593, -34.84156685], [-60.08991755, -34.84154088], [-60.08986624, -34.84151853], [-60.08981302, -34.84150025], [-60.08975784, -34.84148603], [-60.08970183, -34.84147615]]]}}, {"type": "Feature", "properties": {"municipio_": "06224", "municipi_1": "Chivilcoy", "rtn": "32", "typ": 40, "rst": 3, "hct": 2, "fdc": "DVP Buenos Aires", "sag": "IGN", "long_km": 15.644, "partido": "Chivilcoy"}, "geometry": {"type": "MultiLineString", "coordinates": [[[-60.05683334, -34.73037451], [-60.05694861, -34.73033981], [-60.05703999, -34.73028841], [-60.05713707, -34.73021703], [-60.05731553, -34.73007569], [-60.0615585, -34.7266544], [-60.0671589, -34.7221087], [-60.0706029, -34.7190399], [-60.0766942, -34.7135016], [-60.0768574, -34.713417], [-60.0772682, -34.713204], [-60.08185119, -34.70968596], [-60.08209033, -34.70957174], [-60.08240085, -34.70944325], [-60.0871036, -34.7057186], [-60.0871837, -34.7056372], [-60.0872177, -34.7055613], [-60.0872156, -34.705463], [-60.0871545, -34.7053741], [-60.0849349, -34.7033222], [-60.0848989, -34.7031736], [-60.0849603, -34.6973222], [-60.0854815, -34.6955568], [-60.0897506, -34.6828621], [-60.0921179, -34.6758219], [-60.0922367, -34.6755237], [-60.0946881, -34.6723966], [-60.0974775, -34.6667995], [-60.097752, -34.6646549], [-60.09768, -34.6576961], [-60.0976237, -34.6522494], [-60.0974423, -34.6347155], [-60.0974356, -34.6343255], [-60.1041154, -34.622812], [-60.1053219, -34.6179619], [-60.1056344, -34.6167053], [-60.1056564, -34.6164179], [-60.1051516, -34.610829], [-60.105188, -34.6104317], [-60.1051871, -34.6103881], [-60.1052402, -34.6100474]]]}}, {"type": "Feature", "properties": {"municipio_": "06224", "municipi_1": "Chivilcoy", "rtn": "51", "typ": 40, "rst": 1, "hct": 2, "fdc": "DVP Buenos Aires", "sag": "IGN", "long_km": 18.944, "partido": "Chivilcoy"}, "geometry": {"type": "MultiLineString", "coordinates": [[[-60.0906681, -34.8439425], [-60.0913091, -34.8451853], [-60.0914397, -34.8454478], [-60.0918613, -34.8464276], [-60.092133, -34.8472377], [-60.0930089, -34.8502635], [-60.0938306, -34.8529697], [-60.094337, -34.8546312], [-60.0943939, -34.8548335], [-60.0948364, -34.8563022], [-60.0968167, -34.8629069], [-60.0974209, -34.8641849], [-60.1047711, -34.8787497], [-60.1055862, -34.8803149], [-60.1059493, -34.881095], [-60.1061796, -34.8815899], [-60.10693, -34.8830695], [-60.1071712, -34.8835863], [-60.1074143, -34.8841765], [-60.1074782, -34.8843742], [-60.10756, -34.8846737], [-60.1076526, -34.8850964], [-60.1077346, -34.885837], [-60.1077808, -34.8864272], [-60.1083891, -34.9012077], [-60.1083883, -34.9014047], [-60.1085542, -34.9058318], [-60.1088268, -34.9119786], [-60.1088543, -34.9160643], [-60.1088942, -34.919882], [-60.1089797, -34.9292852], [-60.109076, -34.9383261], [-60.1092721, -34.9430426], [-60.1094923, -34.9472674], [-60.1096058, -34.9494456], [-60.1098157, -34.9552013], [-60.1098768, -34.9563564], [-60.1099904, -34.9586989], [-60.1100026, -34.9591758], [-60.1100748, -34.9611139], [-60.1103115, -34.9665468], [-60.1101761, -34.9741696], [-60.1100921, -34.9784936], [-60.1100533, -34.9809373], [-60.1099755, -34.9858292], [-60.1099096, -34.9903699], [-60.1098424, -34.9935535], [-60.1099076, -34.9983257], [-60.109994, -35.0048332], [-60.1100097, -35.0065207], [-60.1100334, -35.0070044], [-60.1100707, -35.0072069], [-60.110122, -35.0073933], [-60.1101812, -35.0075751], [-60.110234, -35.0077164], [-60.1103392, -35.0079075], [-60.1103746, -35.007971], [-60.110761, -35.0084919], [-60.1108134, -35.0085815], [-60.1108596, -35.0086685], [-60.1108873, -35.0087379], [-60.1109143, -35.0087946], [-60.1109397, -35.0088639], [-60.1109629, -35.0089359], [-60.1109737, -35.0090122], [-60.1109799, -35.0090873], [-60.1109822, -35.0091485], [-60.110983, -35.0092547], [-60.11098, -35.0093348], [-60.110966, -35.009434], [-60.1109498, -35.0095161], [-60.1109221, -35.0096141], [-60.1108363, -35.0098787], [-60.1107685, -35.0100743], [-60.11069891, -35.01023666]]]}}, {"type": "Feature", "properties": {"municipio_": "06224", "municipi_1": "Chivilcoy", "rtn": "51", "typ": 40, "rst": 1, "hct": 2, "fdc": "DVP Buenos Aires", "sag": "IGN", "long_km": 0.015, "partido": "Chivilcoy"}, "geometry": {"type": "MultiLineString", "coordinates": [[[-60.11069891, -35.01023666], [-60.11064578, -35.0103606]]]}}]}