{"type": "FeatureCollection", "features": [{"type": "Feature", "properties": {"municipio_": "06413", "municipi_1": "Junín", "rtn": "46", "typ": 40, "rst": 1, "hct": 2, "fdc": "DVP Buenos Aires", "sag": "IGN", "long_km": 0.253, "partido": "Junín"}, "geometry": {"type": "MultiLineString", "coordinates": [[[-60.96650103, -34.67662695], [-60.96629, -34.6766144], [-60.966193, -34.6766299], [-60.9660486, -34.6766961], [-60.9654452, -34.6771963], [-60.9649652, -34.6775868], [-60.9646399, -34.6778203]]]}}, {"type": "Feature", "properties": {"municipio_": "06413", "municipi_1": "Junín", "rtn": "46", "typ": 40, "rst": 1, "hct": 2, "fdc": "DVP Buenos Aires", "sag": "IGN", "long_km": 0.272, "partido": "Junín"}, "geometry": {"type": "MultiLineString", "coordinates": [[[-60.9646399, -34.6778203], [-60.9649401, -34.6775345], [-60.96566082, -34.67695106], [-60.96602059, -34.67667695], [-60.96607056, -34.67662983], [-60.96611482, -34.67657415], [-60.9661548, -34.6764942], [-60.96617764, -34.67640711], [-60.9661962, -34.67630004], [-60.96622813, -34.6760802]]]}}, {"type": "Feature", "properties": {"municipio_": "06413", "municipi_1": "Junín", "rtn": "46", "typ": 40, "rst": 1, "hct": 2, "fdc": "DVP Buenos Aires", "sag": "IGN", "long_km": 70.17, "partido": "Junín"}, "geometry": {"type": "MultiLineString", "coordinates": [[[-60.4989058, -35.0871878], [-60.5053123, -35.0848475], [-60.5060101, -35.0845926], [-60.5074788, -35.0840539], [-60.5078646, -35.0839149], [-60.5082256, -35.0837759], [-60.5085654, -35.0836253], [-60.5089158, -35.0834631], [-60.509344, -35.0832256], [-60.509751, -35.0829737], [-60.5101474, -35.0827246], [-60.5105119, -35.082461], [-60.5155305, -35.0786148], [-60.5191405, -35.0758226], [-60.5303841, -35.0671411], [-60.5311951, -35.0665148], [-60.54324099, -35.05722201], [-60.5440255, -35.0566168], [-60.5441818, -35.0564963], [-60.5456291, -35.0553415], [-60.5461901, -35.0548449], [-60.5467308, -35.0543464], [-60.5478, -35.053348], [-60.5488083, -35.0524428], [-60.5498187, -35.0515379], [-60.5551219, -35.0467882], [-60.5557399, -35.046239], [-60.5560486, -35.0459705], [-60.5562042, -35.0458409], [-60.5563759, -35.0457048], [-60.5565475, -35.0455774], [-60.5567192, -35.0454544], [-60.5570815, -35.0452138], [-60.5574515, -35.0449775], [-60.5578417, -35.0447246], [-60.5593226, -35.0437793], [-60.5748839, -35.0338454], [-60.5755946, -35.0333997], [-60.5759533, -35.0331718], [-60.5762678, -35.0329419], [-60.5765849, -35.0326889], [-60.5768722, -35.0324318], [-60.5784326, -35.031087], [-60.5833686, -35.0267429], [-60.5864195, -35.0241388], [-60.5868303, -35.0237962], [-60.5871332, -35.0235582], [-60.589633, -35.0217581], [-60.5943721, -35.0185165], [-60.5950556, -35.0180499], [-60.5953662, -35.0178365], [-60.5954464, -35.0177814], [-60.5959074, -35.0174647], [-60.5964875, -35.0170662], [-60.60696172, -35.00991862], [-60.60752268, -35.009504], [-60.60777252, -35.00930472], [-60.60798965, -35.00911139], [-60.6082157, -35.00892401], [-60.60839416, -35.00874555], [-60.60854882, -35.00859981], [-60.60870943, -35.00843027], [-60.60896523, -35.00815366], [-60.6249275, -34.9903113], [-60.6292682, -34.9854644], [-60.6294334, -34.9853046], [-60.6295917, -34.985164], [-60.6297714, -34.9850211], [-60.6299564, -34.9848805], [-60.6303561, -34.9846014], [-60.6307476, -34.9843277], [-60.6447051, -34.9747475], [-60.6639331, -34.9614203], [-60.6666123, -34.9595509], [-60.6670173, -34.9592761], [-60.6674009, -34.9589991], [-60.6677898, -34.9587046], [-60.66816, -34.9584232], [-60.69122, -34.9407163], [-60.6987435, -34.934949], [-60.6994131, -34.9344236], [-60.6996893, -34.9341927], [-60.6999307, -34.933964], [-60.7001641, -34.9337309], [-60.7003733, -34.9334956], [-60.7005932, -34.9332471], [-60.7007971, -34.9329965], [-60.7009982, -34.9327348], [-60.7011833, -34.9324775], [-60.7013657, -34.9322048], [-60.7015293, -34.93193], [-60.7016876, -34.9316529], [-60.7018297, -34.9313802], [-60.7020872, -34.9307755], [-60.7047029, -34.9242187], [-60.7070708, -34.9182843], [-60.7077735, -34.9165204], [-60.7084858, -34.9147302], [-60.7105276, -34.9095663], [-60.7124463, -34.9047993], [-60.7125938, -34.9044474], [-60.712744, -34.904113], [-60.7129371, -34.9037655], [-60.713141, -34.9034333], [-60.7133636, -34.9031012], [-60.7136104, -34.9027778], [-60.7138786, -34.9024654], [-60.7141602, -34.9021641], [-60.7144552, -34.9018671], [-60.714761, -34.9015833], [-60.7150936, -34.9012996], [-60.7154262, -34.9010334], [-60.7161048, -34.9004944], [-60.7170758, -34.8997465], [-60.7194277, -34.8979189], [-60.7228727, -34.8952418], [-60.7245269, -34.8939563], [-60.727818, -34.8914109], [-60.7361579, -34.8848485], [-60.7368417, -34.8842864], [-60.7372025, -34.8840197], [-60.7374557, -34.8838179], [-60.7376772, -34.8836239], [-60.7377366, -34.8835765], [-60.7379404, -34.8834342], [-60.7380323, -34.883362], [-60.7385615, -34.8829229], [-60.7392402, -34.8823884], [-60.7448306, -34.8779713], [-60.7587303, -34.8681234], [-60.75896092, -34.86796539], [-60.7741298, -34.855462], [-60.7824056, -34.8486562], [-60.7884636, -34.8436739], [-60.7897455, -34.8426607], [-60.7963353, -34.8373262], [-60.8056621, -34.83008], [-60.8149866, -34.8227609], [-60.82150589, -34.81764335], [-60.8220283, -34.8172332], [-60.8330943, -34.8085458], [-60.8375995, -34.8050087], [-60.841066, -34.802287], [-60.8421624, -34.8014261], [-60.8509705, -34.79451], [-60.8528226, -34.7930557], [-60.8549963, -34.7913487], [-60.8581029, -34.7889092], [-60.863113, -34.7850648], [-60.8637489, -34.7844868], [-60.8642561, -34.7839793], [-60.8655754, -34.7823333], [-60.8675239, -34.7796356], [-60.8676613, -34.7794461], [-60.8716367, -34.7741202], [-60.8719015, -34.7737683], [-60.8721622, -34.773447], [-60.8724363, -34.7731482], [-60.8726777, -34.7728994], [-60.8729215, -34.7726622], [-60.8732409, -34.7723843], [-60.8735627, -34.7721201], [-60.8772678, -34.7692019], [-60.8789367, -34.7678593], [-60.8853245, -34.7628431], [-60.8891941, -34.7597897], [-60.8899887, -34.7591275], [-60.8905719, -34.7585893], [-60.8910969, -34.7580148], [-60.8914387, -34.7575643], [-60.8918474, -34.7570131], [-60.8922471, -34.7563481], [-60.8925589, -34.7556233], [-60.8927862, -34.7549519], [-60.8933784, -34.7522472], [-60.8934276, -34.7519839], [-60.894244, -34.7482506], [-60.8944775, -34.7471592], [-60.8964895, -34.737752], [-60.8968195, -34.7362122], [-60.8969117, -34.7358049], [-60.8970395, -34.7353323], [-60.897133, -34.735028], [-60.897191, -34.7348588], [-60.8972477, -34.7347138], [-60.8973846, -34.734396], [-60.8975534, -34.7340835], [-60.8977659, -34.7337163], [-60.8979316, -34.7334537], [-60.898196, -34.7330645], [-60.8984287, -34.732752], [-60.8986779, -34.732458], [-60.8989122, -34.7321981], [-60.899205, -34.7319025], [-60.8996689, -34.7314737], [-60.9032526, -34.7285156], [-60.9079675, -34.7246236], [-60.9163677, -34.7177105], [-60.9253799, -34.710293], [-60.9265297, -34.7093466], [-60.9293819, -34.706999], [-60.9367235, -34.7009223], [-60.9390158, -34.6990488], [-60.939538, -34.6986256], [-60.9638764, -34.6784536], [-60.9646399, -34.6778203]]]}}, {"type": "Feature", "properties": {"municipio_": "06413", "municipi_1": "Junín", "rtn": "65", "typ": 40, "rst": 1, "hct": 2, "fdc": "DVP Buenos Aires", "sag": "IGN", "long_km": 55.713, "partido": "Junín"}, "geometry": {"type": "MultiLineString", "coordinates": [[[-61.2982381, -34.28207], [-61.2959613, -34.2839642], [-61.2940226, -34.285576], [-61.2900909, -34.2888445], [-61.2890128, -34.2897407], [-61.2887644, -34.2899472], [-61.2885801, -34.2901001], [-61.2884045, -34.2902432], [-61.2875864, -34.2909096], [-61.2870464, -34.2912957], [-61.2864704, -34.2916629], [-61.2856452, -34.2920955], [-61.283196, -34.293173], [-61.2518711, -34.3067418], [-61.2387693, -34.3124197], [-61.2299409, -34.3161948], [-61.2296146, -34.3162996], [-61.2292783, -34.3163886], [-61.2289406, -34.3164668], [-61.2285958, -34.3165192], [-61.2282556, -34.3165569], [-61.2279079, -34.3165742], [-61.2272145, -34.3165716], [-61.2268011, -34.3165282], [-61.2263856, -34.3164535], [-61.2259532, -34.3163498], [-61.2255418, -34.3162288], [-61.2251233, -34.3160791], [-61.2247119, -34.3159091], [-61.2155419, -34.3116834], [-61.1855888, -34.2978803], [-61.1852477, -34.2977242], [-61.1846641, -34.2974481], [-61.1843642, -34.2973175], [-61.1840622, -34.2971943], [-61.1837496, -34.2970838], [-61.1834345, -34.2969825], [-61.1831155, -34.2968846], [-61.182788, -34.2968023], [-61.1821269, -34.2966642], [-61.1814546, -34.2965753], [-61.1807792, -34.2965259], [-61.1801046, -34.2965206], [-61.1792594, -34.2965789], [-61.1788322, -34.2966307], [-61.1784294, -34.2967004], [-61.1780197, -34.2967849], [-61.1776083, -34.2968867], [-61.1768266, -34.2971387], [-61.1760094, -34.2974821], [-61.1756188, -34.2976766], [-61.1752471, -34.2978942], [-61.1748866, -34.2981173], [-61.1745536, -34.2983536], [-61.1742258, -34.2985999], [-61.1739103, -34.2988595], [-61.17354434, -34.29915806], [-61.167651, -34.303966], [-61.1343663, -34.3312173], [-61.127971, -34.3364233], [-61.1249747, -34.3388622], [-61.1222345, -34.3410974], [-61.118552, -34.3441092], [-61.1165757, -34.3457298], [-61.101138, -34.358343], [-61.0972652, -34.361507], [-61.0920184, -34.3658053], [-61.0869834, -34.3699299], [-61.0830487, -34.3731358], [-61.0815104, -34.3743906], [-61.0792493, -34.3762438], [-61.0779565, -34.3772874], [-61.0766274, -34.3783191], [-61.057616, -34.3916133], [-61.0536175, -34.3946541], [-61.053197, -34.3950285], [-61.0529341, -34.3953332], [-61.05269, -34.3956522], [-61.0524969, -34.3959582], [-61.0523265, -34.3962729], [-61.0522058, -34.396561], [-61.0521095, -34.396862], [-61.0520462, -34.3971221], [-61.0520009, -34.3973875], [-61.051919, -34.3979148], [-61.0518641, -34.3983739], [-61.0517047, -34.3997073], [-61.0475468, -34.4329288], [-61.0474967, -34.433804], [-61.0474842, -34.4346801], [-61.047444, -34.4364326], [-61.0473708, -34.4399339], [-61.0473293, -34.4417982], [-61.0472506, -34.4455891], [-61.0471275, -34.4515308], [-61.0469997, -34.4573839], [-61.046858, -34.4632387], [-61.0468307, -34.463531], [-61.0467215, -34.4644475], [-61.046643, -34.4649089], [-61.0465585, -34.4653718], [-61.0462054, -34.4672146], [-61.0455088, -34.4708963], [-61.044044, -34.4782963], [-61.0440344, -34.4783638], [-61.0399524, -34.4999751], [-61.0397218, -34.5011751], [-61.0394089, -34.5028363], [-61.0390865, -34.5045026], [-61.0387605, -34.506164], [-61.0384534, -34.5078316], [-61.0381254, -34.509531], [-61.0372594, -34.5140875], [-61.0366824, -34.5171233], [-61.0365827, -34.5177132], [-61.0365023, -34.5183107], [-61.035932, -34.5229535], [-61.0355626, -34.5258607], [-61.0330975, -34.5457635], [-61.0330402, -34.546249], [-61.0329592, -34.5467332], [-61.0328762, -34.5470385], [-61.0327724, -34.5473457], [-61.0326115, -34.5476778], [-61.0324404, -34.5479503], [-61.0322487, -34.5482236], [-61.032137, -34.5483682], [-61.0320238, -34.5485062], [-61.0317687, -34.5487822], [-61.0171641, -34.5609941], [-61.0010928, -34.574293], [-60.9931455, -34.5809677], [-60.9922515, -34.581711], [-60.99148366, -34.5823494]]]}}, {"type": "Feature", "properties": {"municipio_": "06413", "municipi_1": "Junín", "rtn": "65", "typ": 40, "rst": 1, "hct": 2, "fdc": "DVP Buenos Aires", "sag": "IGN", "long_km": 1.968, "partido": "Junín"}, "geometry": {"type": "MultiLineString", "coordinates": [[[-60.9773863, -34.5946666], [-60.9775327, -34.5945445], [-60.9779453, -34.5941833], [-60.9782734, -34.5938733], [-60.9786093, -34.5935685], [-60.9789682, -34.5931976], [-60.979499, -34.5926339], [-60.9797601, -34.5923449], [-60.9801726, -34.5918694], [-60.9805505, -34.5914749], [-60.9809082, -34.5911291], [-60.981751, -34.5903891], [-60.9839833, -34.588602], [-60.9851864, -34.5876093], [-60.9897268, -34.5838242], [-60.9899657, -34.5836139], [-60.98998159, -34.58359828], [-60.9901398, -34.5834427], [-60.9902661, -34.5832992], [-60.990338, -34.58318], [-60.9903888, -34.5830546], [-60.99041322, -34.58285558]]]}}, {"type": "Feature", "properties": {"municipio_": "06413", "municipi_1": "Junín", "rtn": "65", "typ": 40, "rst": 1, "hct": 2, "fdc": "DVP Buenos Aires", "sag": "IGN", "long_km": 0.284, "partido": "Junín"}, "geometry": {"type": "MultiLineString", "coordinates": [[[-60.9670847, -34.6790978], [-60.9669971, -34.6787464], [-60.9667735, -34.6771477], [-60.9667332, -34.6769842], [-60.9666575, -34.6768344], [-60.96652316, -34.67664056]]]}}, {"type": "Feature", "properties": {"municipio_": "06413", "municipi_1": "Junín", "rtn": "65", "typ": 40, "rst": 1, "hct": 2, "fdc": "DVP Buenos Aires", "sag": "IGN", "long_km": 0.287, "partido": "Junín"}, "geometry": {"type": "MultiLineString", "coordinates": [[[-60.96704376, -34.67656366], [-60.9669166, -34.6768334], [-60.966874, -34.6769852], [-60.966863, -34.6771431], [-60.9670622, -34.6787299], [-60.9670847, -34.6790978]]]}}, {"type": "Feature", "properties": {"municipio_": "06413", "municipi_1": "Junín", "rtn": "65", "typ": 40, "rst": 1, "hct": 2, "fdc": "DVP Buenos Aires", "sag": "IGN", "long_km": 36.535, "partido": "Junín"}, "geometry": {"type": "MultiLineString", "coordinates": [[[-61.0122306, -35.0003765], [-61.0117333, -34.9957569], [-61.0116715, -34.9952684], [-61.0116105, -34.9947728], [-61.0114697, -34.9930813], [-61.0107458, -34.9860163], [-61.0105899, -34.9847774], [-61.0099655, -34.9790686], [-61.0090048, -34.9700961], [-61.0087376, -34.9675532], [-61.0087026, -34.9669058], [-61.0087084, -34.9663465], [-61.0087939, -34.9653832], [-61.0099863, -34.9538614], [-61.0100435, -34.9533102], [-61.0119769, -34.9346887], [-61.011988, -34.9345692], [-61.0125382, -34.929805], [-61.0126047, -34.9293237], [-61.0161476, -34.9090619], [-61.0162286, -34.9084004], [-61.0162804, -34.9075531], [-61.0162161, -34.9068916], [-61.0150263, -34.8962847], [-61.0149891, -34.8960119], [-61.0148037, -34.8943756], [-61.01263833, -34.87473962], [-61.01248302, -34.87401446], [-61.0106846, -34.8692842], [-60.99868024, -34.83638047], [-60.9977868, -34.8341267], [-60.9955741, -34.8279638], [-60.9943583, -34.8245774], [-60.9922948, -34.8189614], [-60.9922643, -34.8188756], [-60.9918075, -34.8175909], [-60.9913311, -34.8162218], [-60.9908022, -34.8134865], [-60.989931, -34.8096146], [-60.9837234, -34.7818594], [-60.9794695, -34.7626765], [-60.9782732, -34.7571777], [-60.9770106, -34.7514417], [-60.9769261, -34.7510243], [-60.9767835, -34.7499648], [-60.9760246, -34.7445911], [-60.9759863, -34.7443109], [-60.9738227, -34.7284652], [-60.9728921, -34.7216488], [-60.9686415, -34.6905065], [-60.9671775, -34.6797777], [-60.9670847, -34.6790978]]]}}, {"type": "Feature", "properties": {"municipio_": "06413", "municipi_1": "Junín", "rtn": "65", "typ": 40, "rst": 1, "hct": 2, "fdc": "DVP Buenos Aires", "sag": "IGN", "long_km": 0.277, "partido": "Junín"}, "geometry": {"type": "MultiLineString", "coordinates": [[[-60.9662766, -34.6732275], [-60.9663744, -34.6737155], [-60.9665459, -34.6749616], [-60.96663757, -34.67513567], [-60.96671098, -34.67529567], [-60.96680659, -34.67544956], [-60.96691472, -34.67558777]]]}}, {"type": "Feature", "properties": {"municipio_": "06413", "municipi_1": "Junín", "rtn": "65", "typ": 40, "rst": 1, "hct": 2, "fdc": "DVP Buenos Aires", "sag": "IGN", "long_km": 0.282, "partido": "Junín"}, "geometry": {"type": "MultiLineString", "coordinates": [[[-60.96633637, -34.67571592], [-60.9664087, -34.6754784], [-60.96647918, -34.6753125], [-60.9664944, -34.67511453], [-60.9664906, -34.67493369], [-60.9663058, -34.6737182], [-60.9662766, -34.6732275]]]}}, {"type": "Feature", "properties": {"municipio_": "06413", "municipi_1": "Junín", "rtn": "65", "typ": 40, "rst": 1, "hct": 2, "fdc": "DVP Buenos Aires", "sag": "IGN", "long_km": 7.029, "partido": "Junín"}, "geometry": {"type": "MultiLineString", "coordinates": [[[-60.9662766, -34.6732275], [-60.9657644, -34.6695293], [-60.9657075, -34.6691412], [-60.9656707, -34.6689265], [-60.9656305, -34.6687187], [-60.9653621, -34.6674646], [-60.963916, -34.6609552], [-60.9596514, -34.6413702], [-60.9593403, -34.6400171], [-60.959278, -34.6396965], [-60.9592223, -34.6393212], [-60.9591569, -34.638821], [-60.9591266, -34.6384502], [-60.9591041, -34.638085], [-60.9591135, -34.6374444], [-60.9591699, -34.6364865], [-60.9593236, -34.6341906], [-60.959425, -34.6326406], [-60.9598302, -34.6263964], [-60.9598527, -34.6261404], [-60.9600408, -34.6235181], [-60.9600576, -34.6231971], [-60.960081, -34.6227469], [-60.9601435, -34.6217963], [-60.9601538, -34.6216437], [-60.9601635, -34.6214999], [-60.9602428, -34.6203279], [-60.9603015, -34.6192936], [-60.9603069, -34.6191121], [-60.9603088, -34.6190476], [-60.9602942, -34.6187925], [-60.9602687, -34.6185534], [-60.9602188, -34.6182222], [-60.9601454, -34.6179403], [-60.9600693, -34.6176825], [-60.9599559, -34.6173695], [-60.959845, -34.6171074], [-60.9597341, -34.6168931], [-60.9595537, -34.6165937], [-60.9593512, -34.6162937], [-60.9591411, -34.6160168], [-60.9590109, -34.615864], [-60.9588923, -34.6157346], [-60.9587647, -34.6156019], [-60.9584984, -34.6153561], [-60.958138, -34.6150292], [-60.9563287, -34.6134689], [-60.9555204, -34.6127672]]]}}, {"type": "Feature", "properties": {"municipio_": "06413", "municipi_1": "Junín", "rtn": "65", "typ": 40, "rst": 1, "hct": 2, "fdc": "DVP Buenos Aires", "sag": "IGN", "long_km": 0.377, "partido": "Junín"}, "geometry": {"type": "MultiLineString", "coordinates": [[[-60.96719221, -34.67604755], [-60.96718226, -34.67599019], [-60.96716786, -34.67593428], [-60.967149, -34.67587979], [-60.96712604, -34.6758278], [-60.96709897, -34.67577827], [-60.96706834, -34.6757322], [-60.96703412, -34.67568954], [-60.96699699, -34.67565115], [-60.96695692, -34.675617], [-60.96691472, -34.67558777], [-60.96687035, -34.67556344], [-60.9668247, -34.6755445], [-60.96677774, -34.67553092], [-60.96673039, -34.67552299], [-60.96668263, -34.67552069], [-60.96663542, -34.67552407], [-60.9665887, -34.67553314], [-60.96654342, -34.67554771], [-60.96649954, -34.6755678], [-60.96645794, -34.67559299], [-60.96641859, -34.67562332], [-60.96638227, -34.67565818], [-60.96634895, -34.67569759], [-60.96633637, -34.67571592], [-60.9663193, -34.67574076], [-60.9662933, -34.67578774], [-60.96627147, -34.67583757], [-60.96625378, -34.67589031], [-60.9662406, -34.67594488], [-60.96623191, -34.67600136], [-60.96622789, -34.67605858], [-60.96622813, -34.6760802], [-60.96622853, -34.67611661], [-60.96623382, -34.67617428], [-60.96624377, -34.67623165], [-60.96625817, -34.67628755], [-60.96627704, -34.67634205], [-60.96629999, -34.67639404], [-60.96632706, -34.67644357], [-60.96635769, -34.67648964], [-60.96639192, -34.6765323], [-60.96642905, -34.67657069], [-60.96646911, -34.67660484], [-60.96650103, -34.67662695], [-60.96651131, -34.67663407], [-60.96652316, -34.67664056], [-60.96655568, -34.6766584], [-60.96660133, -34.67667734], [-60.9666483, -34.67669092], [-60.96669564, -34.67669885], [-60.9667434, -34.67670115], [-60.96679062, -34.67669777], [-60.96683733, -34.6766887], [-60.96688261, -34.67667413], [-60.96692649, -34.67665404], [-60.96696809, -34.67662885], [-60.96700744, -34.67659851], [-60.96704376, -34.67656366], [-60.96707708, -34.67652425], [-60.96710673, -34.67648108], [-60.96713273, -34.6764341], [-60.96715456, -34.67638427], [-60.96717225, -34.67633153], [-60.96718543, -34.67627695], [-60.96719412, -34.67622048], [-60.96719814, -34.67616326], [-60.9671975, -34.67610523], [-60.96719221, -34.67604755]]]}}, {"type": "Feature", "properties": {"municipio_": "06413", "municipi_1": "Junín", "rtn": "65", "typ": 40, "rst": 1, "hct": 2, "fdc": "DVP Buenos Aires", "sag": "IGN", "long_km": 0.272, "partido": "Junín"}, "geometry": {"type": "MultiLineString", "coordinates": [[[-60.9773863, -34.5946666], [-60.97693144, -34.59501177], [-60.9764377, -34.5953449], [-60.9760094, -34.59560069], [-60.97575955, -34.59576131], [-60.97541513, -34.59609566]]]}}, {"type": "Feature", "properties": {"municipio_": "06413", "municipi_1": "Junín", "rtn": "65", "typ": 40, "rst": 1, "hct": 2, "fdc": "DVP Buenos Aires", "sag": "IGN", "long_km": 0.163, "partido": "Junín"}, "geometry": {"type": "MultiLineString", "coordinates": [[[-60.9773863, -34.5946666], [-60.97724434, -34.59486782], [-60.97711585, -34.59506769], [-60.97693382, -34.59537107], [-60.97673037, -34.59571372], [-60.97656947, -34.59588049]]]}}, {"type": "Feature", "properties": {"municipio_": "06413", "municipi_1": "Junín", "rtn": "65", "typ": 40, "rst": 1, "hct": 2, "fdc": "DVP Buenos Aires", "sag": "IGN", "long_km": 0.075, "partido": "Junín"}, "geometry": {"type": "MultiLineString", "coordinates": [[[-60.97656947, -34.59588049], [-60.97610069, -34.59636634]]]}}, {"type": "Feature", "properties": {"municipio_": "06385", "municipi_1": "General Viamonte", "rtn": "46", "typ": 40, "rst": 1, "hct": 2, "fdc": "DVP Buenos Aires", "sag": "IGN", "long_km": 70.17, "partido": "General Viamonte"}, "geometry": {"type": "MultiLineString", "coordinates": [[[-60.4989058, -35.0871878], [-60.5053123, -35.0848475], [-60.5060101, -35.0845926], [-60.5074788, -35.0840539], [-60.5078646, -35.0839149], [-60.5082256, -35.0837759], [-60.5085654, -35.0836253], [-60.5089158, -35.0834631], [-60.509344, -35.0832256], [-60.509751, -35.0829737], [-60.5101474, -35.0827246], [-60.5105119, -35.082461], [-60.5155305, -35.0786148], [-60.5191405, -35.0758226], [-60.5303841, -35.0671411], [-60.5311951, -35.0665148], [-60.54324099, -35.05722201], [-60.5440255, -35.0566168], [-60.5441818, -35.0564963], [-60.5456291, -35.0553415], [-60.5461901, -35.0548449], [-60.5467308, -35.0543464], [-60.5478, -35.053348], [-60.5488083, -35.0524428], [-60.5498187, -35.0515379], [-60.5551219, -35.0467882], [-60.5557399, -35.046239], [-60.5560486, -35.0459705], [-60.5562042, -35.0458409], [-60.5563759, -35.0457048], [-60.5565475, -35.0455774], [-60.5567192, -35.0454544], [-60.5570815, -35.0452138], [-60.5574515, -35.0449775], [-60.5578417, -35.0447246], [-60.5593226, -35.0437793], [-60.5748839, -35.0338454], [-60.5755946, -35.0333997], [-60.5759533, -35.0331718], [-60.5762678, -35.0329419], [-60.5765849, -35.0326889], [-60.5768722, -35.0324318], [-60.5784326, -35.031087], [-60.5833686, -35.0267429], [-60.5864195, -35.0241388], [-60.5868303, -35.0237962], [-60.5871332, -35.0235582], [-60.589633, -35.0217581], [-60.5943721, -35.0185165], [-60.5950556, -35.0180499], [-60.5953662, -35.0178365], [-60.5954464, -35.0177814], [-60.5959074, -35.0174647], [-60.5964875, -35.0170662], [-60.60696172, -35.00991862], [-60.60752268, -35.009504], [-60.60777252, -35.00930472], [-60.60798965, -35.00911139], [-60.6082157, -35.00892401], [-60.60839416, -35.00874555], [-60.60854882, -35.00859981], [-60.60870943, -35.00843027], [-60.60896523, -35.00815366], [-60.6249275, -34.9903113], [-60.6292682, -34.9854644], [-60.6294334, -34.9853046], [-60.6295917, -34.985164], [-60.6297714, -34.9850211], [-60.6299564, -34.9848805], [-60.6303561, -34.9846014], [-60.6307476, -34.9843277], [-60.6447051, -34.9747475], [-60.6639331, -34.9614203], [-60.6666123, -34.9595509], [-60.6670173, -34.9592761], [-60.6674009, -34.9589991], [-60.6677898, -34.9587046], [-60.66816, -34.9584232], [-60.69122, -34.9407163], [-60.6987435, -34.934949], [-60.6994131, -34.9344236], [-60.6996893, -34.9341927], [-60.6999307, -34.933964], [-60.7001641, -34.9337309], [-60.7003733, -34.9334956], [-60.7005932, -34.9332471], [-60.7007971, -34.9329965], [-60.7009982, -34.9327348], [-60.7011833, -34.9324775], [-60.7013657, -34.9322048], [-60.7015293, -34.93193], [-60.7016876, -34.9316529], [-60.7018297, -34.9313802], [-60.7020872, -34.9307755], [-60.7047029, -34.9242187], [-60.7070708, -34.9182843], [-60.7077735, -34.9165204], [-60.7084858, -34.9147302], [-60.7105276, -34.9095663], [-60.7124463, -34.9047993], [-60.7125938, -34.9044474], [-60.712744, -34.904113], [-60.7129371, -34.9037655], [-60.713141, -34.9034333], [-60.7133636, -34.9031012], [-60.7136104, -34.9027778], [-60.7138786, -34.9024654], [-60.7141602, -34.9021641], [-60.7144552, -34.9018671], [-60.714761, -34.9015833], [-60.7150936, -34.9012996], [-60.7154262, -34.9010334], [-60.7161048, -34.9004944], [-60.7170758, -34.8997465], [-60.7194277, -34.8979189], [-60.7228727, -34.8952418], [-60.7245269, -34.8939563], [-60.727818, -34.8914109], [-60.7361579, -34.8848485], [-60.7368417, -34.8842864], [-60.7372025, -34.8840197], [-60.7374557, -34.8838179], [-60.7376772, -34.8836239], [-60.7377366, -34.8835765], [-60.7379404, -34.8834342], [-60.7380323, -34.883362], [-60.7385615, -34.8829229], [-60.7392402, -34.8823884], [-60.7448306, -34.8779713], [-60.7587303, -34.8681234], [-60.75896092, -34.86796539], [-60.7741298, -34.855462], [-60.7824056, -34.8486562], [-60.7884636, -34.8436739], [-60.7897455, -34.8426607], [-60.7963353, -34.8373262], [-60.8056621, -34.83008], [-60.8149866, -34.8227609], [-60.82150589, -34.81764335], [-60.8220283, -34.8172332], [-60.8330943, -34.8085458], [-60.8375995, -34.8050087], [-60.841066, -34.802287], [-60.8421624, -34.8014261], [-60.8509705, -34.79451], [-60.8528226, -34.7930557], [-60.8549963, -34.7913487], [-60.8581029, -34.7889092], [-60.863113, -34.7850648], [-60.8637489, -34.7844868], [-60.8642561, -34.7839793], [-60.8655754, -34.7823333], [-60.8675239, -34.7796356], [-60.8676613, -34.7794461], [-60.8716367, -34.7741202], [-60.8719015, -34.7737683], [-60.8721622, -34.773447], [-60.8724363, -34.7731482], [-60.8726777, -34.7728994], [-60.8729215, -34.7726622], [-60.8732409, -34.7723843], [-60.8735627, -34.7721201], [-60.8772678, -34.7692019], [-60.8789367, -34.7678593], [-60.8853245, -34.7628431], [-60.8891941, -34.7597897], [-60.8899887, -34.7591275], [-60.8905719, -34.7585893], [-60.8910969, -34.7580148], [-60.8914387, -34.7575643], [-60.8918474, -34.7570131], [-60.8922471, -34.7563481], [-60.8925589, -34.7556233], [-60.8927862, -34.7549519], [-60.8933784, -34.7522472], [-60.8934276, -34.7519839], [-60.894244, -34.7482506], [-60.8944775, -34.7471592], [-60.8964895, -34.737752], [-60.8968195, -34.7362122], [-60.8969117, -34.7358049], [-60.8970395, -34.7353323], [-60.897133, -34.735028], [-60.897191, -34.7348588], [-60.8972477, -34.7347138], [-60.8973846, -34.734396], [-60.8975534, -34.7340835], [-60.8977659, -34.7337163], [-60.8979316, -34.7334537], [-60.898196, -34.7330645], [-60.8984287, -34.732752], [-60.8986779, -34.732458], [-60.8989122, -34.7321981], [-60.899205, -34.7319025], [-60.8996689, -34.7314737], [-60.9032526, -34.7285156], [-60.9079675, -34.7246236], [-60.9163677, -34.7177105], [-60.9253799, -34.710293], [-60.9265297, -34.7093466], [-60.9293819, -34.706999], [-60.9367235, -34.7009223], [-60.9390158, -34.6990488], [-60.939538, -34.6986256], [-60.9638764, -34.6784536], [-60.9646399, -34.6778203]]]}}, {"type": "Feature", "properties": {"municipio_": "06385", "municipi_1": "General Viamonte", "rtn": "65", "typ": 40, "rst": 1, "hct": 2, "fdc": "DVP Buenos Aires", "sag": "IGN", "long_km": 36.535, "partido": "General Viamonte"}, "geometry": {"type": "MultiLineString", "coordinates": [[[-61.0122306, -35.0003765], [-61.0117333, -34.9957569], [-61.0116715, -34.9952684], [-61.0116105, -34.9947728], [-61.0114697, -34.9930813], [-61.0107458, -34.9860163], [-61.0105899, -34.9847774], [-61.0099655, -34.9790686], [-61.0090048, -34.9700961], [-61.0087376, -34.9675532], [-61.0087026, -34.9669058], [-61.0087084, -34.9663465], [-61.0087939, -34.9653832], [-61.0099863, -34.9538614], [-61.0100435, -34.9533102], [-61.0119769, -34.9346887], [-61.011988, -34.9345692], [-61.0125382, -34.929805], [-61.0126047, -34.9293237], [-61.0161476, -34.9090619], [-61.0162286, -34.9084004], [-61.0162804, -34.9075531], [-61.0162161, -34.9068916], [-61.0150263, -34.8962847], [-61.0149891, -34.8960119], [-61.0148037, -34.8943756], [-61.01263833, -34.87473962], [-61.01248302, -34.87401446], [-61.0106846, -34.8692842], [-60.99868024, -34.83638047], [-60.9977868, -34.8341267], [-60.9955741, -34.8279638], [-60.9943583, -34.8245774], [-60.9922948, -34.8189614], [-60.9922643, -34.8188756], [-60.9918075, -34.8175909], [-60.9913311, -34.8162218], [-60.9908022, -34.8134865], [-60.989931, -34.8096146], [-60.9837234, -34.7818594], [-60.9794695, -34.7626765], [-60.9782732, -34.7571777], [-60.9770106, -34.7514417], [-60.9769261, -34.7510243], [-60.9767835, -34.7499648], [-60.9760246, -34.7445911], [-60.9759863, -34.7443109], [-60.9738227, -34.7284652], [-60.9728921, -34.7216488], [-60.9686415, -34.6905065], [-60.9671775, -34.6797777], [-60.9670847, -34.6790978]]]}}, {"type": "Feature", "properties": {"municipio_": "06385", "municipi_1": "General Viamonte", "rtn": "70", "typ": 40, "rst": 3, "hct": 2, "fdc": "DVP Buenos Aires", "sag": "IGN", "long_km": 112.856, "partido": "General Viamonte"}, "geometry": {"type": "MultiLineString", "coordinates": [[[-60.49515, -35.125991], [-60.4951705, -35.1260398], [-60.495504, -35.1267493], [-60.4960742, -35.128065], [-60.4969892, -35.1300858], [-60.4983455, -35.1333087], [-60.4985443, -35.1337381], [-60.4986011, -35.1338466], [-60.4986437, -35.1339501], [-60.4986351, -35.1340881], [-60.4985926, -35.1342053], [-60.4984961, -35.1343216], [-60.4984928, -35.1343235], [-60.498452, -35.1344395], [-60.4984528, -35.1345297], [-60.4984807, -35.1346083], [-60.4985873, -35.1347296], [-60.5060131, -35.1411504], [-60.5060577, -35.141235], [-60.5060245, -35.1413308], [-60.505677, -35.1415751], [-60.5056472, -35.141686], [-60.5057, -35.1417744], [-60.5132498, -35.1483735], [-60.520996, -35.1551565], [-60.5286765, -35.1618814], [-60.5382791, -35.1703448], [-60.5438472, -35.1753334], [-60.5451632, -35.176498], [-60.5514662, -35.1820779], [-60.5515344, -35.1820931], [-60.5516255, -35.1820709], [-60.5517163, -35.1820241], [-60.5522956, -35.1815373], [-60.5524221, -35.1815042], [-60.5525276, -35.1814988], [-60.5526797, -35.1815294], [-60.5528388, -35.1816121], [-60.5529645, -35.1817012], [-60.5588508, -35.1867866], [-60.571016, -35.1960285], [-60.5712607, -35.1962144], [-60.5747537, -35.1988679], [-60.5758772, -35.1996421], [-60.5784817, -35.201298], [-60.57914, -35.2018116], [-60.5930605, -35.2137571], [-60.5939798, -35.2145537], [-60.6024659, -35.2217936], [-60.6117106, -35.2296146], [-60.6123143, -35.2301687], [-60.6131461, -35.2308212], [-60.614004, -35.2314092], [-60.6150584, -35.2324018], [-60.6152769, -35.2326163], [-60.6154752, -35.2328539], [-60.6157647, -35.2331764], [-60.6159649, -35.2333557], [-60.6169542, -35.2342209], [-60.6178964, -35.2350308], [-60.6208744, -35.2376033], [-60.620923, -35.2376453], [-60.6268442, -35.242675], [-60.6271154, -35.2429069], [-60.6396067, -35.2536035], [-60.64973184, -35.26227282], [-60.64979408, -35.26232612], [-60.64985269, -35.26233447], [-60.6499427, -35.26232028], [-60.65001111, -35.26227269], [-60.6594547, -35.2549234], [-60.66048371, -35.25460419], [-60.66066455, -35.2544757], [-60.66079304, -35.25436148], [-60.66104051, -35.25379041], [-60.66123007, -35.25357055], [-60.6791057, -35.2396112], [-60.6814862, -35.23784698], [-60.68155092, -35.23782413], [-60.68160803, -35.23781462], [-60.68166704, -35.23781652], [-60.68176264, -35.23783696], [-60.6830281, -35.2388961], [-60.683238, -35.2390017], [-60.6835045, -35.239038], [-60.6893905, -35.2386378], [-60.7198066, -35.2367454], [-60.72493662, -35.23646046], [-60.72516267, -35.23639384], [-60.72536016, -35.23625345], [-60.72605259, -35.23527549], [-60.72624532, -35.2349971], [-60.73594524, -35.22139377], [-60.73935156, -35.21894245], [-60.74430179, -35.21517719], [-60.74454545, -35.21512579], [-60.74469393, -35.2151315], [-60.7447834, -35.21514673], [-60.74502705, -35.21524381], [-60.7470409, -35.2167823], [-60.7473757, -35.2170085], [-60.74792445, -35.21722343], [-60.74813503, -35.21722343], [-60.74835275, -35.21717346], [-60.74883816, -35.21694503], [-60.74929721, -35.21662365], [-60.74966979, -35.2165774], [-60.75000529, -35.21662023], [-60.7504119, -35.2168551], [-60.7623252, -35.2272442], [-60.7626031, -35.22736306], [-60.7629153, -35.2274154], [-60.7634775, -35.2274002], [-60.76382269, -35.22744241], [-60.76396588, -35.22749104], [-60.7645035, -35.2278856], [-60.7806751, -35.2417779], [-60.780891, -35.2419147], [-60.7811504, -35.2419954], [-60.7815214, -35.2420911], [-60.7819797, -35.2421871], [-60.782587, -35.2422911], [-60.7831189, -35.2423646], [-60.7836355, -35.2424143], [-60.7840853, -35.2424334], [-60.7844937, -35.2424343], [-60.7850934, -35.2424088], [-60.7864617, -35.2423007], [-60.7871087, -35.24226], [-60.7881509, -35.2422253], [-60.7903625, -35.242033], [-60.7923886, -35.2419522], [-60.7985748, -35.2415568], [-60.81792633, -35.24031984], [-60.81804553, -35.24024304], [-60.81808122, -35.24011812], [-60.81808122, -35.23997535], [-60.81813476, -35.23985638], [-60.81821209, -35.23978499], [-60.81836676, -35.2397493], [-60.82144221, -35.23953515], [-60.82348855, -35.23943997], [-60.82377408, -35.23941618], [-60.82419644, -35.23931505], [-60.82473182, -35.23926746], [-60.82575498, -35.23926746], [-60.82709938, -35.23919608], [-60.82826532, -35.23909495], [-60.82869362, -35.2390771], [-60.82878285, -35.23911279], [-60.82883639, -35.23921392], [-60.82888992, -35.23949351], [-60.82892562, -35.23980879], [-60.82895241, -35.24013998], [-60.82898001, -35.24020375], [-60.82901142, -35.24023706], [-60.82905316, -35.24024874], [-60.8292886, -35.2402106], [-60.8300939, -35.2401567], [-60.8643867, -35.2379598], [-60.8645167, -35.2379202], [-60.8645565, -35.2378368], [-60.864574, -35.2376556], [-60.8645719, -35.2374804], [-60.8646249, -35.2374248], [-60.8647291, -35.2373917], [-60.8919502, -35.2355862], [-60.8923371, -35.2358835], [-60.892655, -35.2361221], [-60.9125515, -35.2348364], [-60.9211783, -35.234279], [-60.9214443, -35.2342636], [-60.9632375, -35.2315594], [-60.9664877, -35.2313583], [-60.984246, -35.2302113], [-60.9929366, -35.2296568], [-61.0157665, -35.2281124], [-61.0293572, -35.2272297], [-61.0306766, -35.2271345], [-61.0319812, -35.2269764], [-61.0330146, -35.226775], [-61.0343495, -35.2264309], [-61.0347454, -35.2263084], [-61.0389653, -35.2247294], [-61.0392135, -35.2247365], [-61.0395, -35.2246616], [-61.0421857, -35.2236544], [-61.0489093, -35.2211466], [-61.0489198, -35.2209316], [-61.0487947, -35.2207668], [-61.0486804, -35.2205049], [-61.05843462, -35.21685014], [-61.0639028, -35.2148013], [-61.0761536, -35.210178], [-61.0773325, -35.2098794], [-61.08004791, -35.20935185], [-61.0868503, -35.2080303], [-61.1053932, -35.2046327], [-61.1362726, -35.1989745], [-61.137268, -35.1988393], [-61.138165, -35.1987591], [-61.1388892, -35.1987284], [-61.1407131, -35.1987547], [-61.1425919, -35.1989876], [-61.1426601, -35.1990382], [-61.1426723, -35.1991423], [-61.1426383, -35.1992716], [-61.142645, -35.1993676], [-61.1427031, -35.1994675], [-61.1428872, -35.1995454], [-61.1828797, -35.2071915], [-61.1841815, -35.2075038], [-61.1855578, -35.2078995], [-61.2179244, -35.219035], [-61.2180044, -35.219115], [-61.2181222, -35.219184], [-61.2245195, -35.2213887], [-61.2273042, -35.2223588], [-61.2279189, -35.222506], [-61.2284005, -35.2226378], [-61.2330688, -35.2241949], [-61.2440479, -35.2279892], [-61.2632997, -35.2345821], [-61.2884265, -35.2432939], [-61.2887383, -35.2434049], [-61.290091, -35.2439876], [-61.3132569, -35.2555636], [-61.3275745, -35.26266102], [-61.3433592, -35.2704857], [-61.3489801, -35.2732837], [-61.3611611, -35.2792596], [-61.3660734, -35.2817499], [-61.3691734, -35.2833214], [-61.3711124, -35.2841576], [-61.3723668, -35.2845689], [-61.3735236, -35.2848741], [-61.3856344, -35.2870704], [-61.3926295, -35.2883632], [-61.3957145, -35.2889185], [-61.40071374, -35.28982297], [-61.40079465, -35.2898896], [-61.4008834, -35.2899365]]]}}, {"type": "Feature", "properties": {"municipio_": "06385", "municipi_1": "General Viamonte", "rtn": "64", "typ": 40, "rst": 3, "hct": 2, "fdc": "DVP Buenos Aires", "sag": "IGN", "long_km": 66.079, "partido": "General Viamonte"}, "geometry": {"type": "MultiLineString", "coordinates": [[[-61.0122306, -35.0003765], [-61.00581297, -35.00104317], [-61.00437425, -35.00119243], [-61.00296617, -35.00136256], [-61.00129725, -35.00172753], [-60.99998042, -35.00205341], [-60.99803107, -35.00259521], [-60.99560136, -35.00325275], [-60.96093883, -35.01302832], [-60.94501519, -35.01745385], [-60.90932282, -35.02755618], [-60.90863278, -35.02771831], [-60.90791941, -35.02787499], [-60.90678783, -35.02805255], [-60.9052033, -35.02826005], [-60.89077719, -35.02972296], [-60.86978461, -35.03190663], [-60.86958511, -35.03190692], [-60.86949932, -35.03186044], [-60.86942483, -35.03179065], [-60.86935516, -35.03147485], [-60.8692751, -35.031396], [-60.8691438, -35.03134024], [-60.86289314, -35.03199401], [-60.86268727, -35.03203685], [-60.86256755, -35.03212608], [-60.86243485, -35.03231751], [-60.86222546, -35.03250787], [-60.86196847, -35.0326078], [-60.84629449, -35.03424202], [-60.84568059, -35.03434671], [-60.84515235, -35.03444189], [-60.8425159, -35.03472743], [-60.83155502, -35.03581697], [-60.81980922, -35.03702288], [-60.80414122, -35.03861833], [-60.79806447, -35.03924192], [-60.78455217, -35.04059612], [-60.76590192, -35.04249676], [-60.7640966, -35.04270227], [-60.76250087, -35.04291008], [-60.76080092, -35.04331832], [-60.75939346, -35.04372639], [-60.7582656, -35.04414756], [-60.74017813, -35.05143585], [-60.72671514, -35.05682681], [-60.72507156, -35.05747573], [-60.72436665, -35.05772855], [-60.72362009, -35.05797542], [-60.72286461, -35.05816875], [-60.72242441, -35.05826988], [-60.72179683, -35.05839183], [-60.72049207, -35.05860183], [-60.71824176, -35.05897793], [-60.71394817, -35.05969787], [-60.70901001, -35.06053222], [-60.70888022, -35.06047522], [-60.70879932, -35.06039194], [-60.70874459, -35.06025155], [-60.70867321, -35.06000885], [-60.70856496, -35.05992779], [-60.70841745, -35.05990885], [-60.70212198, -35.06100068], [-60.70205974, -35.06106164], [-60.70203741, -35.06117829], [-60.70209468, -35.06136434], [-60.70211783, -35.06151342], [-60.70208426, -35.06161222], [-60.70196589, -35.06169709], [-60.70177987, -35.06175863], [-60.69902187, -35.06219641], [-60.69379511, -35.06306396], [-60.68871943, -35.06392054], [-60.68561846, -35.06443273], [-60.6808841, -35.06522469], [-60.67957623, -35.06544119], [-60.67821228, -35.0656693], [-60.67722841, -35.06581758], [-60.67677946, -35.06589334], [-60.67045334, -35.06694798], [-60.66580942, -35.06772786], [-60.66524742, -35.06782119], [-60.66475577, -35.06787298], [-60.664225, -35.06790583], [-60.6636973, -35.06795124], [-60.66297851, -35.06805284], [-60.65157077, -35.06996271], [-60.63659934, -35.07244497], [-60.63135381, -35.07331123], [-60.62719584, -35.07399763], [-60.61746543, -35.07561578], [-60.61739693, -35.0756768], [-60.61739139, -35.07577049], [-60.61750045, -35.07606029], [-60.61760344, -35.07609287], [-60.61773504, -35.07610202], [-60.61792395, -35.07611575], [-60.61807292, -35.07619518], [-60.62087615, -35.07866041], [-60.62628774, -35.08333069], [-60.62633533, -35.08341694], [-60.6263502, -35.08347048], [-60.62632393, -35.08352823], [-60.62609788, -35.08370074], [-60.61954915, -35.08876026], [-60.61927432, -35.08893158], [-60.61562732, -35.09172947], [-60.61235021, -35.09427978], [-60.61224908, -35.09437496], [-60.61220149, -35.09443742], [-60.61217492, -35.09445121], [-60.61214201, -35.09444337], [-60.61203695, -35.09436201], [-60.60347543, -35.08689143], [-60.5992447, -35.08315761], [-60.59916343, -35.08313004], [-60.59906734, -35.0831445], [-60.59893885, -35.08323016], [-60.59723031, -35.08455366], [-60.59706136, -35.08463932], [-60.59687101, -35.08469642], [-60.5943409, -35.08508621], [-60.58537711, -35.0865894], [-60.58521834, -35.08661962], [-60.5851005, -35.08666296], [-60.58243003, -35.08871092], [-60.58234872, -35.08876432], [-60.58225509, -35.08877432], [-60.58217346, -35.0887476], [-60.57990798, -35.08681154], [-60.57983431, -35.08674469], [-60.57972391, -35.08673808], [-60.57962583, -35.08677161], [-60.57494431, -35.09043525], [-60.56623353, -35.09712426], [-60.5661598, -35.09718114], [-60.56610508, -35.09719909], [-60.56605378, -35.09719135], [-60.56594515, -35.09711941], [-60.56491987, -35.09624847], [-60.56482983, -35.09620508], [-60.56472352, -35.0962085], [-60.56463771, -35.09626208], [-60.55729667, -35.10196814], [-60.55701028, -35.10220908], [-60.54939361, -35.10809069], [-60.54931092, -35.10813197], [-60.5492251, -35.10814154], [-60.54914341, -35.10809771], [-60.54900445, -35.10796636], [-60.54771222, -35.10679484], [-60.54602875, -35.10530767], [-60.54427985, -35.10374318], [-60.54240603, -35.10210135], [-60.54084748, -35.10070936], [-60.53794925, -35.09815243], [-60.5350701, -35.09560641], [-60.53278581, -35.09356007], [-60.53268588, -35.09349583], [-60.53260736, -35.09349583], [-60.53250742, -35.09352438], [-60.53240034, -35.09357435], [-60.53061575, -35.09499489], [-60.52853134, -35.0965582], [-60.52592583, -35.0985498], [-60.52286346, -35.10088406], [-60.52036503, -35.10276859], [-60.51748112, -35.10493866], [-60.51558945, -35.10628067], [-60.51289828, -35.10820804], [-60.51223441, -35.10870772], [-60.50973598, -35.11045663], [-60.50966122, -35.11056886], [-60.50964932, -35.11073542], [-60.50968502, -35.11090198], [-60.5106487, -35.11312678], [-60.51206448, -35.11669597], [-60.51367061, -35.12058639], [-60.51368251, -35.12081244], [-60.51364682, -35.12088382], [-60.51349215, -35.12094331], [-60.50848339, -35.1222996], [-60.50155916, -35.12425076], [-60.49774012, -35.12532152], [-60.49515, -35.125991]]]}}, {"type": "Feature", "properties": {"municipio_": "06385", "municipi_1": "General Viamonte", "rtn": "64", "typ": 40, "rst": 3, "hct": 2, "fdc": "DVP Buenos Aires", "sag": "IGN", "long_km": 59.227, "partido": "General Viamonte"}, "geometry": {"type": "MultiLineString", "coordinates": [[[-61.0122306, -35.0003765], [-61.01520179, -35.00005103], [-61.0171577, -34.99989398], [-61.01812852, -34.99985115], [-61.02095532, -34.99957989], [-61.02103385, -34.99952992], [-61.02108381, -34.9994514], [-61.02109095, -34.99933719], [-61.02108381, -34.99921583], [-61.02111237, -34.99910162], [-61.02118375, -34.99903024], [-61.02179765, -34.99896599], [-61.02583084, -34.99857338], [-61.02924299, -34.99823074], [-61.03137022, -34.99803086], [-61.03155582, -34.99801659], [-61.03169145, -34.99805942], [-61.03174142, -34.99823788], [-61.03185563, -34.99883036], [-61.03187705, -34.99894458], [-61.03193416, -34.99900882], [-61.03208406, -34.99905165], [-61.03533203, -34.99875898], [-61.03640278, -34.99867332], [-61.03648131, -34.99867332], [-61.03658124, -34.99867332], [-61.03668118, -34.99873042], [-61.03683109, -34.99886605], [-61.03710948, -34.99909448], [-61.0372237, -34.99919442], [-61.03730936, -34.99922297], [-61.0374664, -34.99913731], [-61.03763773, -34.99900882], [-61.03791612, -34.99878039], [-61.03823021, -34.99849486], [-61.03837298, -34.9984092], [-61.0385443, -34.99834495], [-61.03960792, -34.99823074], [-61.03975069, -34.99825215], [-61.0398649, -34.99829498], [-61.03993628, -34.99830926], [-61.04003622, -34.99830926], [-61.04021468, -34.99827357], [-61.04119978, -34.99817363], [-61.04177085, -34.99813794], [-61.041985, -34.99804514], [-61.04276308, -34.99741696], [-61.04308431, -34.99712429], [-61.04326277, -34.99702435], [-61.04333415, -34.99698152], [-61.04344123, -34.99698152], [-61.04356972, -34.99702435], [-61.04375532, -34.99717426], [-61.04389809, -34.9973313], [-61.04400516, -34.9974241], [-61.04413365, -34.99748121], [-61.0442907, -34.9975169], [-61.04553278, -34.99740269], [-61.04885212, -34.99708146], [-61.05229996, -34.99672454], [-61.05585488, -34.9963819], [-61.05933127, -34.99603925], [-61.06226515, -34.99569661], [-61.06585575, -34.99535397], [-61.06847554, -34.99508985], [-61.07301555, -34.99465441], [-61.07840503, -34.99411903], [-61.08106051, -34.99385491], [-61.08211699, -34.99367645], [-61.08353039, -34.99330525], [-61.0847225, -34.99291264], [-61.08615731, -34.99235585], [-61.08790622, -34.99148497], [-61.08893415, -34.99084965], [-61.09083296, -34.98958616], [-61.09290309, -34.98817989], [-61.09600114, -34.98608121], [-61.0973503, -34.98516036], [-61.09934905, -34.98379693], [-61.1018689, -34.98204802], [-61.10481705, -34.980035], [-61.1073012, -34.97830751], [-61.11100603, -34.97582335], [-61.11425399, -34.97358904], [-61.11743057, -34.97141897], [-61.12112825, -34.96880632], [-61.12441905, -34.96658629], [-61.12820953, -34.96398078], [-61.13120765, -34.96194634], [-61.13420577, -34.95987621], [-61.13792487, -34.95735636], [-61.14096582, -34.9552434], [-61.14485624, -34.95262361], [-61.14783294, -34.95055348], [-61.15091673, -34.9484191], [-61.15452161, -34.94601347], [-61.15478573, -34.94567082], [-61.15493563, -34.94523538], [-61.15507126, -34.94495699], [-61.15536394, -34.94470714], [-61.15778385, -34.94299393], [-61.15962555, -34.94176613], [-61.1610104, -34.94079531], [-61.16120314, -34.94070251], [-61.16138159, -34.94068109], [-61.16155292, -34.9407382], [-61.16177421, -34.94084528], [-61.16193125, -34.940831], [-61.16211685, -34.94073106], [-61.16477947, -34.93893219], [-61.16832724, -34.93649086], [-61.17148955, -34.93429938], [-61.17390946, -34.93260758], [-61.17622943, -34.93110138], [-61.17974765, -34.92870241], [-61.18328115, -34.92625157], [-61.18706449, -34.92370554], [-61.19176393, -34.92052896], [-61.19596367, -34.91760223], [-61.19730483, -34.91669168], [-61.19730979, -34.91668832], [-61.20081777, -34.91430667], [-61.20590982, -34.91080886], [-61.206005, -34.91073748], [-61.20613587, -34.91073748], [-61.20631433, -34.91074938], [-61.2064333, -34.91082076], [-61.20652848, -34.91092784], [-61.20662366, -34.91097543], [-61.20676643, -34.91096353], [-61.20692109, -34.91085645], [-61.20882466, -34.90948826], [-61.21319097, -34.90652583], [-61.2166055, -34.90424155], [-61.21722416, -34.90389653], [-61.21783092, -34.9035872], [-61.21846148, -34.90327787], [-61.22004382, -34.90255213], [-61.22445772, -34.90055339], [-61.22794363, -34.89898294], [-61.2307157, -34.89773373], [-61.23496304, -34.89580636], [-61.23882966, -34.89405746], [-61.24381464, -34.89184456], [-61.2492755, -34.88938182], [-61.25417719, -34.88713323], [-61.25923354, -34.88482515], [-61.26639572, -34.88163667], [-61.27326047, -34.87848389], [-61.27636704, -34.87709607], [-61.2801847, -34.87539059], [-61.28474136, -34.87336805], [-61.28515777, -34.87328476], [-61.28560987, -34.87315389], [-61.29095652, -34.87077919], [-61.2959058, -34.86850681], [-61.29905858, -34.86699585], [-61.29961775, -34.86673411], [-61.30006985, -34.86657944], [-61.30056954, -34.86646047], [-61.30108112, -34.86630581], [-61.30183065, -34.86612735], [-61.30269916, -34.86594889], [-61.30393648, -34.86579422], [-61.30505482, -34.86566335], [-61.30628025, -34.86562766], [-61.31161024, -34.86552058], [-61.32028337, -34.86538971], [-61.329016, -34.86519936], [-61.33574987, -34.86508038], [-61.34370917, -34.86491382], [-61.35163277, -34.86479485], [-61.36218568, -34.86461639], [-61.37038293, -34.86444983], [-61.3793178, -34.86425947], [-61.38714623, -34.86409291], [-61.39460584, -34.86396204], [-61.40280308, -34.86381927], [-61.41208298, -34.86364081], [-61.42141047, -34.86346235], [-61.4300836, -34.86330768], [-61.43863776, -34.86311733], [-61.44587133, -34.86299835], [-61.4526052, -34.862808], [-61.45597214, -34.86273661], [-61.45628147, -34.86277231], [-61.4565908, -34.86292697], [-61.45757827, -34.86381927], [-61.45822073, -34.86428326], [-61.46020758, -34.86596078], [-61.46340795, -34.86875665], [-61.463634, -34.86887562], [-61.46391954, -34.86894701], [-61.46416938, -34.86894701], [-61.46437163, -34.86891132], [-61.46614433, -34.86751933], [-61.46770288, -34.86622252], [-61.46800031, -34.86612735], [-61.46820257, -34.86612735], [-61.46842862, -34.86615114], [-61.46874984, -34.86630581], [-61.47079618, -34.86801902], [-61.47543613, -34.87192133], [-61.47986193, -34.87569278], [-61.48283253, -34.87816929], [-61.4857273, -34.88058257], [-61.49084314, -34.88491319], [-61.49175923, -34.88560323], [-61.49379367, -34.88729265], [-61.49400782, -34.88744732], [-61.49419818, -34.8875187], [-61.4945903, -34.8875866]]]}}, {"type": "Feature", "properties": {"municipio_": "06385", "municipi_1": "General Viamonte", "rtn": "65", "typ": 40, "rst": 1, "hct": 2, "fdc": "DVP Buenos Aires", "sag": "IGN", "long_km": 27.513, "partido": "General Viamonte"}, "geometry": {"type": "MultiLineString", "coordinates": [[[-60.9212475, -35.46077], [-60.9213307, -35.4606568], [-60.9221442, -35.4595844], [-60.922202, -35.4595084], [-60.922902, -35.4585874], [-60.9229859, -35.4584772], [-60.9238397, -35.4573742], [-60.9264063, -35.4540687], [-60.9296778, -35.4498214], [-60.9313846, -35.4476055], [-60.9323172, -35.4463947], [-60.9394735, -35.4371028], [-60.9426493, -35.4330704], [-60.94293, -35.4327145], [-60.9433574, -35.4320905], [-60.9437715, -35.4314296], [-60.9440758, -35.4307526], [-60.9442329, -35.4303276], [-60.9443616, -35.4298565], [-60.9444682, -35.4291513], [-60.9444947, -35.4284261], [-60.944425, -35.4276018], [-60.9442893, -35.426872], [-60.9439666, -35.4258023], [-60.9426019, -35.4208832], [-60.9398235, -35.41113], [-60.9397592, -35.4104397], [-60.9397848, -35.4098905], [-60.9399223, -35.4092979], [-60.9401964, -35.4085834], [-60.9405675, -35.4080151], [-60.9409933, -35.4074937], [-60.9478335, -35.4015239], [-60.9484883, -35.4008109], [-60.9489788, -35.4000391], [-60.9493502, -35.3991351], [-60.9495218, -35.3981929], [-60.9507642, -35.3856908], [-60.950777, -35.3855571], [-60.9513117, -35.3799876], [-60.9513891, -35.3790766], [-60.9515369, -35.3780067], [-60.951741, -35.3770671], [-60.95504971, -35.36472542], [-60.9565617, -35.3590856], [-60.9608838, -35.3430228], [-60.9649669, -35.3280247], [-60.9685758, -35.315343], [-60.9728515, -35.3007603], [-60.9729651, -35.3003286], [-60.9730536, -35.2998952], [-60.9731945, -35.2990265], [-60.9732869, -35.2983519], [-60.9733352, -35.2976667], [-60.9735575, -35.2901403], [-60.9741087, -35.2722255], [-60.9742138, -35.2715721], [-60.9743666, -35.270826], [-60.984246, -35.2302113]]]}}, {"type": "Feature", "properties": {"municipio_": "06385", "municipi_1": "General Viamonte", "rtn": "65", "typ": 40, "rst": 1, "hct": 2, "fdc": "DVP Buenos Aires", "sag": "IGN", "long_km": 25.994, "partido": "General Viamonte"}, "geometry": {"type": "MultiLineString", "coordinates": [[[-60.984246, -35.2302113], [-60.9843187, -35.2299351], [-60.9896905, -35.2077965], [-60.9898728, -35.2070451], [-60.9924016, -35.1966799], [-60.9926498, -35.1955283], [-60.9927946, -35.1945157], [-60.992946, -35.1928952], [-60.9935976, -35.184462], [-60.9939915, -35.1784547], [-60.9942934, -35.1738511], [-60.9946672, -35.1681504], [-60.9952395, -35.1598674], [-60.9957845, -35.1512318], [-60.996772, -35.1376059], [-60.99678, -35.1374901], [-60.9987202, -35.1083104], [-60.9989891, -35.0987429], [-60.9990243, -35.0974065], [-60.9992488, -35.088875], [-60.9991837, -35.0866947], [-60.9992406, -35.08443], [-60.999764, -35.0625262], [-60.9997653, -35.0624636], [-60.9998469, -35.0584166], [-60.9998846, -35.0571306], [-61.000053, -35.0504583], [-61.0002021, -35.0448812], [-61.0003592, -35.0385334], [-61.0004087, -35.0372921], [-61.0005272, -35.0364399], [-61.000683, -35.0358174], [-61.0008691, -35.0352469], [-61.0011722, -35.0344987], [-61.002293, -35.0318175], [-61.002503, -35.0313504], [-61.0027101, -35.0308316], [-61.0056323, -35.0238807], [-61.0121912, -35.0083057], [-61.0123918, -35.0076791], [-61.0125036, -35.007297], [-61.0126469, -35.0066637], [-61.012711, -35.0057923], [-61.0127214, -35.0053736], [-61.0126091, -35.0041005], [-61.0122759, -35.0007704], [-61.0122306, -35.0003765]]]}}, {"type": "Feature", "properties": {"municipio_": "06469", "municipi_1": "Lincoln", "rtn": "50", "typ": 40, "rst": 1, "hct": 2, "fdc": "DVP Buenos Aires", "sag": "IGN", "long_km": 38.956, "partido": "Lincoln"}, "geometry": {"type": "MultiLineString", "coordinates": [[[-61.4977941, -34.8399611], [-61.4976962, -34.8396697], [-61.4973598, -34.8387297], [-61.4965846, -34.8365638], [-61.4964123, -34.8361595], [-61.4944358, -34.8310866], [-61.4926969, -34.8264784], [-61.4899403, -34.819945], [-61.4886473, -34.8168727], [-61.4875414, -34.8143133], [-61.4860205, -34.8107011], [-61.4782766, -34.7923862], [-61.4760238, -34.7870858], [-61.4735557, -34.7808034], [-61.4705542, -34.7730805], [-61.470343, -34.7724876], [-61.4702088, -34.7718736], [-61.4701496, -34.7711333], [-61.4701417, -34.7703298], [-61.4713553, -34.7475728], [-61.47276098, -34.72120701], [-61.4729048, -34.7185095], [-61.4729342, -34.7179582], [-61.47362421, -34.70501201], [-61.4738011, -34.7016931], [-61.4739057, -34.6997294], [-61.474543, -34.6878244], [-61.47528608, -34.67442818], [-61.4754238, -34.6699753], [-61.4754368, -34.6697145], [-61.4754916, -34.6682638], [-61.4755559, -34.6653941], [-61.4756323, -34.6645476], [-61.47576, -34.6634514], [-61.479319, -34.6386612], [-61.4813632, -34.6241705], [-61.482375, -34.6168104], [-61.4824731, -34.6160965], [-61.482996, -34.6122923], [-61.4847236, -34.6006393], [-61.4847876, -34.6001257], [-61.4872426, -34.5823165], [-61.4875897, -34.5811623], [-61.4879369, -34.580325], [-61.4882692, -34.57967], [-61.4887169, -34.5790572], [-61.4893303, -34.5784022], [-61.4906595, -34.57724], [-61.5082602, -34.5620197], [-61.51474721, -34.556499], [-61.51495217, -34.55632148], [-61.51592923, -34.55546936], [-61.5182114, -34.5534264], [-61.51958702, -34.55226449], [-61.52028393, -34.55145582], [-61.52076172, -34.55078386], [-61.52127807, -34.5498071], [-61.52157718, -34.5488664], [-61.52172957, -34.54806518], [-61.52178437, -34.5472271], [-61.52170683, -34.54645929], [-61.52153923, -34.5456904], [-61.51962062, -34.53960674], [-61.5168276, -34.5305345], [-61.5166365, -34.5296874], [-61.5164711, -34.5287347], [-61.5156498, -34.5232088], [-61.515456, -34.5223276], [-61.5151596, -34.5214253], [-61.5139304, -34.5177702], [-61.5121811, -34.5128172]]]}}, {"type": "Feature", "properties": {"municipio_": "06469", "municipi_1": "Lincoln", "rtn": "50", "typ": 40, "rst": 1, "hct": 2, "fdc": "DVP Buenos Aires", "sag": "IGN", "long_km": 0.084, "partido": "Lincoln"}, "geometry": {"type": "MultiLineString", "coordinates": [[[-61.49853251, -34.84175419], [-61.49845769, -34.8418274], [-61.49838726, -34.84193686], [-61.49834824, -34.84200919], [-61.4982509, -34.8424376]]]}}, {"type": "Feature", "properties": {"municipio_": "06469", "municipi_1": "Lincoln", "rtn": "50", "typ": 40, "rst": 1, "hct": 2, "fdc": "DVP Buenos Aires", "sag": "IGN", "long_km": 0.125, "partido": "Lincoln"}, "geometry": {"type": "MultiLineString", "coordinates": [[[-61.4977941, -34.8399611], [-61.4978479, -34.8400353], [-61.4980128, -34.840491], [-61.4980986, -34.8406332], [-61.49824202, -34.84071143], [-61.49838028, -34.84076318], [-61.49844488, -34.84078736]]]}}, {"type": "Feature", "properties": {"municipio_": "06469", "municipi_1": "Lincoln", "rtn": "50", "typ": 40, "rst": 1, "hct": 2, "fdc": "DVP Buenos Aires", "sag": "IGN", "long_km": 0.094, "partido": "Lincoln"}, "geometry": {"type": "MultiLineString", "coordinates": [[[-61.4982509, -34.8424376], [-61.4982408, -34.8419078], [-61.4982019, -34.8417647], [-61.49812919, -34.84164318], [-61.49811488, -34.84161927]]]}}, {"type": "Feature", "properties": {"municipio_": "06469", "municipi_1": "Lincoln", "rtn": "50", "typ": 40, "rst": 1, "hct": 2, "fdc": "DVP Buenos Aires", "sag": "IGN", "long_km": 0.105, "partido": "Lincoln"}, "geometry": {"type": "MultiLineString", "coordinates": [[[-61.49789297, -34.84087257], [-61.49790092, -34.84085289], [-61.4979503, -34.8407306], [-61.4979369, -34.8405499], [-61.4977915, -34.8400485], [-61.4977941, -34.8399611]]]}}, {"type": "Feature", "properties": {"municipio_": "06469", "municipi_1": "Lincoln", "rtn": "68", "typ": 40, "rst": 1, "hct": 2, "fdc": "DVP Buenos Aires", "sag": "IGN", "long_km": 80.103, "partido": "Lincoln"}, "geometry": {"type": "MultiLineString", "coordinates": [[[-62.2340781, -35.2194642], [-62.2335631, -35.219055], [-62.2262145, -35.213088], [-62.2150696, -35.2040379], [-62.2111293, -35.2008379], [-62.1960348, -35.1887184], [-62.1950392, -35.187919], [-62.1748817, -35.1716772], [-62.1698284, -35.1671693], [-62.167232, -35.1649327], [-62.1644962, -35.16274], [-62.1539176, -35.1542141], [-62.1479738, -35.1494157], [-62.1451628, -35.1471612], [-62.1433426, -35.1457998], [-62.1423411, -35.145082], [-62.1418319, -35.144661], [-62.1415514, -35.144394], [-62.1410986, -35.143829], [-62.1409025, -35.1435844], [-62.1404348, -35.1431499], [-62.1367407, -35.1403094], [-62.13305, -35.1373351], [-62.1257055, -35.1314081], [-62.124536, -35.130451], [-62.1161617, -35.1236661], [-62.1150011, -35.1227257], [-62.1108062, -35.1193521], [-62.1098971, -35.1186712], [-62.1091298, -35.1182516], [-62.108125, -35.117763], [-62.106784, -35.1172617], [-62.1056914, -35.1169423], [-62.1045878, -35.1167018], [-62.1038783, -35.1166264], [-62.1029397, -35.1165388], [-62.1018612, -35.1165123], [-62.1007025, -35.116565], [-62.0888121, -35.1170774], [-62.087431, -35.1172407], [-62.0860642, -35.1175059], [-62.0585489, -35.1234889], [-62.0576727, -35.1236438], [-62.0569917, -35.1237322], [-62.0562405, -35.123786], [-62.0554278, -35.1238], [-62.0546134, -35.1237662], [-62.0537242, -35.1236835], [-62.0528787, -35.1235859], [-62.0519074, -35.1233886], [-62.0511031, -35.1231643], [-62.0228571, -35.1133371], [-62.0210838, -35.1126947], [-62.0201708, -35.1123546], [-62.0193318, -35.1119943], [-62.0185395, -35.1115371], [-62.0176613, -35.1109394], [-62.0158871, -35.1095799], [-62.0150167, -35.1088464], [-62.0048618, -35.1006437], [-61.9946684, -35.0924122], [-61.9844564, -35.0841739], [-61.9641116, -35.0677244], [-61.9139502, -35.0270426], [-61.9006956, -35.0162637], [-61.8870979, -35.0053429], [-61.8836861, -35.0026574], [-61.8760836, -34.996702], [-61.8734233, -34.9946001], [-61.8682301, -34.9904968], [-61.8526757, -34.9783294], [-61.8455196, -34.9727013], [-61.8450236, -34.9723267], [-61.8445498, -34.9720106], [-61.8439347, -34.9716673], [-61.843297, -34.9713711], [-61.8428403, -34.9711926], [-61.8420529, -34.9709395], [-61.8413218, -34.9707739], [-61.8405915, -34.9706278], [-61.8363118, -34.9698035], [-61.8305826, -34.968687], [-61.8241586, -34.967413], [-61.8189486, -34.9663532], [-61.8144465, -34.9654866], [-61.8107237, -34.9647354], [-61.8098593, -34.9644903], [-61.8092239, -34.9642765], [-61.8086647, -34.9640343], [-61.808076, -34.963722], [-61.8076115, -34.963425], [-61.8069809, -34.9629655], [-61.8054059, -34.9617008], [-61.7945991, -34.9529343], [-61.7935564, -34.9520818], [-61.7923865, -34.9511253], [-61.79167495, -34.95054716], [-61.7804957, -34.941464], [-61.7538001, -34.919796], [-61.7530349, -34.9191365], [-61.7522697, -34.9184419], [-61.74856, -34.9149966], [-61.7467231, -34.9134445], [-61.6896181, -34.8673214], [-61.6889135, -34.8666666], [-61.6879934, -34.8656315], [-61.687625, -34.8651755], [-61.6800935, -34.853163], [-61.6763309, -34.8471012], [-61.6759233, -34.8465747], [-61.6753084, -34.8458251], [-61.6746284, -34.8451155], [-61.6642147, -34.8349052], [-61.65770133, -34.82838257], [-61.65757998, -34.8282398], [-61.65748361, -34.8281006], [-61.65737653, -34.8279043], [-61.65736225, -34.82777938], [-61.65739795, -34.82768301], [-61.65748718, -34.82760806], [-61.65763418, -34.82752861]]]}}, {"type": "Feature", "properties": {"municipio_": "06469", "municipi_1": "Lincoln", "rtn": "70", "typ": 40, "rst": 3, "hct": 2, "fdc": "DVP Buenos Aires", "sag": "IGN", "long_km": 94.205, "partido": "Lincoln"}, "geometry": {"type": "MultiLineString", "coordinates": [[[-62.44885, -35.3913338], [-62.44884918, -35.39133374], [-62.4371537, -35.3904198], [-62.4342245, -35.3901893], [-62.433772, -35.390138], [-62.4334342, -35.3900695], [-62.4331386, -35.3899605], [-62.4312198, -35.3891361], [-62.4308723, -35.3890178], [-62.4262341, -35.388163], [-62.4246948, -35.3878794], [-62.4232406, -35.3876116], [-62.421739, -35.3873349], [-62.4202247, -35.3870609], [-62.4187123, -35.3867774], [-62.41582118, -35.38624071], [-62.41577462, -35.38623695], [-62.41574563, -35.38623983], [-62.41572791, -35.38624738], [-62.41570411, -35.38626546], [-62.41561417, -35.3867266], [-62.41557705, -35.38676086], [-62.41552856, -35.38677863], [-62.4154833, -35.38678038], [-62.41542, -35.386768], [-62.4101186, -35.3857874], [-62.39390247, -35.38275019], [-62.3938502, -35.3827404], [-62.3722353, -35.3786959], [-62.3598432, -35.3763823], [-62.3293948, -35.3706952], [-62.3155357, -35.368098], [-62.3086984, -35.3668167], [-62.3023631, -35.3656294], [-62.2758454, -35.3606349], [-62.2756931, -35.3606311], [-62.2755545, -35.3606459], [-62.2754392, -35.3607179], [-62.2753077, -35.3608634], [-62.2751985, -35.3610354], [-62.2750464, -35.3610963], [-62.2749083, -35.361104], [-62.2592762, -35.3581505], [-62.246626, -35.3557712], [-62.2464424, -35.3557852], [-62.2463231, -35.3558298], [-62.2462152, -35.3559241], [-62.2460511, -35.3560179], [-62.2458298, -35.356019], [-62.2445424, -35.355457], [-62.2439546, -35.3552797], [-62.242122, -35.3548885], [-62.2410336, -35.3546037], [-62.2401097, -35.3543254], [-62.2390355, -35.353955], [-62.2380864, -35.3535926], [-62.2365517, -35.3528987], [-62.2362269, -35.3528311], [-62.2352812, -35.3527251], [-62.2349901, -35.3526585], [-62.2347707, -35.3525578], [-62.2334736, -35.351496], [-62.231415, -35.3498045], [-62.22968614, -35.34838385], [-62.22955089, -35.34834076], [-62.22938909, -35.34827413], [-62.22821364, -35.34734614], [-62.22607212, -35.34562341], [-62.22398296, -35.34395779], [-62.22226023, -35.34255867], [-62.2218462, -35.34224458], [-62.22178909, -35.34218271], [-62.2217361, -35.3421088], [-62.2174912, -35.3386426], [-62.2171633, -35.3383869], [-62.2168837, -35.338179], [-62.2165616, -35.3379943], [-62.2162077, -35.3378384], [-62.2158326, -35.3376882], [-62.2154362, -35.3375612], [-62.2150115, -35.3374428], [-62.2143886, -35.3373071], [-62.2140691, -35.3372495], [-62.2137439, -35.3371981], [-62.2134227, -35.3371649], [-62.2130826, -35.3371339], [-62.2127316, -35.3371201], [-62.2123718, -35.3371151], [-62.2120161, -35.3371218], [-62.2116032, -35.3371454], [-62.2111928, -35.3371848], [-62.2107715, -35.3372436], [-62.2103939, -35.3373208], [-62.2100362, -35.337402], [-62.1963441, -35.3409425], [-62.180251, -35.345103], [-62.168685, -35.3481346], [-62.1620412, -35.3498246], [-62.1535726, -35.3520738], [-62.1473942, -35.3537021], [-62.14460747, -35.35441845], [-62.1321303, -35.3576258], [-62.1051391, -35.3645296], [-62.0949144, -35.3671845], [-62.0946714, -35.3672533], [-62.0816383, -35.3706129], [-62.0773932, -35.371707], [-62.064854, -35.3749332], [-62.052886, -35.3780254], [-62.04481, -35.3801158], [-62.0297405, -35.3840022], [-62.0234987, -35.3856115], [-62.006218, -35.3900586], [-62.0053537, -35.3902278], [-62.0046087, -35.3903558], [-62.0039624, -35.3904229], [-62.0032986, -35.390482], [-62.0026917, -35.3905179], [-62.0016052, -35.3905172], [-61.9999213, -35.3904539], [-61.998958, -35.3904637], [-61.9986365, -35.3904741], [-61.9978428, -35.3903961], [-61.9967503, -35.3902041], [-61.9963645, -35.3901505], [-61.996271, -35.3901375], [-61.9946275, -35.3899146], [-61.9941008, -35.3898422], [-61.9930108, -35.3896959], [-61.9918636, -35.3895419], [-61.9913308, -35.3894564], [-61.9895951, -35.389222], [-61.9884755, -35.3890597], [-61.9883836, -35.3890243], [-61.9883132, -35.3889495], [-61.988191, -35.3888635], [-61.9877852, -35.3887293], [-61.9575533, -35.3844335], [-61.9497794, -35.3833326], [-61.84377262, -35.36835715], [-61.84307918, -35.36826561], [-61.84099146, -35.36797231], [-61.8132524, -35.3639478], [-61.8111676, -35.3636882], [-61.8102377, -35.3635564], [-61.8101575, -35.3635582], [-61.81009429, -35.36357152], [-61.8100493, -35.363581], [-61.8099555, -35.3635957], [-61.8098523, -35.3635856], [-61.8083356, -35.363373], [-61.8066516, -35.3631348], [-61.8063544, -35.3630928], [-61.8059104, -35.36303], [-61.8049639, -35.3628962], [-61.803313, -35.3626627], [-61.8015891, -35.3624189], [-61.7994326, -35.3620996], [-61.7991794, -35.3619908], [-61.7593347, -35.35627275], [-61.7552461, -35.355686], [-61.75453, -35.3555617], [-61.7431568, -35.3532692], [-61.7228976, -35.3491695], [-61.6907508, -35.3425605], [-61.6870444, -35.3418071], [-61.6299471, -35.3302001], [-61.62451974, -35.32909669]]]}}, {"type": "Feature", "properties": {"municipio_": "06469", "municipi_1": "Lincoln", "rtn": "70", "typ": 40, "rst": 1, "hct": 2, "fdc": "DVP Buenos Aires", "sag": "IGN", "long_km": 9.962, "partido": "Lincoln"}, "geometry": {"type": "MultiLineString", "coordinates": [[[-61.4008834, -35.2899365], [-61.4022209, -35.2901911], [-61.4026018, -35.2902629], [-61.4041433, -35.2905422], [-61.4056198, -35.2908239], [-61.4071829, -35.2911076], [-61.4073355, -35.291136], [-61.4088434, -35.291416], [-61.410373, -35.2916926], [-61.4112996, -35.29187], [-61.41145511, -35.29183572], [-61.41155645, -35.29180368], [-61.4137034, -35.292185], [-61.4165331, -35.2927551], [-61.4266888, -35.2946167], [-61.4322131, -35.2956261], [-61.4477834, -35.2984802], [-61.4769556, -35.3038257], [-61.4814892, -35.3046209], [-61.4853963, -35.3053901], [-61.4856593, -35.3054619], [-61.4858715, -35.3055624], [-61.4860805, -35.3056766], [-61.4863247, -35.3058448], [-61.4865957, -35.3060701], [-61.4873906, -35.3067831], [-61.4875918, -35.3069084], [-61.4878382, -35.3069991], [-61.4880601, -35.30703], [-61.48842725, -35.30703076]]]}}, {"type": "Feature", "properties": {"municipio_": "06469", "municipi_1": "Lincoln", "rtn": "69", "typ": 40, "rst": 3, "hct": 2, "fdc": "DVP Buenos Aires", "sag": "IGN", "long_km": 79.898, "partido": "Lincoln"}, "geometry": {"type": "MultiLineString", "coordinates": [[[-61.81009429, -35.36357152], [-61.81009494, -35.36347201], [-61.8101176, -35.36330329], [-61.8102223, -35.3626989], [-61.81027131, -35.36246334], [-61.81034032, -35.36238006], [-61.81051259, -35.36238482], [-61.81207441, -35.36266835], [-61.81232241, -35.36269415], [-61.81246518, -35.36267273], [-61.81266981, -35.36258469], [-61.81569619, -35.36016488], [-61.81920447, -35.35739951], [-61.82401625, -35.3536469], [-61.8245189, -35.35327669], [-61.82464382, -35.3531482], [-61.82468308, -35.35306967], [-61.82463668, -35.35294832], [-61.8218233, -35.35070357], [-61.82172499, -35.3506049], [-61.82174564, -35.3504832], [-61.82186604, -35.35033304], [-61.82844408, -35.34502929], [-61.82995455, -35.34381609], [-61.83082965, -35.34311412], [-61.83627314, -35.33874433], [-61.84195196, -35.33415109], [-61.84198052, -35.33407257], [-61.84196981, -35.33399048], [-61.83949636, -35.3319025], [-61.83721921, -35.32995729], [-61.83642328, -35.32927558], [-61.8354025, -35.3284047], [-61.83442097, -35.32756594], [-61.83124433, -35.32488494], [-61.82904095, -35.32301944], [-61.82787168, -35.3219949], [-61.82190399, -35.31697305], [-61.82014795, -35.31549184], [-61.81605171, -35.3120086], [-61.81214831, -35.30877005], [-61.81088299, -35.30768199], [-61.80559731, -35.3031389], [-61.79871602, -35.29740183], [-61.79776115, -35.29661242], [-61.7902063, -35.29030861], [-61.77934639, -35.28126666], [-61.77220206, -35.27530611], [-61.76660081, -35.27066973], [-61.76253075, -35.26730827], [-61.75855315, -35.26393825], [-61.75692764, -35.26255244], [-61.75518564, -35.26108738], [-61.75286319, -35.25909992], [-61.7525804, -35.25893958], [-61.74901503, -35.25595776], [-61.74544714, -35.25297686], [-61.73893284, -35.24754736], [-61.73500942, -35.244303], [-61.72955034, -35.23974574], [-61.72595644, -35.23668016], [-61.72583608, -35.23661696], [-61.72569861, -35.23660284], [-61.7255698, -35.23662379], [-61.72544112, -35.23670083], [-61.71743392, -35.24308759], [-61.71728226, -35.2431699], [-61.71717813, -35.24318872], [-61.71707998, -35.2431453], [-61.71172203, -35.23873288], [-61.70025507, -35.22917912], [-61.69402145, -35.22401688], [-61.68773099, -35.21885563], [-61.6826783, -35.21465734], [-61.68248876, -35.21450267], [-61.68245414, -35.21439733], [-61.68248856, -35.2142638], [-61.68261803, -35.2141372], [-61.68712292, -35.21065572], [-61.68721215, -35.21054864], [-61.68723357, -35.21044871], [-61.68709408, -35.21030597], [-61.68228476, -35.20551989], [-61.6820373, -35.20519628], [-61.67891594, -35.20031477], [-61.67765229, -35.19844925], [-61.67739353, -35.19807634], [-61.67712523, -35.19782951], [-61.67609594, -35.1969634], [-61.67425444, -35.19539355], [-61.67379007, -35.19501483], [-61.6727047, -35.19409603], [-61.67128368, -35.19288678], [-61.67014195, -35.19192627], [-61.66951029, -35.19138766], [-61.6660754, -35.18847204], [-61.66505223, -35.18761246], [-61.6643027, -35.18698488], [-61.66350718, -35.18636977], [-61.66340975, -35.18621055], [-61.66340261, -35.18606778], [-61.66345258, -35.18596427], [-61.66617052, -35.18380919], [-61.66915459, -35.18145867], [-61.66930925, -35.18129211], [-61.66935982, -35.18119098], [-61.66933305, -35.18106309], [-61.66781263, -35.1783544], [-61.66535638, -35.17383746], [-61.66176402, -35.16726348], [-61.66001274, -35.1640988], [-61.65791477, -35.16028785], [-61.65763209, -35.15973284], [-61.65747504, -35.1593902], [-61.65745363, -35.15921174], [-61.65752144, -35.15875846], [-61.65771061, -35.15756991], [-61.65772132, -35.15728081], [-61.65768563, -35.15695958], [-61.65763923, -35.15669189], [-61.65672099, -35.15229455], [-61.65561312, -35.14702222], [-61.65530379, -35.14557551], [-61.65512295, -35.14489975], [-61.65494955, -35.14452308], [-61.65483687, -35.14416391], [-61.65450472, -35.14312044], [-61.65296835, -35.13838573], [-61.6528113, -35.13770045], [-61.65215457, -35.13429901], [-61.65174292, -35.13212692], [-61.65132533, -35.12983609], [-61.65116759, -35.12886051], [-61.65104862, -35.12794442], [-61.65120209, -35.12651436], [-61.65124492, -35.12546502], [-61.65120209, -35.12198863], [-61.65121488, -35.11882246], [-61.65123768, -35.11851313], [-61.65131502, -35.11828708], [-61.65171358, -35.11721632], [-61.65215378, -35.11586598], [-61.65236793, -35.11462271], [-61.65249285, -35.11362334], [-61.65244526, -35.11077393], [-61.65236198, -35.10986974], [-61.65215259, -35.10719413], [-61.65213831, -35.10693239], [-61.65209548, -35.10687271], [-61.65200417, -35.10681778], [-61.6519145, -35.10677695], [-61.64361255, -35.10547107], [-61.64100196, -35.10507522], [-61.64090202, -35.10496101], [-61.64085026, -35.1048489], [-61.64087823, -35.10469451], [-61.64395576, -35.10209386], [-61.65050086, -35.09661713], [-61.65081971, -35.09631256], [-61.65150976, -35.09547975], [-61.65181671, -35.09519659], [-61.6541953, -35.09310185], [-61.66156464, -35.0869953], [-61.66187873, -35.08670263], [-61.66199295, -35.08645279], [-61.66198938, -35.08621008], [-61.66191799, -35.08601378], [-61.66171455, -35.08576393], [-61.6562825, -35.08134327], [-61.65506862, -35.08043792], [-61.65495238, -35.08030751], [-61.65487878, -35.08018075], [-61.65482167, -35.08001894], [-61.65483171, -35.07976385], [-61.6548645, -35.07942884], [-61.65175507, -35.07009821], [-61.64917367, -35.06184202], [-61.64669903, -35.05414209], [-61.64510003, -35.04914046], [-61.63734085, -35.03637727], [-61.63529332, -35.03292675], [-61.63328972, -35.02955843], [-61.63218981, -35.02777532], [-61.63119579, -35.02646989], [-61.62998056, -35.02490603], [-61.62879194, -35.02334238], [-61.62721254, -35.02140596], [-61.62501246, -35.01840535], [-61.62253326, -35.01529599], [-61.62072725, -35.01300923], [-61.61862233, -35.0103563], [-61.61593113, -35.00701399], [-61.61239418, -35.00242737], [-61.61010902, -34.99927174], [-61.60983806, -34.99887209], [-61.60926733, -34.99845656], [-61.60804143, -34.99773291], [-61.60505281, -34.99574325], [-61.60387349, -34.99496557], [-61.60300177, -34.99436412], [-61.60259482, -34.99402958], [-61.60177187, -34.99285985], [-61.59987239, -34.99017961], [-61.59896565, -34.98885566], [-61.59839681, -34.98828736], [-61.59783383, -34.98791029], [-61.59712906, -34.98749252], [-61.5965472, -34.98716643], [-61.59584373, -34.98672729], [-61.59565645, -34.9864734], [-61.59501888, -34.98535853], [-61.59427848, -34.98400364], [-61.59271513, -34.98132535], [-61.59208762, -34.9801864], [-61.59083285, -34.97798745], [-61.5899697, -34.97642019], [-61.58824073, -34.97342394], [-61.58721548, -34.97156553], [-61.5860011, -34.96938847], [-61.58396542, -34.96592389], [-61.58357417, -34.96523193], [-61.58328713, -34.96454919], [-61.58295473, -34.96352731], [-61.58253919, -34.96218464], [-61.58209305, -34.96098302], [-61.581751, -34.96004015], [-61.58122157, -34.95853217], [-61.58061183, -34.95682788], [-61.58035301, -34.95605282], [-61.58021798, -34.9556156], [-61.58019359, -34.95546891], [-61.58022842, -34.9553547], [-61.58077118, -34.95489671], [-61.58236393, -34.95356128], [-61.58711344, -34.94965422], [-61.59306754, -34.9447031], [-61.59883785, -34.93994914], [-61.60124472, -34.93790008], [-61.60147309, -34.9376151], [-61.6015315, -34.93738401], [-61.60175964, -34.93716559], [-61.60520042, -34.93429249], [-61.61125441, -34.92924531], [-61.61520834, -34.92592385], [-61.61566096, -34.92556856], [-61.61570137, -34.92540459], [-61.61568161, -34.92529793], [-61.61560184, -34.92519118], [-61.61502242, -34.92469153], [-61.61340557, -34.92329704], [-61.60955116, -34.92006305], [-61.6055881, -34.91679185], [-61.60159726, -34.91341659], [-61.59763784, -34.91008058], [-61.59191051, -34.9052843], [-61.58582425, -34.90024272], [-61.58178987, -34.8968041], [-61.57806007, -34.89363347], [-61.57396161, -34.89048003], [-61.57150323, -34.8884098], [-61.56804387, -34.88551176], [-61.56490883, -34.88293942], [-61.56068746, -34.87937459], [-61.55777173, -34.87693356], [-61.55359667, -34.87333671], [-61.54872383, -34.86925385], [-61.54646015, -34.86739289]]]}}, {"type": "Feature", "properties": {"municipio_": "06469", "municipi_1": "Lincoln", "rtn": "69", "typ": 40, "rst": 3, "hct": 2, "fdc": "DVP Buenos Aires", "sag": "IGN", "long_km": 63.765, "partido": "Lincoln"}, "geometry": {"type": "MultiLineString", "coordinates": [[[-61.8111676, -35.3636882], [-61.8095078, -35.36498029], [-61.807678, -35.36639964], [-61.80642164, -35.36739901], [-61.8037733, -35.36946201], [-61.80052534, -35.37203182], [-61.79783417, -35.3741662], [-61.79500737, -35.37638624], [-61.79208063, -35.37869194], [-61.78888977, -35.38116895], [-61.78557043, -35.3837816], [-61.78308627, -35.38570183], [-61.78269366, -35.38602306], [-61.78257944, -35.38612299], [-61.78249378, -35.38622293], [-61.78245095, -35.38633714], [-61.78247237, -35.38647277], [-61.78280787, -35.38705812], [-61.78370017, -35.38860715], [-61.78375133, -35.38872674], [-61.78379297, -35.38886413], [-61.78377869, -35.38896407], [-61.78372159, -35.38908542], [-61.78360737, -35.38925674], [-61.78316479, -35.38959939], [-61.78216599, -35.39040257], [-61.77982222, -35.39229424], [-61.77737138, -35.39427514], [-61.77495027, -35.39623225], [-61.77251133, -35.39822505], [-61.77007238, -35.40017026], [-61.76708021, -35.40259136], [-61.76466505, -35.40458416], [-61.76220231, -35.40652937], [-61.75953137, -35.40865899], [-61.75722329, -35.41049712], [-61.755403, -35.41195454], [-61.75532567, -35.41204972], [-61.75528998, -35.41218654], [-61.75529593, -35.41229361], [-61.75532567, -35.41237689], [-61.75548033, -35.4125732], [-61.75744934, -35.41417339], [-61.75951947, -35.41588065], [-61.76188703, -35.41783181], [-61.76483756, -35.42024101], [-61.76668165, -35.42172223], [-61.76853763, -35.42322129], [-61.77080406, -35.42508916], [-61.77363562, -35.42742104], [-61.77518227, -35.42867025], [-61.7761519, -35.42948522], [-61.7777045, -35.43077608], [-61.77787106, -35.43093074], [-61.77797219, -35.43108541], [-61.77840049, -35.4317933], [-61.77856111, -35.43203124], [-61.77879905, -35.43230488], [-61.77904295, -35.43253688], [-61.77979843, -35.43314959], [-61.7812261, -35.43431553], [-61.78346874, -35.43614771], [-61.78583036, -35.43807507], [-61.78771013, -35.43963957], [-61.79008959, -35.44163237], [-61.79234413, -35.44346455], [-61.79256423, -35.44364301], [-61.7927308, -35.44379768], [-61.79282597, -35.44392855], [-61.7929152, -35.44410701], [-61.792939, -35.44426167], [-61.79289141, -35.44448772], [-61.79276054, -35.44468998], [-61.79237983, -35.4450231], [-61.79005985, -35.44695046], [-61.7876209, -35.44894921], [-61.78490832, -35.45114426], [-61.78269278, -35.45296805], [-61.78090342, -35.45440524], [-61.78072258, -35.45462415], [-61.78066548, -35.45478595], [-61.78065596, -35.45492872], [-61.78072258, -35.45509053], [-61.7813698, -35.45604231], [-61.78317819, -35.4587549], [-61.7855291, -35.46225746], [-61.78733749, -35.46498908], [-61.78917919, -35.46782302], [-61.79041413, -35.46987888], [-61.79202027, -35.47254149], [-61.79394763, -35.47572521], [-61.79553235, -35.47835927], [-61.7970671, -35.48095765], [-61.79833773, -35.48313485], [-61.79990104, -35.48576178], [-61.80145721, -35.48836015], [-61.80284919, -35.49073009], [-61.80439108, -35.49330705], [-61.80574024, -35.49559133], [-61.80723216, -35.49811832], [-61.80834575, -35.49998858], [-61.80955927, -35.50188738], [-61.81026597, -35.5028011], [-61.81154374, -35.50424305], [-61.81303566, -35.50589202], [-61.81465608, -35.50774086], [-61.81512721, -35.50830479], [-61.81539133, -35.50866171], [-61.81554838, -35.50896866], [-61.81571256, -35.50947549], [-61.81587674, -35.50998945], [-61.81636929, -35.51197392], [-61.81709027, -35.51462226], [-61.8178041, -35.51733485], [-61.81858219, -35.52021875], [-61.81923178, -35.52266722], [-61.8199599, -35.52540122], [-61.82071656, -35.52831368], [-61.82142326, -35.5308478], [-61.82205144, -35.53319633], [-61.82279383, -35.53602313], [-61.82345057, -35.53854298], [-61.82413585, -35.54105569], [-61.82473547, -35.54336853], [-61.82539934, -35.5457813], [-61.82608463, -35.5485153], [-61.82630592, -35.54938619], [-61.8263773, -35.54971455], [-61.82639872, -35.55057116], [-61.82641299, -35.5510066], [-61.82642013, -35.55131355], [-61.82647724, -35.55174185], [-61.82654862, -35.55203453], [-61.82694837, -35.55330516], [-61.8276408, -35.55551806], [-61.82841888, -35.55802363], [-61.82916127, -35.56035788], [-61.83024631, -35.56389138], [-61.83118143, -35.56686809], [-61.83194524, -35.56929514], [-61.83282326, -35.57210052], [-61.83347999, -35.5742349], [-61.83447223, -35.57743289], [-61.83538594, -35.58035963], [-61.83622827, -35.58311505], [-61.83727048, -35.58609175], [-61.83826271, -35.58884003], [-61.83924781, -35.591624], [-61.84014724, -35.59405105], [-61.84099671, -35.59642813], [-61.84176766, -35.59854823], [-61.84260999, -35.60075399], [-61.84266709, -35.60099669], [-61.84264568, -35.60110377], [-61.84257429, -35.60127509], [-61.84130366, -35.6036379], [-61.84019007, -35.60579369], [-61.8388552, -35.60829926], [-61.83745607, -35.61088336], [-61.83624255, -35.61320333], [-61.83465069, -35.61616576], [-61.83383691, -35.61769337], [-61.83260197, -35.62001335], [-61.83120999, -35.62271166], [-61.83053898, -35.62392518], [-61.83049615, -35.6240394], [-61.83046046, -35.62419644], [-61.83051043, -35.62447484], [-61.8306175, -35.62468899], [-61.83078882, -35.62485317], [-61.83311594, -35.62670201], [-61.83590704, -35.62899343], [-61.83819846, -35.63087083], [-61.8408825, -35.63304803], [-61.84241725, -35.6342687], [-61.84254574, -35.63440433], [-61.8426314, -35.63455423], [-61.84263854, -35.63467559], [-61.84261712, -35.63476838], [-61.8423887, -35.63499681], [-61.83986171, -35.63705981], [-61.8366423, -35.6397367], [-61.83371556, -35.64214947], [-61.83357279, -35.64230652], [-61.83351569, -35.64244928], [-61.83347999, -35.64258491], [-61.83358707, -35.64465505], [-61.83361562, -35.6453903], [-61.83357279, -35.64566156], [-61.83325157, -35.6465253], [-61.83322301, -35.64662524], [-61.8332587, -35.64669662], [-61.83330867, -35.64674659], [-61.83345858, -35.64679656], [-61.83387974, -35.64687508], [-61.83436515, -35.64693933], [-61.83475776, -35.6469893], [-61.83502188, -35.6470464], [-61.83816277, -35.64781735], [-61.84195325, -35.64878103], [-61.84360222, -35.64913795], [-61.84431606, -35.64929499], [-61.84500848, -35.64950915], [-61.84563666, -35.64973044], [-61.84642188, -35.65003739], [-61.84695012, -35.65034434], [-61.84740698, -35.65065129], [-61.84784956, -35.65098679], [-61.848285, -35.65138654], [-61.84867761, -35.65176487], [-61.84897742, -35.65211466], [-61.84937717, -35.65265003], [-61.84974837, -35.65330677], [-61.84994111, -35.65372793], [-61.85022664, -35.6545774], [-61.85093334, -35.65739706], [-61.85169715, -35.66042373], [-61.85236816, -35.66316487], [-61.85265369, -35.66434984], [-61.85273221, -35.66458541], [-61.85282501, -35.66483525], [-61.85294636, -35.66509224], [-61.85318907, -35.66540632], [-61.85345319, -35.66575611], [-61.85364593, -35.66605592], [-61.85389577, -35.66652705], [-61.85405995, -35.66698391], [-61.85447398, -35.66858291], [-61.85504505, -35.67086005], [-61.85567323, -35.67335135], [-61.85619433, -35.67544289], [-61.85644417, -35.67642799], [-61.85712232, -35.67916199], [-61.85781474, -35.68190313], [-61.8585143, -35.68460144], [-61.85911393, -35.68699279], [-61.85986346, -35.68996236], [-61.86051305, -35.6926107], [-61.86088351, -35.69402827], [-61.86154024, -35.69659808], [-61.86218983, -35.69915363], [-61.86286084, -35.7019019], [-61.86357468, -35.7047287], [-61.86384594, -35.70582088], [-61.86393873, -35.70611355], [-61.8640815, -35.7064205], [-61.86421713, -35.70662037], [-61.86438131, -35.70681311], [-61.86530217, -35.7075555], [-61.86757931, -35.70936151], [-61.86757931, -35.70945431], [-61.86755789, -35.70953283], [-61.86747223, -35.70966133], [-61.86696541, -35.71003252], [-61.86498808, -35.71162438], [-61.86208989, -35.7140086], [-61.85934875, -35.71621436], [-61.85653623, -35.71853434], [-61.85381651, -35.72076865], [-61.85118244, -35.72294586], [-61.8481986, -35.72535149], [-61.84699935, -35.72637942], [-61.84417255, -35.72865656], [-61.84166698, -35.73073383], [-61.83850468, -35.73331079], [-61.83662728, -35.73478843], [-61.83619868, -35.73514088], [-61.83285108, -35.73789363], [-61.83035264, -35.73994235], [-61.82739021, -35.74234798], [-61.82512735, -35.74420396], [-61.82231433, -35.74649028], [-61.82230324, -35.7464993], [-61.82177231, -35.74693082], [-61.81887412, -35.74932218], [-61.8159688, -35.75168499], [-61.8130492, -35.75406921], [-61.81044369, -35.75621072], [-61.80780963, -35.75835937], [-61.80569667, -35.76005117], [-61.80565384, -35.76013683], [-61.8056467, -35.76019394], [-61.80566811, -35.76027246], [-61.80569667, -35.76032243], [-61.80620349, -35.76071504], [-61.80855202, -35.76261385], [-61.81170005, -35.76519081], [-61.81449829, -35.76748223], [-61.81873393, -35.77090148], [-61.82394495, -35.77514168], [-61.8261864, -35.7769691], [-61.82622923, -35.77702248], [-61.82622923, -35.77707618], [-61.82619354, -35.7771547], [-61.82600794, -35.77730461], [-61.82353092, -35.77934619], [-61.82044, -35.78186603], [-61.8170921, -35.78457862], [-61.81385841, -35.78721268], [-61.81092454, -35.7895969], [-61.8082762, -35.79180266], [-61.80602415, -35.79359466], [-61.80597056, -35.7936373]]]}}, {"type": "Feature", "properties": {"municipio_": "06469", "municipi_1": "Lincoln", "rtn": "64", "typ": 40, "rst": 3, "hct": 2, "fdc": "DVP Buenos Aires", "sag": "IGN", "long_km": 59.227, "partido": "Lincoln"}, "geometry": {"type": "MultiLineString", "coordinates": [[[-61.0122306, -35.0003765], [-61.01520179, -35.00005103], [-61.0171577, -34.99989398], [-61.01812852, -34.99985115], [-61.02095532, -34.99957989], [-61.02103385, -34.99952992], [-61.02108381, -34.9994514], [-61.02109095, -34.99933719], [-61.02108381, -34.99921583], [-61.02111237, -34.99910162], [-61.02118375, -34.99903024], [-61.02179765, -34.99896599], [-61.02583084, -34.99857338], [-61.02924299, -34.99823074], [-61.03137022, -34.99803086], [-61.03155582, -34.99801659], [-61.03169145, -34.99805942], [-61.03174142, -34.99823788], [-61.03185563, -34.99883036], [-61.03187705, -34.99894458], [-61.03193416, -34.99900882], [-61.03208406, -34.99905165], [-61.03533203, -34.99875898], [-61.03640278, -34.99867332], [-61.03648131, -34.99867332], [-61.03658124, -34.99867332], [-61.03668118, -34.99873042], [-61.03683109, -34.99886605], [-61.03710948, -34.99909448], [-61.0372237, -34.99919442], [-61.03730936, -34.99922297], [-61.0374664, -34.99913731], [-61.03763773, -34.99900882], [-61.03791612, -34.99878039], [-61.03823021, -34.99849486], [-61.03837298, -34.9984092], [-61.0385443, -34.99834495], [-61.03960792, -34.99823074], [-61.03975069, -34.99825215], [-61.0398649, -34.99829498], [-61.03993628, -34.99830926], [-61.04003622, -34.99830926], [-61.04021468, -34.99827357], [-61.04119978, -34.99817363], [-61.04177085, -34.99813794], [-61.041985, -34.99804514], [-61.04276308, -34.99741696], [-61.04308431, -34.99712429], [-61.04326277, -34.99702435], [-61.04333415, -34.99698152], [-61.04344123, -34.99698152], [-61.04356972, -34.99702435], [-61.04375532, -34.99717426], [-61.04389809, -34.9973313], [-61.04400516, -34.9974241], [-61.04413365, -34.99748121], [-61.0442907, -34.9975169], [-61.04553278, -34.99740269], [-61.04885212, -34.99708146], [-61.05229996, -34.99672454], [-61.05585488, -34.9963819], [-61.05933127, -34.99603925], [-61.06226515, -34.99569661], [-61.06585575, -34.99535397], [-61.06847554, -34.99508985], [-61.07301555, -34.99465441], [-61.07840503, -34.99411903], [-61.08106051, -34.99385491], [-61.08211699, -34.99367645], [-61.08353039, -34.99330525], [-61.0847225, -34.99291264], [-61.08615731, -34.99235585], [-61.08790622, -34.99148497], [-61.08893415, -34.99084965], [-61.09083296, -34.98958616], [-61.09290309, -34.98817989], [-61.09600114, -34.98608121], [-61.0973503, -34.98516036], [-61.09934905, -34.98379693], [-61.1018689, -34.98204802], [-61.10481705, -34.980035], [-61.1073012, -34.97830751], [-61.11100603, -34.97582335], [-61.11425399, -34.97358904], [-61.11743057, -34.97141897], [-61.12112825, -34.96880632], [-61.12441905, -34.96658629], [-61.12820953, -34.96398078], [-61.13120765, -34.96194634], [-61.13420577, -34.95987621], [-61.13792487, -34.95735636], [-61.14096582, -34.9552434], [-61.14485624, -34.95262361], [-61.14783294, -34.95055348], [-61.15091673, -34.9484191], [-61.15452161, -34.94601347], [-61.15478573, -34.94567082], [-61.15493563, -34.94523538], [-61.15507126, -34.94495699], [-61.15536394, -34.94470714], [-61.15778385, -34.94299393], [-61.15962555, -34.94176613], [-61.1610104, -34.94079531], [-61.16120314, -34.94070251], [-61.16138159, -34.94068109], [-61.16155292, -34.9407382], [-61.16177421, -34.94084528], [-61.16193125, -34.940831], [-61.16211685, -34.94073106], [-61.16477947, -34.93893219], [-61.16832724, -34.93649086], [-61.17148955, -34.93429938], [-61.17390946, -34.93260758], [-61.17622943, -34.93110138], [-61.17974765, -34.92870241], [-61.18328115, -34.92625157], [-61.18706449, -34.92370554], [-61.19176393, -34.92052896], [-61.19596367, -34.91760223], [-61.19730483, -34.91669168], [-61.19730979, -34.91668832], [-61.20081777, -34.91430667], [-61.20590982, -34.91080886], [-61.206005, -34.91073748], [-61.20613587, -34.91073748], [-61.20631433, -34.91074938], [-61.2064333, -34.91082076], [-61.20652848, -34.91092784], [-61.20662366, -34.91097543], [-61.20676643, -34.91096353], [-61.20692109, -34.91085645], [-61.20882466, -34.90948826], [-61.21319097, -34.90652583], [-61.2166055, -34.90424155], [-61.21722416, -34.90389653], [-61.21783092, -34.9035872], [-61.21846148, -34.90327787], [-61.22004382, -34.90255213], [-61.22445772, -34.90055339], [-61.22794363, -34.89898294], [-61.2307157, -34.89773373], [-61.23496304, -34.89580636], [-61.23882966, -34.89405746], [-61.24381464, -34.89184456], [-61.2492755, -34.88938182], [-61.25417719, -34.88713323], [-61.25923354, -34.88482515], [-61.26639572, -34.88163667], [-61.27326047, -34.87848389], [-61.27636704, -34.87709607], [-61.2801847, -34.87539059], [-61.28474136, -34.87336805], [-61.28515777, -34.87328476], [-61.28560987, -34.87315389], [-61.29095652, -34.87077919], [-61.2959058, -34.86850681], [-61.29905858, -34.86699585], [-61.29961775, -34.86673411], [-61.30006985, -34.86657944], [-61.30056954, -34.86646047], [-61.30108112, -34.86630581], [-61.30183065, -34.86612735], [-61.30269916, -34.86594889], [-61.30393648, -34.86579422], [-61.30505482, -34.86566335], [-61.30628025, -34.86562766], [-61.31161024, -34.86552058], [-61.32028337, -34.86538971], [-61.329016, -34.86519936], [-61.33574987, -34.86508038], [-61.34370917, -34.86491382], [-61.35163277, -34.86479485], [-61.36218568, -34.86461639], [-61.37038293, -34.86444983], [-61.3793178, -34.86425947], [-61.38714623, -34.86409291], [-61.39460584, -34.86396204], [-61.40280308, -34.86381927], [-61.41208298, -34.86364081], [-61.42141047, -34.86346235], [-61.4300836, -34.86330768], [-61.43863776, -34.86311733], [-61.44587133, -34.86299835], [-61.4526052, -34.862808], [-61.45597214, -34.86273661], [-61.45628147, -34.86277231], [-61.4565908, -34.86292697], [-61.45757827, -34.86381927], [-61.45822073, -34.86428326], [-61.46020758, -34.86596078], [-61.46340795, -34.86875665], [-61.463634, -34.86887562], [-61.46391954, -34.86894701], [-61.46416938, -34.86894701], [-61.46437163, -34.86891132], [-61.46614433, -34.86751933], [-61.46770288, -34.86622252], [-61.46800031, -34.86612735], [-61.46820257, -34.86612735], [-61.46842862, -34.86615114], [-61.46874984, -34.86630581], [-61.47079618, -34.86801902], [-61.47543613, -34.87192133], [-61.47986193, -34.87569278], [-61.48283253, -34.87816929], [-61.4857273, -34.88058257], [-61.49084314, -34.88491319], [-61.49175923, -34.88560323], [-61.49379367, -34.88729265], [-61.49400782, -34.88744732], [-61.49419818, -34.8875187], [-61.4945903, -34.8875866]]]}}, {"type": "Feature", "properties": {"municipio_": "06469", "municipi_1": "Lincoln", "rtn": "68", "typ": 40, "rst": 1, "hct": 2, "fdc": "DVP Buenos Aires", "sag": "IGN", "long_km": 0.141, "partido": "Lincoln"}, "geometry": {"type": "MultiLineString", "coordinates": [[[-61.65770133, -34.82838257], [-61.65751573, -34.82825408], [-61.65715167, -34.82791857], [-61.65698392, -34.82779722], [-61.65685186, -34.82773298], [-61.65667037, -34.82766431]]]}}, {"type": "Feature", "properties": {"municipio_": "06469", "municipi_1": "Lincoln", "rtn": "70", "typ": 40, "rst": 1, "hct": 2, "fdc": "DVP Buenos Aires", "sag": "IGN", "long_km": 15.551, "partido": "Lincoln"}, "geometry": {"type": "MultiLineString", "coordinates": [[[-61.62451974, -35.32909669], [-61.6239871, -35.3289884], [-61.6223794, -35.3286678], [-61.6208887, -35.3283705], [-61.6196677, -35.328121], [-61.6183874, -35.3278687], [-61.6171557, -35.3276173], [-61.6160611, -35.32738843], [-61.6160279, -35.32737204], [-61.61600173, -35.32735419], [-61.61598626, -35.32733813], [-61.61597734, -35.32731452], [-61.6160421, -35.3270623], [-61.6161246, -35.3268318], [-61.6161164, -35.3267286], [-61.6160466, -35.3266529], [-61.6105176, -35.3255289], [-61.6091478, -35.3252455], [-61.6060171, -35.3245838], [-61.604895, -35.3243713], [-61.5974322, -35.3228639], [-61.5937954, -35.3222015], [-61.5934819, -35.3221192], [-61.5932063, -35.3220048], [-61.5929447, -35.3217654], [-61.5927809, -35.3215535], [-61.5925961, -35.3214019], [-61.5923433, -35.3212552], [-61.5895732, -35.3206886], [-61.5823439, -35.3192256], [-61.5822238, -35.319218], [-61.5820995, -35.3192536], [-61.5817098, -35.3194667], [-61.5815047, -35.3195206], [-61.5814003, -35.3195229], [-61.5813365, -35.3195243], [-61.5773389, -35.3187042], [-61.5649605, -35.3161649], [-61.5501072, -35.3131276], [-61.5463403, -35.3123573], [-61.5443478, -35.3119499], [-61.5413673, -35.3113682], [-61.5341194, -35.3108718], [-61.5259735, -35.3104912], [-61.5240365, -35.3104007], [-61.5175815, -35.3100371], [-61.5166379, -35.309984], [-61.5141634, -35.3098163], [-61.5133768, -35.3097141], [-61.5124932, -35.3095581], [-61.4917268, -35.3057852], [-61.4910512, -35.3056084], [-61.4904519, -35.3052533], [-61.4897085, -35.3044957], [-61.4894626, -35.3043356], [-61.489237, -35.3042484], [-61.4889297, -35.3042125], [-61.48857779, -35.30421169]]]}}, {"type": "Feature", "properties": {"municipio_": "06469", "municipi_1": "Lincoln", "rtn": "50", "typ": 40, "rst": 1, "hct": 2, "fdc": "DVP Buenos Aires", "sag": "IGN", "long_km": 100.101, "partido": "Lincoln"}, "geometry": {"type": "MultiLineString", "coordinates": [[[-61.4982509, -34.8424376], [-61.4981716, -34.8433999], [-61.4980639, -34.8452787], [-61.4980385, -34.8457495], [-61.4979489, -34.8476572], [-61.4979131, -34.8485824], [-61.4976304, -34.8544955], [-61.4976177, -34.8546696], [-61.4975773, -34.8552225], [-61.4975629, -34.8553741], [-61.4970543, -34.8607392], [-61.4969521, -34.861817], [-61.496909, -34.8624802], [-61.4964102, -34.8679229], [-61.4963462, -34.8686215], [-61.4962711, -34.8692756], [-61.4957012, -34.8752425], [-61.4950484, -34.8826177], [-61.4950013, -34.8831293], [-61.4945903, -34.8875866], [-61.4945342, -34.8883105], [-61.4939423, -34.8945767], [-61.4939305, -34.8947014], [-61.493844, -34.8956683], [-61.4936785, -34.8972101], [-61.4936355, -34.8976103], [-61.4932845, -34.9014589], [-61.492426, -34.9110093], [-61.4919752, -34.9157052], [-61.4918786, -34.9166299], [-61.4918675, -34.9167363], [-61.4914834, -34.920413], [-61.4911487, -34.9236587], [-61.4910874, -34.9245221], [-61.4910719, -34.9249804], [-61.4911008, -34.9253842], [-61.4921982, -34.9349891], [-61.4922991, -34.935872], [-61.4930651, -34.9425756], [-61.4931029, -34.942906], [-61.4931881, -34.9437285], [-61.4934343, -34.945805], [-61.4934615, -34.9463258], [-61.4934665, -34.9468647], [-61.4934414, -34.9472808], [-61.4933941, -34.9477332], [-61.4932036, -34.9487687], [-61.4910301, -34.9581524], [-61.4908191, -34.959068], [-61.4906293, -34.9599542], [-61.4904839, -34.9607859], [-61.4899961, -34.9643879], [-61.489065, -34.9718893], [-61.4889866, -34.9724352], [-61.4888638, -34.9729993], [-61.4887056, -34.973441], [-61.4882362, -34.9746916], [-61.4853341, -34.9815573], [-61.4850641, -34.9823302], [-61.4849271, -34.9827582], [-61.4848513, -34.9830781], [-61.4848244, -34.9833242], [-61.4842212, -34.9922253], [-61.4813439, -35.0351723], [-61.4811605, -35.0371429], [-61.4810363, -35.0380858], [-61.4808899, -35.0391013], [-61.4777763, -35.0577149], [-61.4777047, -35.058143], [-61.4747922, -35.0755623], [-61.4745579, -35.0769633], [-61.4733509, -35.084179], [-61.4719975, -35.0918326], [-61.4645963, -35.1359813], [-61.4644725, -35.1370074], [-61.4644346, -35.1382377], [-61.4688278, -35.2058866], [-61.4687895, -35.2074541], [-61.4656714, -35.246821], [-61.4656105, -35.2483758], [-61.4657363, -35.249362], [-61.4658724, -35.2500059], [-61.4659317, -35.2502866], [-61.466457, -35.2516017], [-61.4668001, -35.2522148], [-61.4671431, -35.2528278], [-61.4829313, -35.2719314], [-61.4868398, -35.2765704], [-61.4877038, -35.2777509], [-61.4883509, -35.2789627], [-61.4889822, -35.2804093], [-61.4893347, -35.2817332], [-61.4895991, -35.2832329], [-61.4896441, -35.2845897], [-61.48857779, -35.30421169], [-61.48855102, -35.30470433], [-61.48845822, -35.30628905], [-61.48842967, -35.30696006], [-61.48842725, -35.30703076], [-61.4882965, -35.3108556], [-61.4883345, -35.3118815], [-61.4884584, -35.3129073], [-61.4889207, -35.3143988], [-61.4901717, -35.3172609], [-61.4909686, -35.3189393], [-61.501554, -35.3415824], [-61.5127294, -35.3603743], [-61.5133527, -35.3613354], [-61.5138274, -35.3620995], [-61.5145302, -35.363087], [-61.5150994, -35.3637786], [-61.5159919, -35.3647437], [-61.5172623, -35.3658717], [-61.5249543, -35.3722798], [-61.5315855, -35.3778313], [-61.5319161, -35.3781706], [-61.5324578, -35.3787383], [-61.5328932, -35.3792662], [-61.5333553, -35.3799319], [-61.5336837, -35.3804745], [-61.5340312, -35.3811887], [-61.5343833, -35.3821069], [-61.5346017, -35.3828483], [-61.5347516, -35.3835861], [-61.5348449, -35.3841469], [-61.5348625, -35.3846442], [-61.53488, -35.3851415], [-61.5351882, -35.4064304], [-61.5353287, -35.4179726], [-61.5353388, -35.4188012], [-61.5351913, -35.4390794], [-61.5350463, -35.4590086], [-61.5348907, -35.4600773], [-61.529714, -35.4818565], [-61.5296762, -35.4820317], [-61.529475, -35.4828121], [-61.5290075, -35.4847365], [-61.5287685, -35.4862166], [-61.5286153, -35.4877317], [-61.5278137, -35.49593], [-61.52673198, -35.50752387], [-61.52671414, -35.5077975], [-61.52648987, -35.51015119], [-61.5255187, -35.5199467], [-61.52544787, -35.52061451], [-61.52259311, -35.5309085], [-61.52248603, -35.53127435], [-61.5187227, -35.5446649], [-61.5131414, -35.56468], [-61.5124787, -35.5670564], [-61.512284, -35.5676563], [-61.5120333, -35.5682563], [-61.5116846, -35.5688445], [-61.5112393, -35.5695645], [-61.5105742, -35.5704328], [-61.5097212, -35.5713491], [-61.5089, -35.5720814], [-61.5046159, -35.5754117], [-61.5044861, -35.5755128], [-61.5043766, -35.575598], [-61.5006645, -35.5785284], [-61.4916513, -35.5855997], [-61.4910052, -35.5860644], [-61.4903311, -35.5865026], [-61.489735, -35.5868325], [-61.4889908, -35.5871827], [-61.4881528, -35.5875402], [-61.4813086, -35.5903845], [-61.4804469, -35.590799], [-61.4799465, -35.5910598], [-61.4791796, -35.5915172], [-61.4783515, -35.5920765], [-61.4718108, -35.5973053], [-61.4637263, -35.6036929], [-61.46257521, -35.6046572], [-61.45564491, -35.6101324], [-61.4476082, -35.616453], [-61.4371592, -35.6247413], [-61.4339446, -35.6272841], [-61.4332536, -35.6278471], [-61.4243487, -35.6348726], [-61.4234228, -35.6355904], [-61.4117932, -35.644665], [-61.411495, -35.6449134], [-61.4006166, -35.653564], [-61.3988169, -35.6549948], [-61.3984668, -35.6553065], [-61.39828297, -35.65545671]]]}}, {"type": "Feature", "properties": {"municipio_": "06154", "municipi_1": "Carlos Tejedor", "rtn": "66", "typ": 40, "rst": 3, "hct": 2, "fdc": "DVP Buenos Aires", "sag": "IGN", "long_km": 90.286, "partido": "Carlos Tejedor"}, "geometry": {"type": "MultiLineString", "coordinates": [[[-62.39390247, -35.38275019], [-62.3960899, -35.3748301], [-62.3985954, -35.3658321], [-62.40101211, -35.35713044], [-62.40101782, -35.35707762], [-62.40100954, -35.35705201], [-62.40098815, -35.35703982], [-62.40092083, -35.35702432], [-62.3872064, -35.3544747], [-62.386931, -35.3544373], [-62.3867413, -35.3543924], [-62.38669787, -35.35435541], [-62.38668661, -35.35433093], [-62.3866944, -35.35430008], [-62.3867413, -35.3542202], [-62.3869034, -35.3540705], [-62.3906979, -35.3509298], [-62.3909272, -35.3507533], [-62.3910051, -35.3506016], [-62.3909878, -35.3504816], [-62.3908746, -35.3503466], [-62.3784847, -35.3380039], [-62.3717379, -35.3311907], [-62.34436308, -35.30395396], [-62.34428218, -35.30389685], [-62.3441563, -35.30386972], [-62.34402281, -35.30388019], [-62.34398641, -35.30388828], [-62.3439081, -35.3039225], [-62.3433145, -35.304417], [-62.34289333, -35.30483616], [-62.34277674, -35.30490993], [-62.34270631, -35.30492944], [-62.3426078, -35.3049361], [-62.3424271, -35.3049164], [-62.3421803, -35.3047977], [-62.30842822, -35.27778554], [-62.30840232, -35.2777578], [-62.30839566, -35.27774543], [-62.30839455, -35.2777308], [-62.30840026, -35.27771081], [-62.31999884, -35.26831798], [-62.3200804, -35.2682319], [-62.320034, -35.2681393], [-62.3074478, -35.2579155], [-62.30185576, -35.25342536], [-62.30181829, -35.25339595], [-62.30180401, -35.25338239], [-62.30179901, -35.25336383], [-62.30180301, -35.25334294], [-62.30244191, -35.25281482], [-62.3088132, -35.2475483], [-62.3319098, -35.2284671], [-62.3367574, -35.2244728], [-62.3480883, -35.215132], [-62.3481264, -35.2149597], [-62.348028, -35.2147943], [-62.3470038, -35.2139805], [-62.346134, -35.2133042], [-62.3459099, -35.2131002], [-62.3458216, -35.2128493], [-62.3458519, -35.2126689], [-62.3459316, -35.2125116], [-62.3568627, -35.199089], [-62.3627935, -35.1922539], [-62.363166, -35.1919746], [-62.3635543, -35.1917722], [-62.3742984, -35.1883298], [-62.3766436, -35.1875797], [-62.3770007, -35.1874257], [-62.3774075, -35.1871014], [-62.3861178, -35.1799742], [-62.3919489, -35.17523745], [-62.3972493, -35.1709318], [-62.4006455, -35.1681727], [-62.4204241, -35.1520157], [-62.4205037, -35.1519167], [-62.4205222, -35.1518113], [-62.420445, -35.1516815], [-62.41439915, -35.14623267], [-62.41436298, -35.14615463], [-62.41433253, -35.14606706], [-62.4143695, -35.1459798], [-62.4144545, -35.1458884], [-62.416809, -35.1439789], [-62.4169012, -35.143856], [-62.4169106, -35.1437438], [-62.4168272, -35.1436373], [-62.411403, -35.1392822], [-62.39738227, -35.12774321], [-62.39735747, -35.12770876], [-62.39735675, -35.12769092], [-62.39737109, -35.12767254], [-62.39739596, -35.12765705], [-62.4229029, -35.1258779], [-62.4261093, -35.1256802], [-62.4337537, -35.1252088], [-62.435476, -35.1251618], [-62.436739, -35.1252088], [-62.4474657, -35.1263507], [-62.44769, -35.1263387], [-62.4478046, -35.1263064], [-62.447867, -35.1262292], [-62.4478953, -35.1260815], [-62.4479277, -35.1258951], [-62.4479844, -35.1258101], [-62.4480936, -35.1257519], [-62.4482666, -35.1257313], [-62.4511106, -35.1260146], [-62.4675114, -35.1277675], [-62.4810713, -35.1292168], [-62.49999338, -35.13129035], [-62.50002954, -35.1312637], [-62.50004477, -35.13125037], [-62.50004953, -35.13122658], [-62.50004953, -35.13119898], [-62.4917782, -35.1196081], [-62.49080631, -35.11825563], [-62.4778845, -35.1002737], [-62.4692016, -35.088163], [-62.4636529, -35.0804737], [-62.4635983, -35.0803006], [-62.4636185, -35.0801354], [-62.4637181, -35.0799739], [-62.4638502, -35.0798138], [-62.46861615, -35.07590191], [-62.4715633, -35.0734829], [-62.4716669, -35.0733377], [-62.4717029, -35.0731657], [-62.4716712, -35.0730187], [-62.4715765, -35.0728545], [-62.4605511, -35.0632572], [-62.4577078, -35.0607607], [-62.4432981, -35.0481862], [-62.4431442, -35.0480518], [-62.4430808, -35.0479431], [-62.4430175, -35.0478], [-62.4416154, -35.0412784], [-62.4394591, -35.0314533], [-62.4387651, -35.0283693], [-62.4374201, -35.0223921], [-62.4329019, -35.0024661], [-62.4313355, -34.9955571], [-62.4313684, -34.9953741], [-62.4315051, -34.9952819], [-62.4316685, -34.9952504], [-62.433217, -34.9952801], [-62.4333907, -34.9952093], [-62.4335106, -34.9950774], [-62.4335809, -34.9949335], [-62.4348993, -34.9830603], [-62.4349212, -34.9820836], [-62.4381884, -34.9530506], [-62.4385368, -34.9505565], [-62.4384914, -34.9504808], [-62.4383936, -34.9504317], [-62.4344634, -34.9503189], [-62.4356012, -34.9390895], [-62.4368698, -34.9278448], [-62.4369268, -34.9277174], [-62.4370263, -34.9275957], [-62.4372105, -34.927559], [-62.4407688, -34.927716], [-62.4409241, -34.9276938], [-62.4410429, -34.9275491], [-62.4416333, -34.922161], [-62.4435646, -34.904531], [-62.4436781, -34.903495], [-62.4437236, -34.9033803], [-62.4437935, -34.9033131], [-62.4439092, -34.9032832], [-62.4447488, -34.9032966], [-62.4448975, -34.9032694], [-62.4450205, -34.9032123], [-62.4450894, -34.9031552], [-62.4451351, -34.9030323], [-62.4457152, -34.8924058], [-62.4468256, -34.8725672], [-62.44699337, -34.86962659], [-62.4473369, -34.8636049], [-62.44749457, -34.86153877]]]}}, {"type": "Feature", "properties": {"municipio_": "06154", "municipi_1": "Carlos Tejedor", "rtn": "66", "typ": 40, "rst": 3, "hct": 2, "fdc": "DVP Buenos Aires", "sag": "IGN", "long_km": 74.724, "partido": "Carlos Tejedor"}, "geometry": {"type": "MultiLineString", "coordinates": [[[-62.4445658, -35.4100875], [-62.44459906, -35.41009367], [-62.4540157, -35.4118413], [-62.4688652, -35.4145971], [-62.4690507, -35.4147019], [-62.4690334, -35.4149206], [-62.4687575, -35.4151336], [-62.4656041, -35.4177402], [-62.4662506, -35.4196495], [-62.4671501, -35.4203181], [-62.4673965, -35.4205171], [-62.4681957, -35.4211626], [-62.5035188, -35.4496892], [-62.5246056, -35.4667139], [-62.5246496, -35.4667691], [-62.5246795, -35.4668223], [-62.524698, -35.4668822], [-62.5247049, -35.4669391], [-62.5247024, -35.4669952], [-62.5246567, -35.4670702], [-62.5244404, -35.4672474], [-62.5243379, -35.467332], [-62.5242881, -35.4673824], [-62.5242462, -35.4674306], [-62.5229824, -35.4690913], [-62.5229562, -35.4691473], [-62.5229394, -35.4692098], [-62.5229386, -35.4692647], [-62.5229419, -35.469324], [-62.5229496, -35.4693667], [-62.5229627, -35.4694093], [-62.5229864, -35.4694542], [-62.523025, -35.4695067], [-62.52317895, -35.46964399], [-62.52511346, -35.47117993], [-62.52787958, -35.47339878], [-62.52997945, -35.4750882], [-62.53286455, -35.47739628], [-62.53532729, -35.47938313], [-62.5379447, -35.4814711], [-62.54091902, -35.48388626], [-62.54398853, -35.48639183], [-62.54677964, -35.48866897], [-62.54989911, -35.49116741], [-62.55221909, -35.49307336], [-62.55491026, -35.49521487], [-62.55777275, -35.49754198], [-62.56032829, -35.49964067], [-62.5631765, -35.50193923], [-62.56633881, -35.50449477], [-62.56949397, -35.50702889], [-62.57235646, -35.50932032], [-62.57544738, -35.51183303], [-62.57846692, -35.51423866], [-62.58149359, -35.51674423], [-62.58477011, -35.51937116], [-62.58826792, -35.52219796], [-62.59097337, -35.52433233], [-62.59345752, -35.52633108], [-62.59662697, -35.52892232], [-62.59998676, -35.5316349], [-62.60268507, -35.53381925], [-62.60579741, -35.53635337], [-62.60836009, -35.53841636], [-62.61108695, -35.54061499], [-62.61441344, -35.5433133], [-62.61722596, -35.54559758], [-62.62154468, -35.54901686], [-62.62445714, -35.55140108], [-62.62733391, -35.55369964], [-62.62920417, -35.55520584], [-62.63143848, -35.55701899], [-62.63389408, -35.55898918], [-62.63511475, -35.5599029], [-62.63891951, -35.56304379], [-62.64118237, -35.56485694], [-62.64453741, -35.56754097], [-62.6462649, -35.56897578], [-62.64865626, -35.57090315], [-62.65081205, -35.57263063], [-62.65337473, -35.57466507], [-62.65589458, -35.57670665], [-62.65847154, -35.57876964], [-62.66095569, -35.58076125], [-62.66331136, -35.58265292], [-62.6655314, -35.58444466], [-62.66842244, -35.58678605], [-62.6715205, -35.58924879], [-62.67506114, -35.59215411], [-62.67763096, -35.59416714], [-62.68109307, -35.59694397], [-62.68424824, -35.59945668], [-62.68701793, -35.60169813], [-62.69033728, -35.60436075], [-62.69388506, -35.60720182], [-62.69687604, -35.60963601], [-62.697854, -35.61034985], [-62.69829658, -35.6106568], [-62.70035957, -35.61230577], [-62.70177297, -35.61340508], [-62.70185149, -35.61354071], [-62.70189432, -35.61369775], [-62.70188004, -35.61393332], [-62.70154454, -35.6157893], [-62.70111624, -35.61832342], [-62.70061655, -35.62139293], [-62.70018825, -35.62383426], [-62.69975994, -35.62625417], [-62.69954817, -35.62751766], [-62.69954817, -35.627965], [-62.69963383, -35.62841234], [-62.69963383, -35.62865028], [-62.69965287, -35.62879305], [-62.69978612, -35.62901196], [-62.70201329, -35.63077276], [-62.70677222, -35.63452279], [-62.71105525, -35.63789211], [-62.71400578, -35.64017639], [-62.71712763, -35.64264152], [-62.71804134, -35.64333632], [-62.71814604, -35.64336487], [-62.7182317, -35.64338391], [-62.71832688, -35.64338391], [-62.71845061, -35.64336487], [-62.71885036, -35.64304127], [-62.72104898, -35.64120432], [-62.72386626, -35.63888197], [-62.72637897, -35.63679756], [-62.7283682, -35.63514145], [-62.72840865, -35.63510814], [-62.72846814, -35.6350903], [-62.72855737, -35.6350903], [-62.72868824, -35.63512599], [-62.72988987, -35.63607182], [-62.73283207, -35.63846437], [-62.73651548, -35.64139587], [-62.74032262, -35.64443206], [-62.74387277, -35.6472779], [-62.74780364, -35.65040927], [-62.74984046, -35.6520273], [-62.75202956, -35.65380714], [-62.75582718, -35.65679574], [-62.75870157, -35.65911809], [-62.76231835, -35.66202104], [-62.76626826, -35.66518096], [-62.76858109, -35.66705598], [-62.76862868, -35.66717019], [-62.76860013, -35.6672844], [-62.76833363, -35.66756994], [-62.7647454, -35.67053951], [-62.76094778, -35.67370895], [-62.76027376, -35.67426502], [-62.7601351, -35.67447398], [-62.75992809, -35.67476665], [-62.75947123, -35.67518782], [-62.75697993, -35.6772294], [-62.75488839, -35.67897116], [-62.7542031, -35.67952082], [-62.75411744, -35.67962789], [-62.75408175, -35.67979208], [-62.75413886, -35.67997053], [-62.7543887, -35.68022038], [-62.75480987, -35.68054161], [-62.75497405, -35.68070579], [-62.75502402, -35.68080573], [-62.75502402, -35.68094135], [-62.75487411, -35.6810984], [-62.75385332, -35.6818979], [-62.75379622, -35.6819907], [-62.75376766, -35.6820835], [-62.75381049, -35.68221913], [-62.75391757, -35.68235475], [-62.75689427, -35.68474611], [-62.76042063, -35.68756577], [-62.76420398, -35.690621], [-62.76473936, -35.69107786], [-62.76482502, -35.69112069], [-62.76494637, -35.69117066], [-62.76501775, -35.69122776], [-62.765082, -35.69128487], [-62.76505345, -35.69139909], [-62.76488926, -35.69154185], [-62.76201249, -35.69392607], [-62.75987098, -35.69568212], [-62.75885733, -35.69648875], [-62.75879308, -35.69660297], [-62.75877167, -35.69668863], [-62.75877881, -35.69677429], [-62.75883591, -35.69687423], [-62.75999947, -35.69776652], [-62.76326171, -35.70032206], [-62.7658815, -35.70240647], [-62.76920085, -35.70501198], [-62.77227035, -35.70743903], [-62.7753113, -35.70980898], [-62.77768124, -35.71175775], [-62.78051518, -35.71399207], [-62.78379884, -35.71664755], [-62.78691831, -35.71911743], [-62.78961662, -35.72129463], [-62.79125131, -35.72260096], [-62.7925148, -35.72362175], [-62.79464204, -35.72533496], [-62.79502752, -35.72571329], [-62.79674787, -35.72712669], [-62.79947473, -35.72929676], [-62.80200172, -35.73131692], [-62.80405043, -35.73296589], [-62.80706283, -35.73530728], [-62.80719132, -35.73537866], [-62.80732695, -35.73545005], [-62.81030366, -35.73785568], [-62.813623, -35.7405183], [-62.81634273, -35.74271692], [-62.81939796, -35.74514397], [-62.82272444, -35.74779945], [-62.82466608, -35.74936276], [-62.82777128, -35.75185405], [-62.82949163, -35.75325317], [-62.83105493, -35.75449525], [-62.83283239, -35.75589438], [-62.83555925, -35.75808586], [-62.83891429, -35.76076275], [-62.83902851, -35.76081986], [-62.83902137, -35.76088411], [-62.83894999, -35.76098404], [-62.83885005, -35.76107684], [-62.83881436, -35.76114823], [-62.83880722, -35.76122675], [-62.83885719, -35.76134096], [-62.83894285, -35.76143376], [-62.840292, -35.7624831], [-62.84345431, -35.76503865], [-62.84595274, -35.76705167], [-62.84919357, -35.76960721], [-62.85295549, -35.77266244], [-62.8555039, -35.77471829], [-62.8590945, -35.77759506], [-62.86137879, -35.77945818], [-62.86160008, -35.77962236], [-62.8619213, -35.77982224], [-62.86428411, -35.78174246], [-62.86476952, -35.78209938], [-62.86494798, -35.78234209], [-62.86513358, -35.78253482], [-62.86738217, -35.78431228], [-62.86980208, -35.7862682], [-62.87217916, -35.78814559], [-62.87385668, -35.78949475], [-62.87664779, -35.79174334], [-62.87814685, -35.79294258], [-62.8804811, -35.79479856], [-62.88223714, -35.79620483], [-62.88370051, -35.7973898], [-62.8848712, -35.79829637], [-62.88701986, -35.80000958], [-62.88848323, -35.80118028], [-62.89016075, -35.80249374], [-62.89167408, -35.80372154], [-62.89345868, -35.80515636], [-62.89567158, -35.80689812], [-62.89731341, -35.80820445], [-62.89925505, -35.80976061], [-62.90029451, -35.81059725], [-62.90032729, -35.81062363]]]}}, {"type": "Feature", "properties": {"municipio_": "06154", "municipi_1": "Carlos Tejedor", "rtn": "68", "typ": 40, "rst": 1, "hct": 2, "fdc": "DVP Buenos Aires", "sag": "IGN", "long_km": 80.103, "partido": "Carlos Tejedor"}, "geometry": {"type": "MultiLineString", "coordinates": [[[-62.2340781, -35.2194642], [-62.2335631, -35.219055], [-62.2262145, -35.213088], [-62.2150696, -35.2040379], [-62.2111293, -35.2008379], [-62.1960348, -35.1887184], [-62.1950392, -35.187919], [-62.1748817, -35.1716772], [-62.1698284, -35.1671693], [-62.167232, -35.1649327], [-62.1644962, -35.16274], [-62.1539176, -35.1542141], [-62.1479738, -35.1494157], [-62.1451628, -35.1471612], [-62.1433426, -35.1457998], [-62.1423411, -35.145082], [-62.1418319, -35.144661], [-62.1415514, -35.144394], [-62.1410986, -35.143829], [-62.1409025, -35.1435844], [-62.1404348, -35.1431499], [-62.1367407, -35.1403094], [-62.13305, -35.1373351], [-62.1257055, -35.1314081], [-62.124536, -35.130451], [-62.1161617, -35.1236661], [-62.1150011, -35.1227257], [-62.1108062, -35.1193521], [-62.1098971, -35.1186712], [-62.1091298, -35.1182516], [-62.108125, -35.117763], [-62.106784, -35.1172617], [-62.1056914, -35.1169423], [-62.1045878, -35.1167018], [-62.1038783, -35.1166264], [-62.1029397, -35.1165388], [-62.1018612, -35.1165123], [-62.1007025, -35.116565], [-62.0888121, -35.1170774], [-62.087431, -35.1172407], [-62.0860642, -35.1175059], [-62.0585489, -35.1234889], [-62.0576727, -35.1236438], [-62.0569917, -35.1237322], [-62.0562405, -35.123786], [-62.0554278, -35.1238], [-62.0546134, -35.1237662], [-62.0537242, -35.1236835], [-62.0528787, -35.1235859], [-62.0519074, -35.1233886], [-62.0511031, -35.1231643], [-62.0228571, -35.1133371], [-62.0210838, -35.1126947], [-62.0201708, -35.1123546], [-62.0193318, -35.1119943], [-62.0185395, -35.1115371], [-62.0176613, -35.1109394], [-62.0158871, -35.1095799], [-62.0150167, -35.1088464], [-62.0048618, -35.1006437], [-61.9946684, -35.0924122], [-61.9844564, -35.0841739], [-61.9641116, -35.0677244], [-61.9139502, -35.0270426], [-61.9006956, -35.0162637], [-61.8870979, -35.0053429], [-61.8836861, -35.0026574], [-61.8760836, -34.996702], [-61.8734233, -34.9946001], [-61.8682301, -34.9904968], [-61.8526757, -34.9783294], [-61.8455196, -34.9727013], [-61.8450236, -34.9723267], [-61.8445498, -34.9720106], [-61.8439347, -34.9716673], [-61.843297, -34.9713711], [-61.8428403, -34.9711926], [-61.8420529, -34.9709395], [-61.8413218, -34.9707739], [-61.8405915, -34.9706278], [-61.8363118, -34.9698035], [-61.8305826, -34.968687], [-61.8241586, -34.967413], [-61.8189486, -34.9663532], [-61.8144465, -34.9654866], [-61.8107237, -34.9647354], [-61.8098593, -34.9644903], [-61.8092239, -34.9642765], [-61.8086647, -34.9640343], [-61.808076, -34.963722], [-61.8076115, -34.963425], [-61.8069809, -34.9629655], [-61.8054059, -34.9617008], [-61.7945991, -34.9529343], [-61.7935564, -34.9520818], [-61.7923865, -34.9511253], [-61.79167495, -34.95054716], [-61.7804957, -34.941464], [-61.7538001, -34.919796], [-61.7530349, -34.9191365], [-61.7522697, -34.9184419], [-61.74856, -34.9149966], [-61.7467231, -34.9134445], [-61.6896181, -34.8673214], [-61.6889135, -34.8666666], [-61.6879934, -34.8656315], [-61.687625, -34.8651755], [-61.6800935, -34.853163], [-61.6763309, -34.8471012], [-61.6759233, -34.8465747], [-61.6753084, -34.8458251], [-61.6746284, -34.8451155], [-61.6642147, -34.8349052], [-61.65770133, -34.82838257], [-61.65757998, -34.8282398], [-61.65748361, -34.8281006], [-61.65737653, -34.8279043], [-61.65736225, -34.82777938], [-61.65739795, -34.82768301], [-61.65748718, -34.82760806], [-61.65763418, -34.82752861]]]}}, {"type": "Feature", "properties": {"municipio_": "06154", "municipi_1": "Carlos Tejedor", "rtn": "70", "typ": 40, "rst": 3, "hct": 2, "fdc": "DVP Buenos Aires", "sag": "IGN", "long_km": 94.205, "partido": "Carlos Tejedor"}, "geometry": {"type": "MultiLineString", "coordinates": [[[-62.44885, -35.3913338], [-62.44884918, -35.39133374], [-62.4371537, -35.3904198], [-62.4342245, -35.3901893], [-62.433772, -35.390138], [-62.4334342, -35.3900695], [-62.4331386, -35.3899605], [-62.4312198, -35.3891361], [-62.4308723, -35.3890178], [-62.4262341, -35.388163], [-62.4246948, -35.3878794], [-62.4232406, -35.3876116], [-62.421739, -35.3873349], [-62.4202247, -35.3870609], [-62.4187123, -35.3867774], [-62.41582118, -35.38624071], [-62.41577462, -35.38623695], [-62.41574563, -35.38623983], [-62.41572791, -35.38624738], [-62.41570411, -35.38626546], [-62.41561417, -35.3867266], [-62.41557705, -35.38676086], [-62.41552856, -35.38677863], [-62.4154833, -35.38678038], [-62.41542, -35.386768], [-62.4101186, -35.3857874], [-62.39390247, -35.38275019], [-62.3938502, -35.3827404], [-62.3722353, -35.3786959], [-62.3598432, -35.3763823], [-62.3293948, -35.3706952], [-62.3155357, -35.368098], [-62.3086984, -35.3668167], [-62.3023631, -35.3656294], [-62.2758454, -35.3606349], [-62.2756931, -35.3606311], [-62.2755545, -35.3606459], [-62.2754392, -35.3607179], [-62.2753077, -35.3608634], [-62.2751985, -35.3610354], [-62.2750464, -35.3610963], [-62.2749083, -35.361104], [-62.2592762, -35.3581505], [-62.246626, -35.3557712], [-62.2464424, -35.3557852], [-62.2463231, -35.3558298], [-62.2462152, -35.3559241], [-62.2460511, -35.3560179], [-62.2458298, -35.356019], [-62.2445424, -35.355457], [-62.2439546, -35.3552797], [-62.242122, -35.3548885], [-62.2410336, -35.3546037], [-62.2401097, -35.3543254], [-62.2390355, -35.353955], [-62.2380864, -35.3535926], [-62.2365517, -35.3528987], [-62.2362269, -35.3528311], [-62.2352812, -35.3527251], [-62.2349901, -35.3526585], [-62.2347707, -35.3525578], [-62.2334736, -35.351496], [-62.231415, -35.3498045], [-62.22968614, -35.34838385], [-62.22955089, -35.34834076], [-62.22938909, -35.34827413], [-62.22821364, -35.34734614], [-62.22607212, -35.34562341], [-62.22398296, -35.34395779], [-62.22226023, -35.34255867], [-62.2218462, -35.34224458], [-62.22178909, -35.34218271], [-62.2217361, -35.3421088], [-62.2174912, -35.3386426], [-62.2171633, -35.3383869], [-62.2168837, -35.338179], [-62.2165616, -35.3379943], [-62.2162077, -35.3378384], [-62.2158326, -35.3376882], [-62.2154362, -35.3375612], [-62.2150115, -35.3374428], [-62.2143886, -35.3373071], [-62.2140691, -35.3372495], [-62.2137439, -35.3371981], [-62.2134227, -35.3371649], [-62.2130826, -35.3371339], [-62.2127316, -35.3371201], [-62.2123718, -35.3371151], [-62.2120161, -35.3371218], [-62.2116032, -35.3371454], [-62.2111928, -35.3371848], [-62.2107715, -35.3372436], [-62.2103939, -35.3373208], [-62.2100362, -35.337402], [-62.1963441, -35.3409425], [-62.180251, -35.345103], [-62.168685, -35.3481346], [-62.1620412, -35.3498246], [-62.1535726, -35.3520738], [-62.1473942, -35.3537021], [-62.14460747, -35.35441845], [-62.1321303, -35.3576258], [-62.1051391, -35.3645296], [-62.0949144, -35.3671845], [-62.0946714, -35.3672533], [-62.0816383, -35.3706129], [-62.0773932, -35.371707], [-62.064854, -35.3749332], [-62.052886, -35.3780254], [-62.04481, -35.3801158], [-62.0297405, -35.3840022], [-62.0234987, -35.3856115], [-62.006218, -35.3900586], [-62.0053537, -35.3902278], [-62.0046087, -35.3903558], [-62.0039624, -35.3904229], [-62.0032986, -35.390482], [-62.0026917, -35.3905179], [-62.0016052, -35.3905172], [-61.9999213, -35.3904539], [-61.998958, -35.3904637], [-61.9986365, -35.3904741], [-61.9978428, -35.3903961], [-61.9967503, -35.3902041], [-61.9963645, -35.3901505], [-61.996271, -35.3901375], [-61.9946275, -35.3899146], [-61.9941008, -35.3898422], [-61.9930108, -35.3896959], [-61.9918636, -35.3895419], [-61.9913308, -35.3894564], [-61.9895951, -35.389222], [-61.9884755, -35.3890597], [-61.9883836, -35.3890243], [-61.9883132, -35.3889495], [-61.988191, -35.3888635], [-61.9877852, -35.3887293], [-61.9575533, -35.3844335], [-61.9497794, -35.3833326], [-61.84377262, -35.36835715], [-61.84307918, -35.36826561], [-61.84099146, -35.36797231], [-61.8132524, -35.3639478], [-61.8111676, -35.3636882], [-61.8102377, -35.3635564], [-61.8101575, -35.3635582], [-61.81009429, -35.36357152], [-61.8100493, -35.363581], [-61.8099555, -35.3635957], [-61.8098523, -35.3635856], [-61.8083356, -35.363373], [-61.8066516, -35.3631348], [-61.8063544, -35.3630928], [-61.8059104, -35.36303], [-61.8049639, -35.3628962], [-61.803313, -35.3626627], [-61.8015891, -35.3624189], [-61.7994326, -35.3620996], [-61.7991794, -35.3619908], [-61.7593347, -35.35627275], [-61.7552461, -35.355686], [-61.75453, -35.3555617], [-61.7431568, -35.3532692], [-61.7228976, -35.3491695], [-61.6907508, -35.3425605], [-61.6870444, -35.3418071], [-61.6299471, -35.3302001], [-61.62451974, -35.32909669]]]}}, {"type": "Feature", "properties": {"municipio_": "06154", "municipi_1": "Carlos Tejedor", "rtn": "70", "typ": 40, "rst": 3, "hct": 2, "fdc": "DVP Buenos Aires", "sag": "IGN", "long_km": 54.623, "partido": "Carlos Tejedor"}, "geometry": {"type": "MultiLineString", "coordinates": [[[-62.4710284, -35.3642412], [-62.47107375, -35.36427117], [-62.4712847, -35.3644106], [-62.4714086, -35.3645392], [-62.4715359, -35.3646994], [-62.471837, -35.3655468], [-62.4719069, -35.3656226], [-62.4720298, -35.3657215], [-62.4722646, -35.3658078], [-62.4797731, -35.3678519], [-62.4803741, -35.3679717], [-62.4810784, -35.3680889], [-62.4816153, -35.3681338], [-62.4830261, -35.3681858], [-62.4835596, -35.3681795], [-62.4839448, -35.3681652], [-62.4843196, -35.3681227], [-62.4977049, -35.3655761], [-62.4984382, -35.3654842], [-62.4991354, -35.3654679], [-62.5329572, -35.3650992], [-62.5330157, -35.3650985], [-62.5341844, -35.3650845], [-62.5792223, -35.3645433], [-62.5799758, -35.3645886], [-62.5806767, -35.3646646], [-62.5816041, -35.3648427], [-62.6159174, -35.3734161], [-62.6484363, -35.3815403], [-62.6905811, -35.3919902], [-62.733592, -35.4018445], [-62.7488817, -35.4053123], [-62.7491436, -35.4053725], [-62.7494345, -35.4054393], [-62.7739377, -35.4110418], [-62.7827297, -35.4130368], [-62.7861821, -35.413816], [-62.7922153, -35.4151838], [-62.8121253, -35.41972172], [-62.8139618, -35.4201403], [-62.814441, -35.4202472], [-62.8149435, -35.4203594], [-62.830217, -35.4238467], [-62.8812627, -35.4355004], [-62.8828291, -35.435764], [-62.8970086, -35.4366409], [-62.9239049, -35.4382831], [-62.9253981, -35.4383602], [-62.9500366, -35.4398756], [-62.9507852, -35.4398845], [-62.9515302, -35.439858], [-62.95189348, -35.4398451]]]}}, {"type": "Feature", "properties": {"municipio_": "06294", "municipi_1": "General Arenales", "rtn": "10s", "typ": 40, "rst": 1, "hct": 2, "fdc": "IDESF", "sag": "IGN", "long_km": 1.192, "partido": "General Arenales"}, "geometry": {"type": "MultiLineString", "coordinates": [[[-61.4965037, -34.1671914], [-61.4959809, -34.1668989], [-61.495441, -34.166654], [-61.4949913, -34.1664795], [-61.4945156, -34.1663317], [-61.4940159, -34.1662194], [-61.4937634, -34.1661711], [-61.4935034, -34.1661363], [-61.4929508, -34.1660874], [-61.4924004, -34.1660765], [-61.4919365, -34.166094], [-61.4914864, -34.1661347], [-61.4910349, -34.1662073], [-61.4905964, -34.1663064], [-61.4900798, -34.1664604], [-61.4895932, -34.1666432], [-61.4884156, -34.1672086], [-61.48671709, -34.1686231]]]}}, {"type": "Feature", "properties": {"municipio_": "06294", "municipi_1": "General Arenales", "rtn": "45", "typ": 40, "rst": 3, "hct": 2, "fdc": "DVP Buenos Aires", "sag": "IGN", "long_km": 44.205, "partido": "General Arenales"}, "geometry": {"type": "MultiLineString", "coordinates": [[[-61.0872246, -34.2454125], [-61.0850393, -34.2471839], [-61.0846844, -34.2474305], [-61.0842472, -34.2476696], [-61.0838623, -34.2478196], [-61.0834103, -34.247936], [-61.0828209, -34.2480198], [-61.0626398, -34.2499729], [-61.0456981, -34.2516287], [-61.0253921, -34.2536192], [-61.0177089, -34.2543749], [-60.99624543, -34.25643477], [-60.9908768, -34.25695], [-60.9738677, -34.2579057], [-60.9681607, -34.258419], [-60.9640714, -34.2587868], [-60.9632383, -34.2589021], [-60.9625132, -34.2590324], [-60.9572025, -34.2601507], [-60.9564428, -34.2602625], [-60.9461274, -34.261286], [-60.9408621, -34.261804], [-60.9407444, -34.2618156], [-60.888818, -34.2668141], [-60.887956, -34.2668807], [-60.8867512, -34.2669273], [-60.8824093, -34.2670165], [-60.8789479, -34.267074], [-60.8767646, -34.2672009], [-60.8721556, -34.2676005], [-60.86701, -34.2681256], [-60.8661972, -34.2682454], [-60.8658056, -34.2683068], [-60.85909208, -34.2696928], [-60.8582212, -34.26981177], [-60.8530542, -34.2702702], [-60.843552, -34.2711762], [-60.8425285, -34.2712481], [-60.8415881, -34.2712452], [-60.8407594, -34.271181], [-60.8400044, -34.2710603], [-60.8392789, -34.2709265], [-60.8377638, -34.2705082], [-60.8364037, -34.2699686], [-60.8355091, -34.2694682], [-60.83471165, -34.26885444], [-60.8332251, -34.2676244], [-60.8254612, -34.2607797], [-60.82453105, -34.26002208], [-60.81775206, -34.25419854], [-60.8145598, -34.2514531], [-60.7815663, -34.2243986], [-60.77362, -34.2176578], [-60.7658212, -34.2109418], [-60.7620873, -34.2080211], [-60.7608228, -34.2070196], [-60.7589187, -34.2054435], [-60.7584032, -34.2050046], [-60.7577128, -34.2044409], [-60.7566506, -34.2035094], [-60.7541864, -34.2015797], [-60.7519038, -34.1997803], [-60.7516863, -34.1995955], [-60.7505441, -34.1986247], [-60.7484435, -34.1968412], [-60.7470228, -34.1956707], [-60.7451618, -34.1941266], [-60.7433794, -34.1926438], [-60.7423249, -34.1917747], [-60.74190974, -34.1914179], [-60.7417672, -34.1912954], [-60.7415102, -34.1910745], [-60.7409664, -34.1906013], [-60.7393966, -34.189132], [-60.7382849, -34.1881087], [-60.7376501, -34.1875058], [-60.7372965, -34.1871855], [-60.7365583, -34.1865658], [-60.7350826, -34.1853294], [-60.7339316, -34.1844156], [-60.7331863, -34.1837818], [-60.7316006, -34.1824952], [-60.7293583, -34.1806396], [-60.7258353, -34.1777179]]]}}, {"type": "Feature", "properties": {"municipio_": "06294", "municipi_1": "General Arenales", "rtn": "50", "typ": 40, "rst": 1, "hct": 2, "fdc": "DVP Buenos Aires", "sag": "IGN", "long_km": 35.786, "partido": "General Arenales"}, "geometry": {"type": "MultiLineString", "coordinates": [[[-61.51122234, -34.51010738], [-61.5110237, -34.50962], [-61.5100705, -34.5069211], [-61.5068424, -34.4977936], [-61.5066507, -34.4972411], [-61.5058954, -34.4951128], [-61.5057558, -34.4947066], [-61.5051207, -34.4929035], [-61.5038912, -34.4894127], [-61.5007038, -34.4804706], [-61.5003191, -34.4796836], [-61.4999343, -34.4789992], [-61.4994311, -34.4782824], [-61.4987621, -34.4775656], [-61.4982702, -34.4770934], [-61.4977318, -34.4766511], [-61.4919536, -34.4718947], [-61.4877151, -34.4686914], [-61.4869868, -34.4682768], [-61.4861878, -34.4679204], [-61.4852116, -34.4675205], [-61.4800804, -34.4659512], [-61.4790461, -34.4656194], [-61.4781178, -34.4652876], [-61.4768233, -34.4646706], [-61.4759195, -34.4641782], [-61.4704554, -34.4608782], [-61.4693821, -34.4601301], [-61.4664551, -34.4577296], [-61.4658357, -34.4571192], [-61.4635916, -34.454869], [-61.4601539, -34.4513807], [-61.4596902, -34.4508293], [-61.4592718, -34.4502895], [-61.4589426, -34.4497479], [-61.4587343, -34.4493387], [-61.4584512, -34.4487107], [-61.4582283, -34.4480917], [-61.4580378, -34.4473741], [-61.4577338, -34.4457416], [-61.4559611, -34.435612], [-61.4558576, -34.4350495], [-61.4543975, -34.4267277], [-61.4541021, -34.4253157], [-61.453773, -34.4243888], [-61.453393, -34.4236196], [-61.4531524, -34.4232043], [-61.452493, -34.4223247], [-61.4519908, -34.4217526], [-61.4513783, -34.4211617], [-61.4457707, -34.4166678], [-61.439627, -34.411744], [-61.4373041, -34.4099139], [-61.4335721, -34.4069166], [-61.4306362, -34.4044026], [-61.416236, -34.3918965], [-61.4128056, -34.38886054], [-61.3970677, -34.375232], [-61.394817, -34.3733024], [-61.3847624, -34.3645468], [-61.3782256, -34.3588519], [-61.3777505, -34.3584387], [-61.3772953, -34.3580076], [-61.3768285, -34.3575076], [-61.37652, -34.3571359], [-61.3762744, -34.3568045], [-61.3759681, -34.3563102], [-61.3756633, -34.3557432], [-61.369199, -34.3438978], [-61.3633215, -34.3331872], [-61.3631157, -34.3328414], [-61.3628898, -34.3325101], [-61.3625868, -34.3321274], [-61.3623015, -34.3318077], [-61.361963, -34.3314414], [-61.3614643, -34.3310231], [-61.3582549, -34.3283572], [-61.3568556, -34.3272113], [-61.35142, -34.3227039], [-61.3509974, -34.322363], [-61.3473226, -34.3194251], [-61.3394764, -34.3129216], [-61.3316377, -34.3064238], [-61.3296212, -34.3047708], [-61.3295017, -34.304671], [-61.32934, -34.304536], [-61.329168, -34.3043918], [-61.329017, -34.3042645], [-61.3288119, -34.3040911], [-61.3282773, -34.3036182], [-61.328059, -34.3034184], [-61.3279175, -34.3032928], [-61.3276042, -34.3030162], [-61.3262342, -34.3018265], [-61.3257405, -34.3013971], [-61.3255257, -34.3012031], [-61.3253255, -34.301014], [-61.3239866, -34.2997617], [-61.3226383, -34.2984881], [-61.3225256, -34.2983826], [-61.3223781, -34.2982488], [-61.3222381, -34.2981345], [-61.3219622, -34.2979112], [-61.318832, -34.2952955], [-61.3168658, -34.2936446], [-61.3162681, -34.2931556], [-61.3150322, -34.2921344], [-61.3146494, -34.2918181], [-61.3138424, -34.291156], [-61.3132267, -34.2906865], [-61.3125701, -34.2903026], [-61.311302, -34.2897236], [-61.3097445, -34.2889968], [-61.3089493, -34.2885823], [-61.3085345, -34.2882942], [-61.3074645, -34.2874215], [-61.3042757, -34.2848249], [-61.3041955, -34.284762], [-61.3005723, -34.2817621]]]}}, {"type": "Feature", "properties": {"municipio_": "06294", "municipi_1": "General Arenales", "rtn": "50", "typ": 40, "rst": 1, "hct": 2, "fdc": "DVP Buenos Aires", "sag": "IGN", "long_km": 0.117, "partido": "General Arenales"}, "geometry": {"type": "MultiLineString", "coordinates": [[[-61.3005723, -34.2817621], [-61.3004128, -34.281651], [-61.30028, -34.2815625], [-61.3001906, -34.2815108], [-61.3001136, -34.2814729], [-61.3000433, -34.2814424], [-61.2999714, -34.2814173], [-61.2998923, -34.2813958], [-61.2998209, -34.2813816], [-61.2997341, -34.2813729], [-61.29962431, -34.28137269]]]}}, {"type": "Feature", "properties": {"municipio_": "06294", "municipi_1": "General Arenales", "rtn": "50", "typ": 40, "rst": 1, "hct": 2, "fdc": "DVP Buenos Aires", "sag": "IGN", "long_km": 0.113, "partido": "General Arenales"}, "geometry": {"type": "MultiLineString", "coordinates": [[[-61.30009949, -34.28090977], [-61.30009432, -34.28100563], [-61.3001094, -34.2810768], [-61.3001199, -34.2811361], [-61.3001478, -34.2812229], [-61.3001833, -34.2812975], [-61.3002284, -34.2813706], [-61.3002813, -34.2814472], [-61.3003549, -34.2815416], [-61.3004336, -34.2816294], [-61.3005723, -34.2817621]]]}}, {"type": "Feature", "properties": {"municipio_": "06294", "municipi_1": "General Arenales", "rtn": "50", "typ": 40, "rst": 1, "hct": 2, "fdc": "DVP Buenos Aires", "sag": "IGN", "long_km": 0.121, "partido": "General Arenales"}, "geometry": {"type": "MultiLineString", "coordinates": [[[-61.2987613, -34.279831], [-61.298928, -34.2800067], [-61.2990305, -34.2801417], [-61.2991069, -34.2802505], [-61.2991653, -34.280322], [-61.2992253, -34.280379], [-61.2992899, -34.2804297], [-61.2993612, -34.2804657], [-61.2994285, -34.2804903], [-61.2994915, -34.2805066], [-61.2995521, -34.2805154], [-61.29955833, -34.28051529]]]}}, {"type": "Feature", "properties": {"municipio_": "06294", "municipi_1": "General Arenales", "rtn": "50", "typ": 40, "rst": 1, "hct": 2, "fdc": "DVP Buenos Aires", "sag": "IGN", "long_km": 0.142, "partido": "General Arenales"}, "geometry": {"type": "MultiLineString", "coordinates": [[[-61.29908409, -34.28101757], [-61.2990939, -34.2808666], [-61.2991057, -34.2807707], [-61.2991059, -34.2806654], [-61.2991013, -34.2806007], [-61.2990889, -34.2805184], [-61.2990701, -34.2804335], [-61.2990489, -34.2803649], [-61.2990255, -34.2802935], [-61.298992, -34.2801999], [-61.2989419, -34.2800931], [-61.2988809, -34.2799935], [-61.2987613, -34.279831]]]}}, {"type": "Feature", "properties": {"municipio_": "06294", "municipi_1": "General Arenales", "rtn": "50", "typ": 40, "rst": 1, "hct": 2, "fdc": "DVP Buenos Aires", "sag": "IGN", "long_km": 51.501, "partido": "General Arenales"}, "geometry": {"type": "MultiLineString", "coordinates": [[[-61.2987613, -34.279831], [-61.2985823, -34.2796494], [-61.2982679, -34.2793642], [-61.2936557, -34.2755246], [-61.2920663, -34.2742014], [-61.29125, -34.2735459], [-61.2905164, -34.2729319], [-61.2900671, -34.2725454], [-61.2891933, -34.2718234], [-61.288155, -34.2709531], [-61.2863458, -34.2694593], [-61.2858412, -34.2690121], [-61.2854588, -34.268664], [-61.2850711, -34.2682815], [-61.2843617, -34.2675781], [-61.282337, -34.2654939], [-61.2767582, -34.260879], [-61.2690374, -34.2544918], [-61.2624134, -34.2490115], [-61.2618685, -34.2484687], [-61.2613398, -34.247899], [-61.260478, -34.2466378], [-61.2530676, -34.23185], [-61.2520982, -34.2299064], [-61.2509012, -34.2276242], [-61.2503846, -34.2268959], [-61.2498192, -34.226181], [-61.2488402, -34.2252512], [-61.2447626, -34.2218319], [-61.2392894, -34.2172419], [-61.233239, -34.2121676], [-61.2278983, -34.2076882], [-61.2263878, -34.2064213], [-61.218651, -34.1999316], [-61.2171763, -34.1986946], [-61.2135222, -34.1956293], [-61.2036155, -34.18735], [-61.1866723, -34.1731637], [-61.1860572, -34.1725628], [-61.1854027, -34.1718504], [-61.1848713, -34.1711181], [-61.184614, -34.1706787], [-61.1842347, -34.1699099], [-61.1841638, -34.1697661], [-61.1839181, -34.1690986], [-61.1837773, -34.168576], [-61.1836681, -34.1680356], [-61.183551, -34.1659278], [-61.1833825, -34.1628951], [-61.183327, -34.161896], [-61.1830215, -34.1560893], [-61.1824839, -34.1456455], [-61.1824744, -34.1454609], [-61.1824128, -34.144479], [-61.182385, -34.144047], [-61.1822913, -34.1418123], [-61.1822105, -34.1412957], [-61.18213, -34.1409369], [-61.1820006, -34.1404979], [-61.1818648, -34.1401296], [-61.1816556, -34.1396789], [-61.1814021, -34.1392121], [-61.1811387, -34.138788], [-61.1809181, -34.1384868], [-61.1806766, -34.1382026], [-61.1803541, -34.1378732], [-61.1800846, -34.1376152], [-61.1798599, -34.1374046], [-61.1739868, -34.1325106], [-61.1662007, -34.1259927], [-61.1584304, -34.1195279], [-61.1527713, -34.1145275], [-61.1515245, -34.1134154], [-61.1438365, -34.1065579], [-61.1412038, -34.1041987], [-61.1394727, -34.102767], [-61.1376997, -34.1012046], [-61.1370126, -34.1005868], [-61.1360006, -34.0996769], [-61.1348325, -34.0985992], [-61.1345528, -34.098354], [-61.1313441, -34.0954281], [-61.1305859, -34.0947492], [-61.1301323, -34.0942762], [-61.1298002, -34.0938826], [-61.1295004, -34.0934521], [-61.129174, -34.0929296], [-61.1289667, -34.0925303], [-61.1287635, -34.092121], [-61.1285387, -34.091631], [-61.1283944, -34.0912312], [-61.1282701, -34.0907858], [-61.1281828, -34.0903697], [-61.1281263, -34.0900249], [-61.1280732, -34.0895458], [-61.1280475, -34.0891353], [-61.1280252, -34.0886888], [-61.1280981, -34.0866675], [-61.1281127, -34.0862749], [-61.128479, -34.0764002], [-61.1284885, -34.076148], [-61.1285915, -34.0734626], [-61.1294243, -34.0517468], [-61.1307974, -34.0159322], [-61.1307565, -34.0144171], [-61.1302632, -34.0021747], [-61.1302495, -34.0018118], [-61.1302707, -34.001457], [-61.1303008, -34.0011091], [-61.1303897, -34.0005376], [-61.1304947, -34.0000837], [-61.1306066, -33.9996625], [-61.1336254, -33.9920615], [-61.1366006, -33.9849276], [-61.1393078, -33.9783077], [-61.1394982, -33.9777581], [-61.1396781, -33.9769983], [-61.1397547, -33.9763464], [-61.1397724, -33.9757493], [-61.1397183, -33.9750711], [-61.1395996, -33.9745016], [-61.1393326, -33.9736953], [-61.1390515, -33.9730602], [-61.1387944, -33.9725985], [-61.1384757, -33.9721682], [-61.1381631, -33.9717845], [-61.138001, -33.9715855], [-61.1374261, -33.9710378], [-61.1280498, -33.9631451], [-61.1222301, -33.9583281], [-61.1068284, -33.9454212], [-61.1028733, -33.9421064], [-61.0914471, -33.9325351], [-61.0886186, -33.9301463], [-61.086387, -33.928266], [-61.0845932, -33.9267529], [-61.0840698, -33.9263114], [-61.0814436, -33.9240931], [-61.0798804, -33.9228085], [-61.0793531, -33.9225027], [-61.078873, -33.9222601], [-61.0784563, -33.922047]]]}}, {"type": "Feature", "properties": {"municipio_": "06294", "municipi_1": "General Arenales", "rtn": "65", "typ": 40, "rst": 1, "hct": 2, "fdc": "DVP Buenos Aires", "sag": "IGN", "long_km": 24.455, "partido": "General Arenales"}, "geometry": {"type": "MultiLineString", "coordinates": [[[-61.3010436, -34.2797322], [-61.3068051, -34.2749671], [-61.3069493, -34.2748485], [-61.3128352, -34.2699639], [-61.3253676, -34.2595504], [-61.3378365, -34.2491764], [-61.3435229, -34.2444533], [-61.3438, -34.2442393], [-61.3443451, -34.2438182], [-61.344786, -34.2435277], [-61.3452511, -34.2432481], [-61.3461716, -34.2427699], [-61.3471399, -34.2423185], [-61.3473223, -34.2422351], [-61.3490599, -34.2414411], [-61.3492815, -34.241344], [-61.3525026, -34.2398946], [-61.3540931, -34.239144], [-61.3548804, -34.2387635], [-61.3556232, -34.2383491], [-61.3563618, -34.2378443], [-61.3570522, -34.2373115], [-61.3584536, -34.236139], [-61.3644499, -34.2311199], [-61.3662447, -34.2296105], [-61.3723902, -34.2244741], [-61.3776241, -34.2200976], [-61.3785182, -34.2193451], [-61.3822406, -34.2162144], [-61.3870615, -34.2121747], [-61.3871398, -34.2121087], [-61.3898129, -34.2098671], [-61.4001739, -34.2011781], [-61.4027176, -34.1990447], [-61.4035689, -34.198398], [-61.4040313, -34.1980953], [-61.4045111, -34.1978089], [-61.405093, -34.1975179], [-61.4053912, -34.1973754], [-61.4057036, -34.197245], [-61.4069766, -34.1967425], [-61.42318305, -34.19033509], [-61.424604, -34.1897733], [-61.4479466, -34.1821341], [-61.4670221, -34.175915], [-61.4834033, -34.1705348], [-61.484062, -34.1702656], [-61.4846985, -34.1699583], [-61.4852899, -34.1696339], [-61.48582736, -34.16928512], [-61.48632705, -34.16893771], [-61.48671709, -34.1686231]]]}}, {"type": "Feature", "properties": {"municipio_": "06294", "municipi_1": "General Arenales", "rtn": "65", "typ": 40, "rst": 1, "hct": 2, "fdc": "DVP Buenos Aires", "sag": "IGN", "long_km": 0.166, "partido": "General Arenales"}, "geometry": {"type": "MultiLineString", "coordinates": [[[-61.3010436, -34.2797322], [-61.3008808, -34.2798807], [-61.3007949, -34.27997], [-61.3006959, -34.2800712], [-61.3005966, -34.2801738], [-61.3005273, -34.2802495], [-61.3004593, -34.2803327], [-61.300393, -34.28042], [-61.3003337, -34.2805088], [-61.3002851, -34.2805916], [-61.3002418, -34.2806685], [-61.30011056, -34.28088193]]]}}, {"type": "Feature", "properties": {"municipio_": "06294", "municipi_1": "General Arenales", "rtn": "65", "typ": 40, "rst": 1, "hct": 2, "fdc": "DVP Buenos Aires", "sag": "IGN", "long_km": 0.153, "partido": "General Arenales"}, "geometry": {"type": "MultiLineString", "coordinates": [[[-61.29986588, -34.28043965], [-61.29991211, -34.28040371], [-61.3000249, -34.28035374], [-61.30013911, -34.28029949], [-61.3002362, -34.28024809], [-61.3003845, -34.2801802], [-61.3005262, -34.2800926], [-61.300658, -34.2800069], [-61.3008561, -34.2798743], [-61.3010436, -34.2797322]]]}}, {"type": "Feature", "properties": {"municipio_": "06294", "municipi_1": "General Arenales", "rtn": "65", "typ": 40, "rst": 1, "hct": 2, "fdc": "DVP Buenos Aires", "sag": "IGN", "long_km": 0.144, "partido": "General Arenales"}, "geometry": {"type": "MultiLineString", "coordinates": [[[-61.29935927, -34.28143881], [-61.2991887, -34.2815058], [-61.2988333, -34.2816877], [-61.2985826, -34.2818471], [-61.2982381, -34.28207]]]}}, {"type": "Feature", "properties": {"municipio_": "06294", "municipi_1": "General Arenales", "rtn": "65", "typ": 40, "rst": 1, "hct": 2, "fdc": "DVP Buenos Aires", "sag": "IGN", "long_km": 0.151, "partido": "General Arenales"}, "geometry": {"type": "MultiLineString", "coordinates": [[[-61.2982381, -34.28207], [-61.2985171, -34.2817823], [-61.2986132, -34.2816736], [-61.2986944, -34.2815778], [-61.2987752, -34.2814764], [-61.2988455, -34.2813733], [-61.2989147, -34.28127], [-61.29908409, -34.28101757]]]}}, {"type": "Feature", "properties": {"municipio_": "06294", "municipi_1": "General Arenales", "rtn": "65", "typ": 40, "rst": 1, "hct": 2, "fdc": "DVP Buenos Aires", "sag": "IGN", "long_km": 55.713, "partido": "General Arenales"}, "geometry": {"type": "MultiLineString", "coordinates": [[[-61.2982381, -34.28207], [-61.2959613, -34.2839642], [-61.2940226, -34.285576], [-61.2900909, -34.2888445], [-61.2890128, -34.2897407], [-61.2887644, -34.2899472], [-61.2885801, -34.2901001], [-61.2884045, -34.2902432], [-61.2875864, -34.2909096], [-61.2870464, -34.2912957], [-61.2864704, -34.2916629], [-61.2856452, -34.2920955], [-61.283196, -34.293173], [-61.2518711, -34.3067418], [-61.2387693, -34.3124197], [-61.2299409, -34.3161948], [-61.2296146, -34.3162996], [-61.2292783, -34.3163886], [-61.2289406, -34.3164668], [-61.2285958, -34.3165192], [-61.2282556, -34.3165569], [-61.2279079, -34.3165742], [-61.2272145, -34.3165716], [-61.2268011, -34.3165282], [-61.2263856, -34.3164535], [-61.2259532, -34.3163498], [-61.2255418, -34.3162288], [-61.2251233, -34.3160791], [-61.2247119, -34.3159091], [-61.2155419, -34.3116834], [-61.1855888, -34.2978803], [-61.1852477, -34.2977242], [-61.1846641, -34.2974481], [-61.1843642, -34.2973175], [-61.1840622, -34.2971943], [-61.1837496, -34.2970838], [-61.1834345, -34.2969825], [-61.1831155, -34.2968846], [-61.182788, -34.2968023], [-61.1821269, -34.2966642], [-61.1814546, -34.2965753], [-61.1807792, -34.2965259], [-61.1801046, -34.2965206], [-61.1792594, -34.2965789], [-61.1788322, -34.2966307], [-61.1784294, -34.2967004], [-61.1780197, -34.2967849], [-61.1776083, -34.2968867], [-61.1768266, -34.2971387], [-61.1760094, -34.2974821], [-61.1756188, -34.2976766], [-61.1752471, -34.2978942], [-61.1748866, -34.2981173], [-61.1745536, -34.2983536], [-61.1742258, -34.2985999], [-61.1739103, -34.2988595], [-61.17354434, -34.29915806], [-61.167651, -34.303966], [-61.1343663, -34.3312173], [-61.127971, -34.3364233], [-61.1249747, -34.3388622], [-61.1222345, -34.3410974], [-61.118552, -34.3441092], [-61.1165757, -34.3457298], [-61.101138, -34.358343], [-61.0972652, -34.361507], [-61.0920184, -34.3658053], [-61.0869834, -34.3699299], [-61.0830487, -34.3731358], [-61.0815104, -34.3743906], [-61.0792493, -34.3762438], [-61.0779565, -34.3772874], [-61.0766274, -34.3783191], [-61.057616, -34.3916133], [-61.0536175, -34.3946541], [-61.053197, -34.3950285], [-61.0529341, -34.3953332], [-61.05269, -34.3956522], [-61.0524969, -34.3959582], [-61.0523265, -34.3962729], [-61.0522058, -34.396561], [-61.0521095, -34.396862], [-61.0520462, -34.3971221], [-61.0520009, -34.3973875], [-61.051919, -34.3979148], [-61.0518641, -34.3983739], [-61.0517047, -34.3997073], [-61.0475468, -34.4329288], [-61.0474967, -34.433804], [-61.0474842, -34.4346801], [-61.047444, -34.4364326], [-61.0473708, -34.4399339], [-61.0473293, -34.4417982], [-61.0472506, -34.4455891], [-61.0471275, -34.4515308], [-61.0469997, -34.4573839], [-61.046858, -34.4632387], [-61.0468307, -34.463531], [-61.0467215, -34.4644475], [-61.046643, -34.4649089], [-61.0465585, -34.4653718], [-61.0462054, -34.4672146], [-61.0455088, -34.4708963], [-61.044044, -34.4782963], [-61.0440344, -34.4783638], [-61.0399524, -34.4999751], [-61.0397218, -34.5011751], [-61.0394089, -34.5028363], [-61.0390865, -34.5045026], [-61.0387605, -34.506164], [-61.0384534, -34.5078316], [-61.0381254, -34.509531], [-61.0372594, -34.5140875], [-61.0366824, -34.5171233], [-61.0365827, -34.5177132], [-61.0365023, -34.5183107], [-61.035932, -34.5229535], [-61.0355626, -34.5258607], [-61.0330975, -34.5457635], [-61.0330402, -34.546249], [-61.0329592, -34.5467332], [-61.0328762, -34.5470385], [-61.0327724, -34.5473457], [-61.0326115, -34.5476778], [-61.0324404, -34.5479503], [-61.0322487, -34.5482236], [-61.032137, -34.5483682], [-61.0320238, -34.5485062], [-61.0317687, -34.5487822], [-61.0171641, -34.5609941], [-61.0010928, -34.574293], [-60.9931455, -34.5809677], [-60.9922515, -34.581711], [-60.99148366, -34.5823494]]]}}, {"type": "Feature", "properties": {"municipio_": "06294", "municipi_1": "General Arenales", "rtn": "45", "typ": 40, "rst": 1, "hct": 2, "fdc": "DVP Buenos Aires", "sag": "IGN", "long_km": 11.389, "partido": "General Arenales"}, "geometry": {"type": "MultiLineString", "coordinates": [[[-61.0872246, -34.2454125], [-61.0880764, -34.2447662], [-61.0890384, -34.2440144], [-61.08922343, -34.24386973], [-61.08930243, -34.24387332], [-61.08943092, -34.24389831], [-61.08955289, -34.24399525], [-61.08990919, -34.24430162], [-61.09144751, -34.24557583], [-61.09250399, -34.24643957], [-61.09391739, -34.24761027], [-61.09541289, -34.24889161], [-61.09690124, -34.25011227], [-61.09836818, -34.25135078], [-61.09932591, -34.25213332], [-61.1015626, -34.25397741], [-61.10410863, -34.25612487], [-61.1072971, -34.25878987], [-61.1092899, -34.26044359], [-61.10968251, -34.26075887], [-61.11006323, -34.26100871], [-61.11053912, -34.26124071], [-61.11093768, -34.26140132], [-61.1115028, -34.26152625], [-61.11443549, -34.26191291], [-61.11638664, -34.26218655], [-61.11735628, -34.26236501], [-61.11782027, -34.26253157], [-61.11827832, -34.26278736], [-61.11949184, -34.2637213], [-61.12262678, -34.26632086], [-61.12512522, -34.26842668], [-61.12813523, -34.27092512], [-61.13075264, -34.27314396], [-61.13350687, -34.2753985], [-61.13617781, -34.27766494], [-61.1393068, -34.2802764], [-61.14178739, -34.28234058], [-61.14466654, -34.28476168], [-61.14777768, -34.2873315], [-61.15076391, -34.28987752], [-61.15602053, -34.29425137], [-61.16057006, -34.29801092], [-61.16465322, -34.30143734], [-61.167651, -34.303966]]]}}, {"type": "Feature", "properties": {"municipio_": "06294", "municipi_1": "General Arenales", "rtn": "50", "typ": 40, "rst": 1, "hct": 2, "fdc": "DVP Buenos Aires", "sag": "IGN", "long_km": 0.361, "partido": "General Arenales"}, "geometry": {"type": "MultiLineString", "coordinates": [[[-61.29935765, -34.28064536], [-61.29931089, -34.28068655], [-61.29926716, -34.28072995], [-61.29922643, -34.2807756], [-61.29918951, -34.28082258], [-61.29915638, -34.28087094], [-61.29912769, -34.2809197], [-61.29910343, -34.28096891], [-61.29908409, -34.28101757], [-61.29906963, -34.28106575], [-61.29906036, -34.28111245], [-61.29905626, -34.28115772], [-61.29905742, -34.28120066], [-61.29906385, -34.28124131], [-61.2990754, -34.28127883], [-61.29909209, -34.28131328], [-61.29911359, -34.28134396], [-61.29913991, -34.28137089], [-61.29917053, -34.28139354], [-61.29920547, -34.28141192], [-61.29924403, -34.28142566], [-61.29928624, -34.28143478], [-61.29933126, -34.28143909], [-61.29935927, -34.28143881], [-61.29937913, -34.2814386], [-61.29942888, -34.28143332], [-61.29948057, -34.28142324], [-61.29953314, -34.28140857], [-61.29958664, -34.28138928], [-61.29962431, -34.28137269], [-61.29964001, -34.28136578], [-61.29969329, -34.28133803], [-61.29974541, -34.2813066], [-61.29979641, -34.28127146], [-61.29984527, -34.28123332], [-61.29989204, -34.28119213], [-61.29993577, -34.28114873], [-61.2999765, -34.28110308], [-61.30001342, -34.2810561], [-61.30004655, -34.28100774], [-61.30007523, -34.28095898], [-61.30009949, -34.28090977], [-61.30011056, -34.28088193], [-61.30011884, -34.2808611], [-61.3001333, -34.28081293], [-61.30014257, -34.28076623], [-61.30014667, -34.28072096], [-61.3001455, -34.28067802], [-61.30013908, -34.28063737], [-61.30012753, -34.28059985], [-61.30011084, -34.2805654], [-61.30008934, -34.28053472], [-61.30006302, -34.28050779], [-61.3000324, -34.28048514], [-61.29999746, -34.28046676], [-61.2999589, -34.28045302], [-61.29991668, -34.2804439], [-61.29987166, -34.28043959], [-61.29986588, -34.28043965], [-61.29982379, -34.28044008], [-61.29977404, -34.28044536], [-61.29972236, -34.28045544], [-61.29966979, -34.28047011], [-61.29961628, -34.2804894], [-61.29956291, -34.2805129], [-61.29955833, -34.28051529], [-61.29950963, -34.28054065], [-61.29945752, -34.28057208], [-61.29940651, -34.28060722], [-61.29935765, -34.28064536]]]}}, {"type": "Feature", "properties": {"municipio_": "06462", "municipi_1": "Leandro N. Alem", "rtn": "50", "typ": 40, "rst": 1, "hct": 2, "fdc": "DVP Buenos Aires", "sag": "IGN", "long_km": 0.14, "partido": "Leandro N. Alem"}, "geometry": {"type": "MultiLineString", "coordinates": [[[-61.5121811, -34.5128172], [-61.5121106, -34.5124831], [-61.5120779, -34.512336], [-61.5120662, -34.5121909], [-61.5120667, -34.5120619], [-61.5120763, -34.5119502], [-61.5121, -34.5118341], [-61.5121342, -34.5117365], [-61.512199, -34.5115973]]]}}, {"type": "Feature", "properties": {"municipio_": "06462", "municipi_1": "Leandro N. Alem", "rtn": "50", "typ": 40, "rst": 1, "hct": 2, "fdc": "DVP Buenos Aires", "sag": "IGN", "long_km": 0.158, "partido": "Leandro N. Alem"}, "geometry": {"type": "MultiLineString", "coordinates": [[[-61.5121811, -34.5128172], [-61.5120364, -34.5125161], [-61.5119692, -34.5123915], [-61.5118999, -34.5122715], [-61.5118028, -34.5121422], [-61.5117304, -34.5120543], [-61.5116328, -34.5119657], [-61.5114859, -34.5118698], [-61.5112913, -34.511771]]]}}, {"type": "Feature", "properties": {"municipio_": "06462", "municipi_1": "Leandro N. Alem", "rtn": "50", "typ": 40, "rst": 1, "hct": 2, "fdc": "DVP Buenos Aires", "sag": "IGN", "long_km": 38.956, "partido": "Leandro N. Alem"}, "geometry": {"type": "MultiLineString", "coordinates": [[[-61.4977941, -34.8399611], [-61.4976962, -34.8396697], [-61.4973598, -34.8387297], [-61.4965846, -34.8365638], [-61.4964123, -34.8361595], [-61.4944358, -34.8310866], [-61.4926969, -34.8264784], [-61.4899403, -34.819945], [-61.4886473, -34.8168727], [-61.4875414, -34.8143133], [-61.4860205, -34.8107011], [-61.4782766, -34.7923862], [-61.4760238, -34.7870858], [-61.4735557, -34.7808034], [-61.4705542, -34.7730805], [-61.470343, -34.7724876], [-61.4702088, -34.7718736], [-61.4701496, -34.7711333], [-61.4701417, -34.7703298], [-61.4713553, -34.7475728], [-61.47276098, -34.72120701], [-61.4729048, -34.7185095], [-61.4729342, -34.7179582], [-61.47362421, -34.70501201], [-61.4738011, -34.7016931], [-61.4739057, -34.6997294], [-61.474543, -34.6878244], [-61.47528608, -34.67442818], [-61.4754238, -34.6699753], [-61.4754368, -34.6697145], [-61.4754916, -34.6682638], [-61.4755559, -34.6653941], [-61.4756323, -34.6645476], [-61.47576, -34.6634514], [-61.479319, -34.6386612], [-61.4813632, -34.6241705], [-61.482375, -34.6168104], [-61.4824731, -34.6160965], [-61.482996, -34.6122923], [-61.4847236, -34.6006393], [-61.4847876, -34.6001257], [-61.4872426, -34.5823165], [-61.4875897, -34.5811623], [-61.4879369, -34.580325], [-61.4882692, -34.57967], [-61.4887169, -34.5790572], [-61.4893303, -34.5784022], [-61.4906595, -34.57724], [-61.5082602, -34.5620197], [-61.51474721, -34.556499], [-61.51495217, -34.55632148], [-61.51592923, -34.55546936], [-61.5182114, -34.5534264], [-61.51958702, -34.55226449], [-61.52028393, -34.55145582], [-61.52076172, -34.55078386], [-61.52127807, -34.5498071], [-61.52157718, -34.5488664], [-61.52172957, -34.54806518], [-61.52178437, -34.5472271], [-61.52170683, -34.54645929], [-61.52153923, -34.5456904], [-61.51962062, -34.53960674], [-61.5168276, -34.5305345], [-61.5166365, -34.5296874], [-61.5164711, -34.5287347], [-61.5156498, -34.5232088], [-61.515456, -34.5223276], [-61.5151596, -34.5214253], [-61.5139304, -34.5177702], [-61.5121811, -34.5128172]]]}}, {"type": "Feature", "properties": {"municipio_": "06462", "municipi_1": "Leandro N. Alem", "rtn": "50", "typ": 40, "rst": 1, "hct": 2, "fdc": "DVP Buenos Aires", "sag": "IGN", "long_km": 0.147, "partido": "Leandro N. Alem"}, "geometry": {"type": "MultiLineString", "coordinates": [[[-61.51122234, -34.51010738], [-61.51134084, -34.51030868], [-61.51147504, -34.51051997], [-61.51158926, -34.51068701], [-61.51173345, -34.51081122], [-61.51199711, -34.51096693], [-61.5121146, -34.51103631]]]}}, {"type": "Feature", "properties": {"municipio_": "06462", "municipi_1": "Leandro N. Alem", "rtn": "50", "typ": 40, "rst": 1, "hct": 2, "fdc": "DVP Buenos Aires", "sag": "IGN", "long_km": 35.786, "partido": "Leandro N. Alem"}, "geometry": {"type": "MultiLineString", "coordinates": [[[-61.51122234, -34.51010738], [-61.5110237, -34.50962], [-61.5100705, -34.5069211], [-61.5068424, -34.4977936], [-61.5066507, -34.4972411], [-61.5058954, -34.4951128], [-61.5057558, -34.4947066], [-61.5051207, -34.4929035], [-61.5038912, -34.4894127], [-61.5007038, -34.4804706], [-61.5003191, -34.4796836], [-61.4999343, -34.4789992], [-61.4994311, -34.4782824], [-61.4987621, -34.4775656], [-61.4982702, -34.4770934], [-61.4977318, -34.4766511], [-61.4919536, -34.4718947], [-61.4877151, -34.4686914], [-61.4869868, -34.4682768], [-61.4861878, -34.4679204], [-61.4852116, -34.4675205], [-61.4800804, -34.4659512], [-61.4790461, -34.4656194], [-61.4781178, -34.4652876], [-61.4768233, -34.4646706], [-61.4759195, -34.4641782], [-61.4704554, -34.4608782], [-61.4693821, -34.4601301], [-61.4664551, -34.4577296], [-61.4658357, -34.4571192], [-61.4635916, -34.454869], [-61.4601539, -34.4513807], [-61.4596902, -34.4508293], [-61.4592718, -34.4502895], [-61.4589426, -34.4497479], [-61.4587343, -34.4493387], [-61.4584512, -34.4487107], [-61.4582283, -34.4480917], [-61.4580378, -34.4473741], [-61.4577338, -34.4457416], [-61.4559611, -34.435612], [-61.4558576, -34.4350495], [-61.4543975, -34.4267277], [-61.4541021, -34.4253157], [-61.453773, -34.4243888], [-61.453393, -34.4236196], [-61.4531524, -34.4232043], [-61.452493, -34.4223247], [-61.4519908, -34.4217526], [-61.4513783, -34.4211617], [-61.4457707, -34.4166678], [-61.439627, -34.411744], [-61.4373041, -34.4099139], [-61.4335721, -34.4069166], [-61.4306362, -34.4044026], [-61.416236, -34.3918965], [-61.4128056, -34.38886054], [-61.3970677, -34.375232], [-61.394817, -34.3733024], [-61.3847624, -34.3645468], [-61.3782256, -34.3588519], [-61.3777505, -34.3584387], [-61.3772953, -34.3580076], [-61.3768285, -34.3575076], [-61.37652, -34.3571359], [-61.3762744, -34.3568045], [-61.3759681, -34.3563102], [-61.3756633, -34.3557432], [-61.369199, -34.3438978], [-61.3633215, -34.3331872], [-61.3631157, -34.3328414], [-61.3628898, -34.3325101], [-61.3625868, -34.3321274], [-61.3623015, -34.3318077], [-61.361963, -34.3314414], [-61.3614643, -34.3310231], [-61.3582549, -34.3283572], [-61.3568556, -34.3272113], [-61.35142, -34.3227039], [-61.3509974, -34.322363], [-61.3473226, -34.3194251], [-61.3394764, -34.3129216], [-61.3316377, -34.3064238], [-61.3296212, -34.3047708], [-61.3295017, -34.304671], [-61.32934, -34.304536], [-61.329168, -34.3043918], [-61.329017, -34.3042645], [-61.3288119, -34.3040911], [-61.3282773, -34.3036182], [-61.328059, -34.3034184], [-61.3279175, -34.3032928], [-61.3276042, -34.3030162], [-61.3262342, -34.3018265], [-61.3257405, -34.3013971], [-61.3255257, -34.3012031], [-61.3253255, -34.301014], [-61.3239866, -34.2997617], [-61.3226383, -34.2984881], [-61.3225256, -34.2983826], [-61.3223781, -34.2982488], [-61.3222381, -34.2981345], [-61.3219622, -34.2979112], [-61.318832, -34.2952955], [-61.3168658, -34.2936446], [-61.3162681, -34.2931556], [-61.3150322, -34.2921344], [-61.3146494, -34.2918181], [-61.3138424, -34.291156], [-61.3132267, -34.2906865], [-61.3125701, -34.2903026], [-61.311302, -34.2897236], [-61.3097445, -34.2889968], [-61.3089493, -34.2885823], [-61.3085345, -34.2882942], [-61.3074645, -34.2874215], [-61.3042757, -34.2848249], [-61.3041955, -34.284762], [-61.3005723, -34.2817621]]]}}, {"type": "Feature", "properties": {"municipio_": "06462", "municipi_1": "Leandro N. Alem", "rtn": "50", "typ": 40, "rst": 1, "hct": 2, "fdc": "DVP Buenos Aires", "sag": "IGN", "long_km": 0.132, "partido": "Leandro N. Alem"}, "geometry": {"type": "MultiLineString", "coordinates": [[[-61.5110425, -34.5112398], [-61.51115221, -34.51106877], [-61.5111815, -34.5110231], [-61.5112381, -34.5108425], [-61.5112504, -34.5106538], [-61.511243, -34.5104813], [-61.5112233, -34.5103251], [-61.51122234, -34.51010738]]]}}, {"type": "Feature", "properties": {"municipio_": "06392", "municipi_1": "General Villegas", "rtn": "66", "typ": 40, "rst": 3, "hct": 2, "fdc": "DVP Buenos Aires", "sag": "IGN", "long_km": 31.649, "partido": "General Villegas"}, "geometry": {"type": "MultiLineString", "coordinates": [[[-62.4740134, -34.63198506], [-62.4739575, -34.6317684], [-62.4738988, -34.6315097], [-62.4738143, -34.6311296], [-62.4737572, -34.6310554], [-62.4720517, -34.6305995], [-62.4663576, -34.6288931], [-62.4554252, -34.6254666], [-62.452521, -34.6245609], [-62.4512045, -34.6241923], [-62.4501693, -34.6222579], [-62.4372216, -34.5980901], [-62.4284743, -34.5817104], [-62.428331, -34.5814484], [-62.4282417, -34.5812797], [-62.4194205, -34.5646691], [-62.4109168, -34.5487508], [-62.4106227, -34.5482003], [-62.4084044, -34.5440472], [-62.4081524, -34.54347], [-62.3937345, -34.4953954], [-62.386929, -34.4727722], [-62.3826617, -34.4583953], [-62.3816047, -34.4550339], [-62.3804789, -34.4486039], [-62.3804564, -34.4484776], [-62.3804324, -34.4483425], [-62.378646, -34.4378999], [-62.3780843, -34.4348556], [-62.3764551, -34.4254112], [-62.3763906, -34.425181], [-62.3762842, -34.424995], [-62.3761062, -34.4247826], [-62.3733175, -34.42243], [-62.3728797, -34.4219525], [-62.3726679, -34.4215318], [-62.3686812, -34.409129], [-62.368514, -34.4087433], [-62.3639946, -34.4015194], [-62.3633427, -34.400449], [-62.3626184, -34.3993887], [-62.3625463, -34.3990903], [-62.3630339, -34.3859352], [-62.36315385, -34.38354087]]]}}, {"type": "Feature", "properties": {"municipio_": "06277", "municipi_1": "Florentino Ameghino", "rtn": "66", "typ": 40, "rst": 1, "hct": 2, "fdc": "DVP Buenos Aires", "sag": "IGN", "long_km": 27.675, "partido": "Florentino Ameghino"}, "geometry": {"type": "MultiLineString", "coordinates": [[[-62.4740134, -34.63198506], [-62.4740309, -34.6320529], [-62.4741303, -34.6324826], [-62.4743604, -34.6333148], [-62.4745408, -34.6339487], [-62.4748507, -34.6351249], [-62.4749183, -34.6354196], [-62.4751517, -34.6362894], [-62.475306, -34.6368642], [-62.475785, -34.6386435], [-62.4758164, -34.6387556], [-62.4769709, -34.6430275], [-62.4797292, -34.653226], [-62.4808956, -34.6575769], [-62.4825211, -34.6635909], [-62.4837303, -34.6680742], [-62.4871713, -34.6806853], [-62.4880031, -34.6837688], [-62.4892, -34.6882296], [-62.4904353, -34.6928336], [-62.4928049, -34.7016818], [-62.4928985, -34.7020055], [-62.4980086, -34.7210176], [-62.49863, -34.723303], [-62.4993642, -34.7261092], [-62.4996554, -34.7270323], [-62.4999372, -34.7277355], [-62.5001644, -34.7282048], [-62.5004666, -34.7286994], [-62.5007939, -34.7291661], [-62.5011452, -34.7295903], [-62.5024663, -34.731115], [-62.5052866, -34.7343125], [-62.5060699, -34.7352559], [-62.5065553, -34.7358783], [-62.5070124, -34.7366102], [-62.5073466, -34.7373279], [-62.5077006, -34.738333], [-62.5078166, -34.7388137], [-62.507935, -34.7395549], [-62.5079152, -34.7410837], [-62.5077878, -34.7440368], [-62.507494, -34.75075], [-62.5070247, -34.7613057], [-62.5067243, -34.7675371], [-62.5064561, -34.773909], [-62.5064132, -34.774866], [-62.5062853, -34.7777209], [-62.5051443, -34.8031818], [-62.5049921, -34.8062904], [-62.5030872, -34.8491], [-62.5027201, -34.8580256], [-62.5027139, -34.8581953], [-62.5027071, -34.8583381], [-62.5026373, -34.8597965], [-62.5023469, -34.8668044], [-62.50200389, -34.87427805], [-62.5020009, -34.8743432]]]}}, {"type": "Feature", "properties": {"municipio_": "06277", "municipi_1": "Florentino Ameghino", "rtn": "66", "typ": 40, "rst": 3, "hct": 2, "fdc": "DVP Buenos Aires", "sag": "IGN", "long_km": 90.286, "partido": "Florentino Ameghino"}, "geometry": {"type": "MultiLineString", "coordinates": [[[-62.39390247, -35.38275019], [-62.3960899, -35.3748301], [-62.3985954, -35.3658321], [-62.40101211, -35.35713044], [-62.40101782, -35.35707762], [-62.40100954, -35.35705201], [-62.40098815, -35.35703982], [-62.40092083, -35.35702432], [-62.3872064, -35.3544747], [-62.386931, -35.3544373], [-62.3867413, -35.3543924], [-62.38669787, -35.35435541], [-62.38668661, -35.35433093], [-62.3866944, -35.35430008], [-62.3867413, -35.3542202], [-62.3869034, -35.3540705], [-62.3906979, -35.3509298], [-62.3909272, -35.3507533], [-62.3910051, -35.3506016], [-62.3909878, -35.3504816], [-62.3908746, -35.3503466], [-62.3784847, -35.3380039], [-62.3717379, -35.3311907], [-62.34436308, -35.30395396], [-62.34428218, -35.30389685], [-62.3441563, -35.30386972], [-62.34402281, -35.30388019], [-62.34398641, -35.30388828], [-62.3439081, -35.3039225], [-62.3433145, -35.304417], [-62.34289333, -35.30483616], [-62.34277674, -35.30490993], [-62.34270631, -35.30492944], [-62.3426078, -35.3049361], [-62.3424271, -35.3049164], [-62.3421803, -35.3047977], [-62.30842822, -35.27778554], [-62.30840232, -35.2777578], [-62.30839566, -35.27774543], [-62.30839455, -35.2777308], [-62.30840026, -35.27771081], [-62.31999884, -35.26831798], [-62.3200804, -35.2682319], [-62.320034, -35.2681393], [-62.3074478, -35.2579155], [-62.30185576, -35.25342536], [-62.30181829, -35.25339595], [-62.30180401, -35.25338239], [-62.30179901, -35.25336383], [-62.30180301, -35.25334294], [-62.30244191, -35.25281482], [-62.3088132, -35.2475483], [-62.3319098, -35.2284671], [-62.3367574, -35.2244728], [-62.3480883, -35.215132], [-62.3481264, -35.2149597], [-62.348028, -35.2147943], [-62.3470038, -35.2139805], [-62.346134, -35.2133042], [-62.3459099, -35.2131002], [-62.3458216, -35.2128493], [-62.3458519, -35.2126689], [-62.3459316, -35.2125116], [-62.3568627, -35.199089], [-62.3627935, -35.1922539], [-62.363166, -35.1919746], [-62.3635543, -35.1917722], [-62.3742984, -35.1883298], [-62.3766436, -35.1875797], [-62.3770007, -35.1874257], [-62.3774075, -35.1871014], [-62.3861178, -35.1799742], [-62.3919489, -35.17523745], [-62.3972493, -35.1709318], [-62.4006455, -35.1681727], [-62.4204241, -35.1520157], [-62.4205037, -35.1519167], [-62.4205222, -35.1518113], [-62.420445, -35.1516815], [-62.41439915, -35.14623267], [-62.41436298, -35.14615463], [-62.41433253, -35.14606706], [-62.4143695, -35.1459798], [-62.4144545, -35.1458884], [-62.416809, -35.1439789], [-62.4169012, -35.143856], [-62.4169106, -35.1437438], [-62.4168272, -35.1436373], [-62.411403, -35.1392822], [-62.39738227, -35.12774321], [-62.39735747, -35.12770876], [-62.39735675, -35.12769092], [-62.39737109, -35.12767254], [-62.39739596, -35.12765705], [-62.4229029, -35.1258779], [-62.4261093, -35.1256802], [-62.4337537, -35.1252088], [-62.435476, -35.1251618], [-62.436739, -35.1252088], [-62.4474657, -35.1263507], [-62.44769, -35.1263387], [-62.4478046, -35.1263064], [-62.447867, -35.1262292], [-62.4478953, -35.1260815], [-62.4479277, -35.1258951], [-62.4479844, -35.1258101], [-62.4480936, -35.1257519], [-62.4482666, -35.1257313], [-62.4511106, -35.1260146], [-62.4675114, -35.1277675], [-62.4810713, -35.1292168], [-62.49999338, -35.13129035], [-62.50002954, -35.1312637], [-62.50004477, -35.13125037], [-62.50004953, -35.13122658], [-62.50004953, -35.13119898], [-62.4917782, -35.1196081], [-62.49080631, -35.11825563], [-62.4778845, -35.1002737], [-62.4692016, -35.088163], [-62.4636529, -35.0804737], [-62.4635983, -35.0803006], [-62.4636185, -35.0801354], [-62.4637181, -35.0799739], [-62.4638502, -35.0798138], [-62.46861615, -35.07590191], [-62.4715633, -35.0734829], [-62.4716669, -35.0733377], [-62.4717029, -35.0731657], [-62.4716712, -35.0730187], [-62.4715765, -35.0728545], [-62.4605511, -35.0632572], [-62.4577078, -35.0607607], [-62.4432981, -35.0481862], [-62.4431442, -35.0480518], [-62.4430808, -35.0479431], [-62.4430175, -35.0478], [-62.4416154, -35.0412784], [-62.4394591, -35.0314533], [-62.4387651, -35.0283693], [-62.4374201, -35.0223921], [-62.4329019, -35.0024661], [-62.4313355, -34.9955571], [-62.4313684, -34.9953741], [-62.4315051, -34.9952819], [-62.4316685, -34.9952504], [-62.433217, -34.9952801], [-62.4333907, -34.9952093], [-62.4335106, -34.9950774], [-62.4335809, -34.9949335], [-62.4348993, -34.9830603], [-62.4349212, -34.9820836], [-62.4381884, -34.9530506], [-62.4385368, -34.9505565], [-62.4384914, -34.9504808], [-62.4383936, -34.9504317], [-62.4344634, -34.9503189], [-62.4356012, -34.9390895], [-62.4368698, -34.9278448], [-62.4369268, -34.9277174], [-62.4370263, -34.9275957], [-62.4372105, -34.927559], [-62.4407688, -34.927716], [-62.4409241, -34.9276938], [-62.4410429, -34.9275491], [-62.4416333, -34.922161], [-62.4435646, -34.904531], [-62.4436781, -34.903495], [-62.4437236, -34.9033803], [-62.4437935, -34.9033131], [-62.4439092, -34.9032832], [-62.4447488, -34.9032966], [-62.4448975, -34.9032694], [-62.4450205, -34.9032123], [-62.4450894, -34.9031552], [-62.4451351, -34.9030323], [-62.4457152, -34.8924058], [-62.4468256, -34.8725672], [-62.44699337, -34.86962659], [-62.4473369, -34.8636049], [-62.44749457, -34.86153877]]]}}, {"type": "Feature", "properties": {"municipio_": "06277", "municipi_1": "Florentino Ameghino", "rtn": "66", "typ": 40, "rst": 3, "hct": 2, "fdc": "DVP Buenos Aires", "sag": "IGN", "long_km": 31.649, "partido": "Florentino Ameghino"}, "geometry": {"type": "MultiLineString", "coordinates": [[[-62.4740134, -34.63198506], [-62.4739575, -34.6317684], [-62.4738988, -34.6315097], [-62.4738143, -34.6311296], [-62.4737572, -34.6310554], [-62.4720517, -34.6305995], [-62.4663576, -34.6288931], [-62.4554252, -34.6254666], [-62.452521, -34.6245609], [-62.4512045, -34.6241923], [-62.4501693, -34.6222579], [-62.4372216, -34.5980901], [-62.4284743, -34.5817104], [-62.428331, -34.5814484], [-62.4282417, -34.5812797], [-62.4194205, -34.5646691], [-62.4109168, -34.5487508], [-62.4106227, -34.5482003], [-62.4084044, -34.5440472], [-62.4081524, -34.54347], [-62.3937345, -34.4953954], [-62.386929, -34.4727722], [-62.3826617, -34.4583953], [-62.3816047, -34.4550339], [-62.3804789, -34.4486039], [-62.3804564, -34.4484776], [-62.3804324, -34.4483425], [-62.378646, -34.4378999], [-62.3780843, -34.4348556], [-62.3764551, -34.4254112], [-62.3763906, -34.425181], [-62.3762842, -34.424995], [-62.3761062, -34.4247826], [-62.3733175, -34.42243], [-62.3728797, -34.4219525], [-62.3726679, -34.4215318], [-62.3686812, -34.409129], [-62.368514, -34.4087433], [-62.3639946, -34.4015194], [-62.3633427, -34.400449], [-62.3626184, -34.3993887], [-62.3625463, -34.3990903], [-62.3630339, -34.3859352], [-62.36315385, -34.38354087]]]}}]}