{"type": "FeatureCollection", "features": [{"type": "Feature", "properties": {"NOMEMCLATURA": "034-01", "PARTIDO": "34", "PARTIDO_NOMBRE": "General Alvear", "DENOMINACION": "Yerbas - Gral. Alvear (Tramo 1)", "CLASE": "DE TIERRA", "TRANSITABIlIDAD": "TEMPORARIO", "TIPO": "CAMINO", "TRAMO_NUM": "1", "LON_INI": -60.063151609724194, "LAT_INI": -36.18001085224566, "LON_FIN": -60.02270303072407, "LAT_FIN": -36.027309668846684, "LONGITUD_KM_ORIG": 17.67, "LONGITUD_KM_WGS84": 17.5276, "N_VERTICES": 18, "N_LINEAS": 1, "DIFF_PCT": -0.8, "ALERTA": ""}, "geometry": {"type": "MultiLineString", "coordinates": [[[-60.063151609724194, -36.18001085224566, 0.0], [-60.0633651, -36.1787142, 0.0], [-60.0638279, -36.177573, 0.0], [-60.064468935717265, -36.173562833403565, 0.0], [-60.0647749, -36.1701204, 0.0], [-60.064547, -36.1667384, 0.0], [-60.063945, -36.1639648, 0.0], [-60.0630747, -36.1614249, 0.0], [-60.0592715, -36.151491, 0.0], [-60.04381345584285, -36.110332511080834, 0.0], [-60.04269001484461, -36.10813516666261, 0.0], [-60.04205293064773, -36.106871931740784, 0.0], [-60.039787030093976, -36.10278074831603, 0.0], [-60.03633509622177, -36.09644285336152, 0.0], [-60.0295318, -36.0833059, 0.0], [-60.0292149, -36.0821378, 0.0], [-60.0289732, -36.0808829, 0.0], [-60.02270303072407, -36.027309668846684, 0.0]]]}}, {"type": "Feature", "properties": {"NOMEMCLATURA": "034-01", "PARTIDO": "34", "PARTIDO_NOMBRE": "General Alvear", "DENOMINACION": "Gral. Alvear - Saladillo (Tramo 2)", "CLASE": "DE TIERRA", "TRANSITABIlIDAD": "TEMPORARIO", "TIPO": "CAMINO", "TRAMO_NUM": "2", "LON_INI": -60.02270303072407, "LAT_INI": -36.027309668846684, "LON_FIN": -59.939162748243916, "LAT_FIN": -35.870383194731104, "LONGITUD_KM_ORIG": 19.405, "LONGITUD_KM_WGS84": 20.6836, "N_VERTICES": 40, "N_LINEAS": 1, "DIFF_PCT": 6.6, "ALERTA": ""}, "geometry": {"type": "MultiLineString", "coordinates": [[[-60.02270303072407, -36.027309668846684, 0.0], [-60.02269178871041, -36.02724289984868, 0.0], [-60.02178225751157, -36.01888780192244, 0.0], [-60.02092835548744, -36.01030870845994, 0.0], [-60.02091378958881, -36.010272245485055, 0.0], [-60.020819173638735, -36.01027127639054, 0.0], [-60.01390736660788, -36.01083356086365, 0.0], [-60.01384742934188, -36.010832078796604, 0.0], [-60.013816332574805, -36.01080431305815, 0.0], [-60.0115067, -35.9906492, 0.0], [-60.0117814, -35.9871008, 0.0], [-60.011887, -35.9869168, 0.0], [-60.012132, -35.9868369, 0.0], [-60.013669173193506, -35.98696768661936, 0.0], [-60.01410118352153, -35.9869855167814, 0.0], [-60.01454517873345, -35.98691881954528, 0.0], [-60.016179126094286, -35.98653337415391, 0.0], [-60.01660912641726, -35.986512184298306, 0.0], [-60.016900818720295, -35.98657250527726, 0.0], [-60.01805062119696, -35.98706482863419, 0.0], [-60.01825012058817, -35.98713329475505, 0.0], [-60.0183259034127, -35.98709484643008, 0.0], [-60.01833926618429, -35.98703533335611, 0.0], [-60.018374363354326, -35.98689329234331, 0.0], [-60.0182975, -35.9860456, 0.0], [-60.01786689175843, -35.98432894566401, 0.0], [-60.01726030348508, -35.983061605769464, 0.0], [-60.016927938120894, -35.98253930684921, 0.0], [-60.01667563912386, -35.98216482972947, 0.0], [-60.01605577573932, -35.98148889625684, 0.0], [-60.00874440511047, -35.974133357679605, 0.0], [-60.00731841832309, -35.97279309077021, 0.0], [-60.001336, -35.9667186, 0.0], [-59.9968233, -35.9620372, 0.0], [-59.9950736, -35.9601215, 0.0], [-59.9696953, -35.9196813, 0.0], [-59.943636, -35.8780535, 0.0], [-59.93920079402713, -35.870992620755786, 0.0], [-59.93915902364444, -35.87077153157282, 0.0], [-59.939162748243916, -35.870383194731104, 0.0]]]}}, {"type": "Feature", "properties": {"NOMEMCLATURA": "034-02", "PARTIDO": "34", "PARTIDO_NOMBRE": "General Alvear", "DENOMINACION": "Gral Alvear - Mamaguita", "CLASE": "DE TIERRA", "TRANSITABIlIDAD": "TEMPORARIO", "TIPO": "CAMINO", "TRAMO_NUM": null, "LON_INI": -60.01825012058817, "LAT_INI": -35.98713329475505, "LON_FIN": -60.17998666276257, "LAT_FIN": -35.848945724500204, "LONGITUD_KM_ORIG": 22.315, "LONGITUD_KM_WGS84": 22.3608, "N_VERTICES": 54, "N_LINEAS": 1, "DIFF_PCT": 0.2, "ALERTA": ""}, "geometry": {"type": "MultiLineString", "coordinates": [[[-60.01825012058817, -35.98713329475505, 0.0], [-60.01845330260904, -35.9871832335489, 0.0], [-60.01879530995985, -35.98718643139621, 0.0], [-60.02118722741535, -35.98670489400827, 0.0], [-60.0221938, -35.9865615, 0.0], [-60.022804729698336, -35.986543151603655, 0.0], [-60.0269389, -35.986582, 0.0], [-60.03226833180417, -35.98658237302738, 0.0], [-60.0325350868087, -35.98650936966818, 0.0], [-60.032750884491136, -35.98637527501673, 0.0], [-60.034738088043405, -35.982834589377745, 0.0], [-60.0355062, -35.981307, 0.0], [-60.0362639, -35.9773499, 0.0], [-60.0375983501632, -35.974606275420186, 0.0], [-60.0387414, -35.9725009, 0.0], [-60.0414693, -35.9701984, 0.0], [-60.0418501, -35.9699486, 0.0], [-60.0423435, -35.9698811, 0.0], [-60.0451113, -35.9700326, 0.0], [-60.0455671, -35.9699735, 0.0], [-60.0459477, -35.9697842, 0.0], [-60.050773, -35.9666069, 0.0], [-60.0544393, -35.9633426, 0.0], [-60.0551365, -35.9619219, 0.0], [-60.088159875595494, -35.93649762043025, 0.0], [-60.090886, -35.9335708, 0.0], [-60.09894389365083, -35.92335751823219, 0.0], [-60.09917610030364, -35.923006464308216, 0.0], [-60.09921445571514, -35.9226713393559, 0.0], [-60.09898693298582, -35.91900126911467, 0.0], [-60.098902338952534, -35.91723125653946, 0.0], [-60.09901440956791, -35.91674330732893, 0.0], [-60.09928909326254, -35.91646514992004, 0.0], [-60.1088398, -35.9091994, 0.0], [-60.112101, -35.9087896, 0.0], [-60.1141441, -35.9073209, 0.0], [-60.1166539, -35.905813, 0.0], [-60.1236675, -35.9021878, 0.0], [-60.1424131, -35.8882161, 0.0], [-60.1435543, -35.8868644, 0.0], [-60.1440813, -35.8863905, 0.0], [-60.1470616, -35.8851321, 0.0], [-60.1520385, -35.8815907, 0.0], [-60.157503, -35.8778316, 0.0], [-60.1617367, -35.8752684, 0.0], [-60.1649687, -35.8734268, 0.0], [-60.1654259, -35.8731341, 0.0], [-60.1657946, -35.8727435, 0.0], [-60.1738157, -35.8560177, 0.0], [-60.1765249, -35.8517012, 0.0], [-60.1767321, -35.8514264, 0.0], [-60.1774382, -35.8510495, 0.0], [-60.17994156311678, -35.84907687411519, 0.0], [-60.17998666276257, -35.848945724500204, 0.0]]]}}, {"type": "Feature", "properties": {"NOMEMCLATURA": "034-03", "PARTIDO": "34", "PARTIDO_NOMBRE": "General Alvear", "DENOMINACION": "J. M. Micheo - RP 51", "CLASE": "DE TIERRA", "TRANSITABIlIDAD": "TEMPORARIO", "TIPO": "CAMINO", "TRAMO_NUM": null, "LON_INI": -59.9458051, "LAT_INI": -35.8815236, "LON_FIN": -59.8661600877127, "LAT_FIN": -35.91098017700846, "LONGITUD_KM_ORIG": 10.525, "LONGITUD_KM_WGS84": 10.8382, "N_VERTICES": 25, "N_LINEAS": 1, "DIFF_PCT": 3.0, "ALERTA": ""}, "geometry": {"type": "MultiLineString", "coordinates": [[[-59.9458051, -35.8815236, 0.0], [-59.944396, -35.882092, 0.0], [-59.94394636732168, -35.882395755668554, 0.0], [-59.94367, -35.882637, 0.0], [-59.9418531, -35.8844958, 0.0], [-59.9406657, -35.8859055, 0.0], [-59.9365705, -35.8916047, 0.0], [-59.9330242, -35.896569, 0.0], [-59.9296061, -35.9012073, 0.0], [-59.9267177, -35.9050216, 0.0], [-59.91851007766866, -35.91215288234647, 0.0], [-59.91843309145839, -35.91220605087358, 0.0], [-59.918311302114724, -35.91223652074964, 0.0], [-59.918159344374494, -35.91215067268313, 0.0], [-59.90276531635699, -35.898888434375124, 0.0], [-59.902645441706376, -35.8988508855098, 0.0], [-59.902513347650874, -35.89890005697598, 0.0], [-59.891974728911656, -35.907024469683435, 0.0], [-59.89178930584734, -35.90707752356944, 0.0], [-59.89157254634848, -35.907012280367304, 0.0], [-59.8809205, -35.8993784, 0.0], [-59.8802185, -35.8993267, 0.0], [-59.8796345, -35.8996141, 0.0], [-59.8780761, -35.9017531, 0.0], [-59.8661600877127, -35.91098017700846, 0.0]]]}}, {"type": "Feature", "properties": {"NOMEMCLATURA": "034-04", "PARTIDO": "34", "PARTIDO_NOMBRE": "General Alvear", "DENOMINACION": "Gral. Alvear - Bolivar", "CLASE": "DE TIERRA", "TRANSITABIlIDAD": "TEMPORARIO", "TIPO": "CAMINO", "TRAMO_NUM": null, "LON_INI": -60.0866204, "LAT_INI": -36.0149924, "LON_FIN": -60.3719838, "LAT_FIN": -35.9529642, "LONGITUD_KM_ORIG": 35.362, "LONGITUD_KM_WGS84": 30.9752, "N_VERTICES": 49, "N_LINEAS": 1, "DIFF_PCT": -12.4, "ALERTA": "REVISAR"}, "geometry": {"type": "MultiLineString", "coordinates": [[[-60.0866204, -36.0149924, 0.0], [-60.1667052, -36.0165271, 0.0], [-60.1675013, -36.0167619, 0.0], [-60.1710654, -36.0186107, 0.0], [-60.1813651, -36.0150085, 0.0], [-60.1823786, -36.0149706, 0.0], [-60.1941303, -36.0183991, 0.0], [-60.1947573, -36.018447, 0.0], [-60.1952447, -36.018304, 0.0], [-60.2038337, -36.0131232, 0.0], [-60.2084094, -36.010424, 0.0], [-60.211976, -36.0085228, 0.0], [-60.2125404, -36.0082824, 0.0], [-60.2130297, -36.0083284, 0.0], [-60.2196947, -36.0113884, 0.0], [-60.2258983, -36.0132201, 0.0], [-60.2281901, -36.0140208, 0.0], [-60.2292771, -36.0144125, 0.0], [-60.2297632, -36.0144744, 0.0], [-60.2365952, -36.0141163, 0.0], [-60.2375871, -36.0139095, 0.0], [-60.2422373, -36.0110211, 0.0], [-60.2450237, -36.0099554, 0.0], [-60.2477779, -36.0090112, 0.0], [-60.2516983, -36.0082639, 0.0], [-60.2526003, -36.0082117, 0.0], [-60.253454, -36.0084675, 0.0], [-60.2584929, -36.0104371, 0.0], [-60.2593231, -36.0108407, 0.0], [-60.2632111, -36.0134313, 0.0], [-60.2700224, -36.0157706, 0.0], [-60.2782669, -36.0173457, 0.0], [-60.282046, -36.0181959, 0.0], [-60.2864475, -36.0192629, 0.0], [-60.2899708, -36.0208086, 0.0], [-60.2906918, -36.0213363, 0.0], [-60.2912143, -36.0215321, 0.0], [-60.3039057, -36.0125544, 0.0], [-60.313462, -36.0059534, 0.0], [-60.3373363, -35.9889556, 0.0], [-60.3547894, -35.9766007, 0.0], [-60.3554283, -35.9763181, 0.0], [-60.357698, -35.9745422, 0.0], [-60.3623991, -35.9708481, 0.0], [-60.3581952, -35.9672713, 0.0], [-60.3680977, -35.9596224, 0.0], [-60.3665578, -35.9583232, 0.0], [-60.371831, -35.95325, 0.0], [-60.3719838, -35.9529642, 0.0]]]}}, {"type": "Feature", "properties": {"NOMEMCLATURA": "034-05", "PARTIDO": "34", "PARTIDO_NOMBRE": "General Alvear", "DENOMINACION": "Gral Alvear - Tapalque (Tramo 1)", "CLASE": "DE TIERRA", "TRANSITABIlIDAD": "TEMPORARIO", "TIPO": "CAMINO", "TRAMO_NUM": "1", "LON_INI": -60.1710654, "LAT_INI": -36.0186107, "LON_FIN": -60.58684880377521, "LAT_FIN": -36.20401948908106, "LONGITUD_KM_ORIG": 48.399, "LONGITUD_KM_WGS84": 46.0589, "N_VERTICES": 88, "N_LINEAS": 1, "DIFF_PCT": -4.8, "ALERTA": ""}, "geometry": {"type": "MultiLineString", "coordinates": [[[-60.1710654, -36.0186107, 0.0], [-60.1719783, -36.0191042, 0.0], [-60.1754179, -36.0231945, 0.0], [-60.2258971, -36.0566062, 0.0], [-60.2280537, -36.0571855, 0.0], [-60.234614, -36.0606303, 0.0], [-60.2347685, -36.0608025, 0.0], [-60.2348318, -36.0610182, 0.0], [-60.2347342, -36.0619342, 0.0], [-60.2348458, -36.0621694, 0.0], [-60.2362783, -36.0632075, 0.0], [-60.2404481, -36.0644335, 0.0], [-60.2457824, -36.0674225, 0.0], [-60.2461445, -36.0676968, 0.0], [-60.246646, -36.0688904, 0.0], [-60.2477724, -36.0699378, 0.0], [-60.2481326, -36.0699538, 0.0], [-60.2500698, -36.0692847, 0.0], [-60.2513446, -36.0697341, 0.0], [-60.2586883, -36.072566, 0.0], [-60.2665047, -36.0760044, 0.0], [-60.2702678, -36.0786864, 0.0], [-60.2746104, -36.0809172, 0.0], [-60.2901141, -36.0854305, 0.0], [-60.2944056, -36.0889231, 0.0], [-60.3012727, -36.0950337, 0.0], [-60.3046112, -36.0973366, 0.0], [-60.3124996, -36.105142, 0.0], [-60.3147919, -36.1075189, 0.0], [-60.3169584, -36.1099522, 0.0], [-60.3235926, -36.1144753, 0.0], [-60.329734, -36.1187077, 0.0], [-60.3303849, -36.1186405, 0.0], [-60.331346, -36.1183101, 0.0], [-60.3323876, -36.11814, 0.0], [-60.3333284, -36.11829, 0.0], [-60.3885988, -36.1424011, 0.0], [-60.3974615, -36.1488477, 0.0], [-60.3977575, -36.148937, 0.0], [-60.3984075, -36.1489483, 0.0], [-60.415282566748076, -36.16076048999319, 0.0], [-60.4255977, -36.1597962, 0.0], [-60.4401037, -36.1658424, 0.0], [-60.4456703, -36.1693186, 0.0], [-60.446775345114, -36.17062157307746, 0.0], [-60.446892386507336, -36.170684209485295, 0.0], [-60.4470210061364, -36.170645294106, 0.0], [-60.458858817201154, -36.16193582748095, 0.0], [-60.45900820326442, -36.161918501090085, 0.0], [-60.45916540987778, -36.16199181234567, 0.0], [-60.466960332475445, -36.16891056152071, 0.0], [-60.4671761814282, -36.16903093825575, 0.0], [-60.46740091764449, -36.1690103507899, 0.0], [-60.4786259, -36.1653305, 0.0], [-60.4871213, -36.1619591, 0.0], [-60.48750432147954, -36.16172506247204, 0.0], [-60.48809002514117, -36.161318613822566, 0.0], [-60.4890564, -36.1608975, 0.0], [-60.489421459826765, -36.160836188220685, 0.0], [-60.48976721588387, -36.160933326378974, 0.0], [-60.4930837, -36.1630537, 0.0], [-60.49743945880288, -36.16418741675679, 0.0], [-60.49777996662672, -36.16421950926637, 0.0], [-60.498027379218335, -36.16413668248252, 0.0], [-60.498209013222414, -36.16403047647419, 0.0], [-60.50259626019682, -36.16151681058225, 0.0], [-60.50284608344841, -36.161432978217285, 0.0], [-60.50303827702188, -36.161459765460194, 0.0], [-60.5162951, -36.1669716, 0.0], [-60.51652955101282, -36.16699809265896, 0.0], [-60.51757577501667, -36.16696006713792, 0.0], [-60.51775093906972, -36.166981976700356, 0.0], [-60.51795826728117, -36.16708948679084, 0.0], [-60.5189368, -36.1680928, 0.0], [-60.5249853, -36.1706168, 0.0], [-60.525179611154506, -36.170632495423575, 0.0], [-60.5252931, -36.1706875, 0.0], [-60.527478581056634, -36.17234112753254, 0.0], [-60.5425892, -36.1834279, 0.0], [-60.5429794, -36.1835972, 0.0], [-60.5434997, -36.1836745, 0.0], [-60.548093, -36.1858218, 0.0], [-60.5483531, -36.1860128, 0.0], [-60.548911, -36.186654, 0.0], [-60.585543485403896, -36.20361689698865, 0.0], [-60.58582911556808, -36.20376332526942, 0.0], [-60.586136369176955, -36.203874168718215, 0.0], [-60.58684880377521, -36.20401948908106, 0.0]]]}}, {"type": "Feature", "properties": {"NOMEMCLATURA": "034-05", "PARTIDO": "34", "PARTIDO_NOMBRE": "General Alvear", "DENOMINACION": "Gral Alvear - Tapalque (Tramo 2, sin abrir)", "CLASE": "DE TIERRA", "TRANSITABIlIDAD": "TEMPORARIO", "TIPO": "CAMINO", "TRAMO_NUM": "2", "LON_INI": -60.58684880377521, "LAT_INI": -36.20401948908106, "LON_FIN": -60.59924682342068, "LAT_FIN": -36.210060306357946, "LONGITUD_KM_ORIG": null, "LONGITUD_KM_WGS84": 1.3409, "N_VERTICES": 5, "N_LINEAS": 1, "DIFF_PCT": null, "ALERTA": ""}, "geometry": {"type": "MultiLineString", "coordinates": [[[-60.58684880377521, -36.20401948908106, 0.0], [-60.587009234302855, -36.20400884726464, 0.0], [-60.58680605020166, -36.204319292763714, 0.0], [-60.5870268353123, -36.20441183319526, 0.0], [-60.59924682342068, -36.210060306357946, 0.0]]]}}, {"type": "Feature", "properties": {"NOMEMCLATURA": "034-06", "PARTIDO": "34", "PARTIDO_NOMBRE": "General Alvear", "DENOMINACION": "Yerbas - Emma", "CLASE": "DE TIERRA", "TRANSITABIlIDAD": "TEMPORARIO", "TIPO": "CAMINO", "TRAMO_NUM": null, "LON_INI": -60.0579659, "LAT_INI": -36.148051, "LON_FIN": -60.2128699, "LAT_FIN": -36.2086178, "LONGITUD_KM_ORIG": 18.117, "LONGITUD_KM_WGS84": 18.3866, "N_VERTICES": 27, "N_LINEAS": 1, "DIFF_PCT": 1.5, "ALERTA": ""}, "geometry": {"type": "MultiLineString", "coordinates": [[[-60.0579659, -36.148051, 0.0], [-60.0586863, -36.1480624, 0.0], [-60.0719858, -36.1430355, 0.0], [-60.0991119, -36.16315, 0.0], [-60.1318449, -36.1877872, 0.0], [-60.1452767, -36.1965296, 0.0], [-60.1506545, -36.2019662, 0.0], [-60.1514446, -36.2027711, 0.0], [-60.1520951, -36.2035587, 0.0], [-60.1528943, -36.2045476, 0.0], [-60.1539294, -36.2055451, 0.0], [-60.1564453, -36.2079624, 0.0], [-60.1577301, -36.2094005, 0.0], [-60.1598519, -36.2129334, 0.0], [-60.1607789, -36.2136423, 0.0], [-60.1634869, -36.2146801, 0.0], [-60.1639166, -36.2147318, 0.0], [-60.1650008, -36.2145845, 0.0], [-60.1656349, -36.2146446, 0.0], [-60.171302, -36.2154141, 0.0], [-60.1718507, -36.2156089, 0.0], [-60.1728447, -36.2160807, 0.0], [-60.1813614, -36.2203739, 0.0], [-60.1855131, -36.2230385, 0.0], [-60.1893003, -36.2253395, 0.0], [-60.2062496, -36.2134032, 0.0], [-60.2128699, -36.2086178, 0.0]]]}}, {"type": "Feature", "properties": {"NOMEMCLATURA": "034-07", "PARTIDO": "34", "PARTIDO_NOMBRE": "General Alvear", "DENOMINACION": "RN 205 - 25 de Mayo", "CLASE": "DE TIERRA", "TRANSITABIlIDAD": "TEMPORARIO", "TIPO": "CAMINO", "TRAMO_NUM": null, "LON_INI": -60.14046137933629, "LAT_INI": -35.81206493074853, "LON_FIN": -60.18742336357685, "LAT_FIN": -35.72423189195285, "LONGITUD_KM_ORIG": 11.72, "LONGITUD_KM_WGS84": 10.8832, "N_VERTICES": 19, "N_LINEAS": 1, "DIFF_PCT": -7.1, "ALERTA": ""}, "geometry": {"type": "MultiLineString", "coordinates": [[[-60.14046137933629, -35.81206493074853, 0.0], [-60.14072446645661, -35.81167235976485, 0.0], [-60.1421041, -35.8088834, 0.0], [-60.1429428, -35.8070883, 0.0], [-60.14381134458625, -35.80573547493683, 0.0], [-60.144332167070466, -35.80470984008907, 0.0], [-60.1510574, -35.7972064, 0.0], [-60.15183919181085, -35.79627381693146, 0.0], [-60.1590077, -35.7881967, 0.0], [-60.1601436, -35.7866374, 0.0], [-60.1617622, -35.784643, 0.0], [-60.1620616, -35.7843297, 0.0], [-60.163434, -35.783268, 0.0], [-60.1649662, -35.781597, 0.0], [-60.169812, -35.7760427, 0.0], [-60.1778109, -35.767076, 0.0], [-60.17907926683492, -35.76226498280066, 0.0], [-60.1808404, -35.7542379, 0.0], [-60.18742336357685, -35.72423189195285, 0.0]]]}}, {"type": "Feature", "properties": {"NOMEMCLATURA": "034-08", "PARTIDO": "34", "PARTIDO_NOMBRE": "General Alvear", "DENOMINACION": "Las Flores - Estrugamou", "CLASE": "DE TIERRA", "TRANSITABIlIDAD": "TEMPORARIO", "TIPO": "CAMINO", "TRAMO_NUM": null, "LON_INI": -59.7117951, "LAT_INI": -35.8335712, "LON_FIN": -59.67561, "LAT_FIN": -35.85154, "LONGITUD_KM_ORIG": 5.388, "LONGITUD_KM_WGS84": 5.3239, "N_VERTICES": 13, "N_LINEAS": 1, "DIFF_PCT": -1.2, "ALERTA": ""}, "geometry": {"type": "MultiLineString", "coordinates": [[[-59.7117951, -35.8335712, 0.0], [-59.7118484, -35.8405258, 0.0], [-59.7117466, -35.8409391, 0.0], [-59.7114786, -35.8412523, 0.0], [-59.697584, -35.8533475, 0.0], [-59.6970548, -35.8537224, 0.0], [-59.695061, -35.854606, 0.0], [-59.6882072, -35.859982, 0.0], [-59.6877588, -35.8600637, 0.0], [-59.6873802, -35.8599758, 0.0], [-59.6760182, -35.8516413, 0.0], [-59.6758101, -35.8515646, 0.0], [-59.67561, -35.85154, 0.0]]]}}, {"type": "Feature", "properties": {"NOMEMCLATURA": "034-09", "PARTIDO": "34", "PARTIDO_NOMBRE": "General Alvear", "DENOMINACION": "RN 205 - Del Valle", "CLASE": "DE TIERRA", "TRANSITABIlIDAD": "TEMPORARIO", "TIPO": "CAMINO", "TRAMO_NUM": null, "LON_INI": -60.5540149, "LAT_INI": -36.0753233, "LON_FIN": -60.579631493176336, "LAT_FIN": -36.04831295391682, "LONGITUD_KM_ORIG": 4.543, "LONGITUD_KM_WGS84": 4.4082, "N_VERTICES": 17, "N_LINEAS": 1, "DIFF_PCT": -3.0, "ALERTA": ""}, "geometry": {"type": "MultiLineString", "coordinates": [[[-60.5540149, -36.0753233, 0.0], [-60.5533784, -36.0747113, 0.0], [-60.5526601, -36.0740743, 0.0], [-60.5525949, -36.0738871, 0.0], [-60.5527121, -36.073726, 0.0], [-60.5688625, -36.0624632, 0.0], [-60.5689945, -36.0623382, 0.0], [-60.5689348, -36.0621557, 0.0], [-60.5657067, -36.0591523, 0.0], [-60.5656732, -36.0590372, 0.0], [-60.5657577, -36.0589384, 0.0], [-60.5725242, -36.0542537, 0.0], [-60.576789, -36.0512937, 0.0], [-60.5794858, -36.0494873, 0.0], [-60.5796199, -36.0492676, 0.0], [-60.57966551689792, -36.04898098047132, 0.0], [-60.579631493176336, -36.04831295391682, 0.0]]]}}, {"type": "Feature", "properties": {"NOMEMCLATURA": "041-01", "PARTIDO": "041", "PARTIDO_NOMBRE": "General Las Heras", "DENOMINACION": "Tramo 1: Gral. Las Heras - 3-4 km", "CLASE": "PAVIMENTADO", "TRANSITABIlIDAD": "PERMANENTE", "TIPO": "CAMINO", "TRAMO_NUM": 1, "LON_INI": -58.946929019134245, "LAT_INI": -34.93128343009725, "LON_FIN": -58.91522664536148, "LAT_FIN": -34.95374625548479, "LONGITUD_KM_ORIG": 3.85, "LONGITUD_KM_WGS84": 3.8361, "N_VERTICES": 5, "N_LINEAS": 1, "DIFF_PCT": -0.4, "ALERTA": ""}, "geometry": {"type": "MultiLineString", "coordinates": [[[-58.946929019134245, -34.93128343009725, 0.0], [-58.9436422096984, -34.93289966288341, 0.0], [-58.943061724616726, -34.93296281166385, 0.0], [-58.942750171839165, -34.933136612319814, 0.0], [-58.91522664536148, -34.95374625548479, 0.0]]]}}, {"type": "Feature", "properties": {"NOMEMCLATURA": "041-01", "PARTIDO": "041", "PARTIDO_NOMBRE": "General Las Heras", "DENOMINACION": "Tramo 2: de prog 3-4 km - Cañuelas", "CLASE": "DE TIERRA", "TRANSITABIlIDAD": "TEMPORARIO", "TIPO": "CAMINO", "TRAMO_NUM": 2, "LON_INI": -58.91522664536148, "LAT_INI": -34.95374625548479, "LON_FIN": -58.825259489648055, "LAT_FIN": -35.00567311530334, "LONGITUD_KM_ORIG": 11.081, "LONGITUD_KM_WGS84": 10.8591, "N_VERTICES": 14, "N_LINEAS": 1, "DIFF_PCT": -2.0, "ALERTA": ""}, "geometry": {"type": "MultiLineString", "coordinates": [[[-58.91522664536148, -34.95374625548479, 0.0], [-58.91509236222609, -34.95371030099095, 0.0], [-58.90896187681351, -34.94824395665173, 0.0], [-58.908567069759606, -34.9478995405725, 0.0], [-58.90832544407452, -34.948001634304305, 0.0], [-58.888329904455404, -34.96286000089692, 0.0], [-58.87767159111208, -34.970008148832605, 0.0], [-58.87704236789943, -34.97065999929879, 0.0], [-58.876319997099365, -34.971591696208435, 0.0], [-58.87588819481816, -34.97181761581909, 0.0], [-58.87433422384456, -34.97228310304545, 0.0], [-58.85505482129279, -34.98512113860374, 0.0], [-58.833825, -34.99926, 0.0], [-58.825259489648055, -35.00567311530334, 0.0]]]}}, {"type": "Feature", "properties": {"NOMEMCLATURA": "041-02", "PARTIDO": "041", "PARTIDO_NOMBRE": "General Las Heras", "DENOMINACION": "RP 48 - RN 205", "CLASE": "DE TIERRA", "TRANSITABIlIDAD": "TEMPORARIO", "TIPO": "CAMINO", "TRAMO_NUM": 3, "LON_INI": -59.00062819536081, "LAT_INI": -35.00278150020494, "LON_FIN": -58.9250272996882, "LAT_FIN": -35.09513465424153, "LONGITUD_KM_ORIG": 15.119, "LONGITUD_KM_WGS84": 15.4507, "N_VERTICES": 30, "N_LINEAS": 1, "DIFF_PCT": 2.2, "ALERTA": ""}, "geometry": {"type": "MultiLineString", "coordinates": [[[-59.00062819536081, -35.00278150020494, 0.0], [-59.0002507541229, -35.00294888530731, 0.0], [-58.99801479690282, -34.9999979631713, 0.0], [-58.99779670570719, -34.99989186089341, 0.0], [-58.99754738533274, -34.999947970457974, 0.0], [-58.99010407818108, -35.005805392138086, 0.0], [-58.99046728948868, -35.0064021306538, 0.0], [-58.99050685519995, -35.006554900573384, 0.0], [-58.99044916509907, -35.006686803568286, 0.0], [-58.982726617789005, -35.01265776973466, 0.0], [-58.98634116168962, -35.01580000710113, 0.0], [-58.97652571093498, -35.023215282046586, 0.0], [-58.97514739376397, -35.02424666090767, 0.0], [-58.9746507494773, -35.02574680877686, 0.0], [-58.96883727684615, -35.03005010828642, 0.0], [-58.97714438184985, -35.036968183557306, 0.0], [-58.98043480716618, -35.04079584426747, 0.0], [-58.98337503861799, -35.04786333681112, 0.0], [-58.97860387432075, -35.0520113361237, 0.0], [-58.9774324096506, -35.05284790703208, 0.0], [-58.97728812667907, -35.05307334411544, 0.0], [-58.977305562636154, -35.053239971082114, 0.0], [-58.977209293960094, -35.053331425410796, 0.0], [-58.96551704897621, -35.06212991029515, 0.0], [-58.96440768793146, -35.061117554783536, 0.0], [-58.93273873362016, -35.08495033550388, 0.0], [-58.93364955982159, -35.085836873207306, 0.0], [-58.92897797257069, -35.09208375862106, 0.0], [-58.92856835953888, -35.092429141677336, 0.0], [-58.9250272996882, -35.09513465424153, 0.0]]]}}, {"type": "Feature", "properties": {"NOMEMCLATURA": "041-03", "PARTIDO": "041", "PARTIDO_NOMBRE": "General Las Heras", "DENOMINACION": "RP 24 - SEC 041-07", "CLASE": "DE TIERRA", "TRANSITABIlIDAD": "TEMPORARIO", "TIPO": "CAMINO", "TRAMO_NUM": 4, "LON_INI": -59.10341531322206, "LAT_INI": -34.7724458466368, "LON_FIN": -58.95149901628534, "LAT_FIN": -34.83119959236226, "LONGITUD_KM_ORIG": 16.876, "LONGITUD_KM_WGS84": 16.9375, "N_VERTICES": 20, "N_LINEAS": 1, "DIFF_PCT": 0.4, "ALERTA": ""}, "geometry": {"type": "MultiLineString", "coordinates": [[[-59.10341531322206, -34.7724458466368, 0.0], [-59.103156993823696, -34.77239279348365, 0.0], [-59.10249441241286, -34.77263162717432, 0.0], [-59.10157864141552, -34.77335301335081, 0.0], [-59.09052410899785, -34.78219515381285, 0.0], [-59.09011058305877, -34.78232595674997, 0.0], [-59.089463975976614, -34.7824279354088, 0.0], [-59.05327034016362, -34.78489435903067, 0.0], [-59.051475524295505, -34.78525949783994, 0.0], [-59.05057824459543, -34.785589490729194, 0.0], [-59.03595171002232, -34.79236772808753, 0.0], [-59.03537942671632, -34.792339123098394, 0.0], [-59.03485013490616, -34.79222059182201, 0.0], [-59.027480767985104, -34.79564914502661, 0.0], [-59.019867158264645, -34.794853916220674, 0.0], [-59.009847187969775, -34.79949061797959, 0.0], [-59.00494492233629, -34.80313039998739, 0.0], [-58.99609408345303, -34.79543339987013, 0.0], [-58.992779738429384, -34.798041725649114, 0.0], [-58.95149901628534, -34.83119959236226, 0.0]]]}}, {"type": "Feature", "properties": {"NOMEMCLATURA": "041-04", "PARTIDO": "041", "PARTIDO_NOMBRE": "General Las Heras", "DENOMINACION": "RP 42 - Plomer", "CLASE": "DE TIERRA", "TRANSITABIlIDAD": "TEMPORARIO", "TIPO": "CAMINO", "TRAMO_NUM": 5, "LON_INI": -59.068175264923006, "LAT_INI": -34.83399220923983, "LON_FIN": -59.02750589097844, "LAT_FIN": -34.79568394714223, "LONGITUD_KM_ORIG": 5.887, "LONGITUD_KM_WGS84": 5.8831, "N_VERTICES": 6, "N_LINEAS": 1, "DIFF_PCT": -0.1, "ALERTA": ""}, "geometry": {"type": "MultiLineString", "coordinates": [[[-59.068175264923006, -34.83399220923983, 0.0], [-59.04905026876047, -34.816865507569354, 0.0], [-59.04802874393093, -34.81765786256721, 0.0], [-59.02791088125437, -34.79971222230259, 0.0], [-59.02804593445935, -34.79644121700512, 0.0], [-59.02750589097844, -34.79568394714223, 0.0]]]}}, {"type": "Feature", "properties": {"NOMEMCLATURA": "041-05", "PARTIDO": "041", "PARTIDO_NOMBRE": "General Las Heras", "DENOMINACION": "RP 42 - E. Fyn", "CLASE": "DE TIERRA", "TRANSITABIlIDAD": "TEMPORARIO", "TIPO": "CAMINO", "TRAMO_NUM": 6, "LON_INI": -59.08595822222234, "LAT_INI": -34.82168868748469, "LON_FIN": -59.13291854636069, "LAT_FIN": -34.82171349846991, "LONGITUD_KM_ORIG": 5.766, "LONGITUD_KM_WGS84": 5.803, "N_VERTICES": 6, "N_LINEAS": 1, "DIFF_PCT": 0.6, "ALERTA": ""}, "geometry": {"type": "MultiLineString", "coordinates": [[[-59.08595822222234, -34.82168868748469, 0.0], [-59.09792232592588, -34.83134603332239, 0.0], [-59.105988652692595, -34.825752006157344, 0.0], [-59.111463286310055, -34.83019552736653, 0.0], [-59.11579944684791, -34.83366470175931, 0.0], [-59.13291854636069, -34.82171349846991, 0.0]]]}}, {"type": "Feature", "properties": {"NOMEMCLATURA": "041-06", "PARTIDO": "041", "PARTIDO_NOMBRE": "General Las Heras", "DENOMINACION": "RP 42 - RP 24", "CLASE": "DE TIERRA", "TRANSITABIlIDAD": "TEMPORARIO", "TIPO": "CAMINO", "TRAMO_NUM": 7, "LON_INI": -59.11329537894239, "LAT_INI": -34.78112050858553, "LON_FIN": -59.12312226347369, "LAT_FIN": -34.78918864741721, "LONGITUD_KM_ORIG": 1.474, "LONGITUD_KM_WGS84": 1.2731, "N_VERTICES": 4, "N_LINEAS": 1, "DIFF_PCT": -13.6, "ALERTA": "REVISAR"}, "geometry": {"type": "MultiLineString", "coordinates": [[[-59.11329537894239, -34.78112050858553, 0.0], [-59.12119317372118, -34.78779066529771, 0.0], [-59.12274217109883, -34.78909112984424, 0.0], [-59.12312226347369, -34.78918864741721, 0.0]]]}}, {"type": "Feature", "properties": {"NOMEMCLATURA": "041-07", "PARTIDO": "041", "PARTIDO_NOMBRE": "General Las Heras", "DENOMINACION": "RP 42 - SEC 041-03", "CLASE": "DE TIERRA", "TRANSITABIlIDAD": "TEMPORARIO", "TIPO": "CAMINO", "TRAMO_NUM": 8, "LON_INI": -59.00967585819885, "LAT_INI": -34.87900394994589, "LON_FIN": -58.951500726127755, "LAT_FIN": -34.831208633416445, "LONGITUD_KM_ORIG": 7.57, "LONGITUD_KM_WGS84": 7.5578, "N_VERTICES": 6, "N_LINEAS": 1, "DIFF_PCT": -0.2, "ALERTA": ""}, "geometry": {"type": "MultiLineString", "coordinates": [[[-59.00967585819885, -34.87900394994589, 0.0], [-58.97836725973464, -34.85251145850514, 0.0], [-58.9615293579794, -34.83603724142922, 0.0], [-58.954680412431195, -34.83282387873743, 0.0], [-58.95195180652218, -34.83160591759078, 0.0], [-58.951500726127755, -34.831208633416445, 0.0]]]}}, {"type": "Feature", "properties": {"NOMEMCLATURA": "041-08", "PARTIDO": "041", "PARTIDO_NOMBRE": "General Las Heras", "DENOMINACION": "RP 24 - SEC 064-07", "CLASE": "DE TIERRA", "TRANSITABIlIDAD": "TEMPORARIO", "TIPO": "CAMINO", "TRAMO_NUM": 9, "LON_INI": -59.09203557311328, "LAT_INI": -34.753159781320754, "LON_FIN": -59.10795123141919, "LAT_FIN": -34.74034607960843, "LONGITUD_KM_ORIG": 2.021, "LONGITUD_KM_WGS84": 2.0374, "N_VERTICES": 3, "N_LINEAS": 1, "DIFF_PCT": 0.8, "ALERTA": ""}, "geometry": {"type": "MultiLineString", "coordinates": [[[-59.09203557311328, -34.753159781320754, 0.0], [-59.10763452619488, -34.74047765397587, 0.0], [-59.10795123141919, -34.74034607960843, 0.0]]]}}, {"type": "Feature", "properties": {"NOMEMCLATURA": "041-90", "PARTIDO": "041", "PARTIDO_NOMBRE": "General Las Heras", "DENOMINACION": "SEC 041-03 - RP6 (Prolongación Cno. 041-04) Acc. a  Plomer desde RP6 (total acc. 5,000 km", "CLASE": "PAVIMENTADO", "TRANSITABIlIDAD": "PERMANENTE", "TIPO": "CAMINO", "TRAMO_NUM": 10, "LON_INI": -59.02956336119529, "LAT_INI": -34.79459406705435, "LON_FIN": -59.016245900684034, "LAT_FIN": -34.780094484045435, "LONGITUD_KM_ORIG": null, "LONGITUD_KM_WGS84": 2.0476, "N_VERTICES": 12, "N_LINEAS": 1, "DIFF_PCT": null, "ALERTA": ""}, "geometry": {"type": "MultiLineString", "coordinates": [[[-59.02956336119529, -34.79459406705435, 0.0], [-59.027282670133594, -34.791272180885656, 0.0], [-59.02697519086361, -34.7907461890835, 0.0], [-59.02679695005988, -34.79039574130641, 0.0], [-59.02654074410501, -34.789852105462614, 0.0], [-59.026283051877776, -34.78912491935817, 0.0], [-59.0261448606812, -34.788780808620835, 0.0], [-59.025962821543104, -34.78844386886302, 0.0], [-59.02564576635648, -34.787958416022754, 0.0], [-59.02511757941163, -34.78743967887219, 0.0], [-59.02258811410192, -34.78514322262684, 0.0], [-59.016245900684034, -34.780094484045435, 0.0]]]}}, {"type": "Feature", "properties": {"NOMEMCLATURA": "058-00", "PARTIDO": "058", "PARTIDO_NOMBRE": "Las Flores", "DENOMINACION": "RP 30 - Las Flores (Acceso Las Flores y traza de RP 61)", "CLASE": "PAVIMENTADO", "TRANSITABIlIDAD": "PERMANENTE", "TIPO": "CAMINO", "TRAMO_NUM": null, "LON_INI": -59.130669862190665, "LAT_INI": -36.040104161606386, "LON_FIN": -59.10953218877077, "LAT_FIN": -36.02189345275775, "LONGITUD_KM_ORIG": 2.781, "LONGITUD_KM_WGS84": 2.7771, "N_VERTICES": 2, "N_LINEAS": 1, "DIFF_PCT": -0.1, "ALERTA": ""}, "geometry": {"type": "MultiLineString", "coordinates": [[[-59.130669862190665, -36.040104161606386, 0.0], [-59.10953218877077, -36.02189345275775, 0.0]]]}}, {"type": "Feature", "properties": {"NOMEMCLATURA": "058-01", "PARTIDO": "058", "PARTIDO_NOMBRE": "Las Flores", "DENOMINACION": "Las Flores - 036-04 (Gral. Belgrano)", "CLASE": "DE TIERRA", "TRANSITABIlIDAD": "TEMPORARIO", "TIPO": "CAMINO", "TRAMO_NUM": null, "LON_INI": -59.0990398, "LAT_INI": -36.0016639, "LON_FIN": -58.98984005798165, "LAT_FIN": -35.79986993355355, "LONGITUD_KM_ORIG": 28.62, "LONGITUD_KM_WGS84": 28.7509, "N_VERTICES": 58, "N_LINEAS": 1, "DIFF_PCT": 0.5, "ALERTA": ""}, "geometry": {"type": "MultiLineString", "coordinates": [[[-59.0990398, -36.0016639, 0.0], [-59.0775115, -35.9831073, 0.0], [-59.0729241, -35.9865889, 0.0], [-59.0718509, -35.9847447, 0.0], [-59.0712283, -35.9833932, 0.0], [-59.0706059, -35.9815915, 0.0], [-59.070347, -35.9805256, 0.0], [-59.0701386, -35.9790542, 0.0], [-59.0701341, -35.9765149, 0.0], [-59.0705264, -35.9709028, 0.0], [-59.0712359, -35.9609898, 0.0], [-59.0713685, -35.9596408, 0.0], [-59.0713617, -35.9581009, 0.0], [-59.0712192, -35.9565754, 0.0], [-59.070831, -35.9545713, 0.0], [-59.0707744, -35.9542889, 0.0], [-59.0705616, -35.9536456, 0.0], [-59.0700402, -35.9507961, 0.0], [-59.0690817, -35.9449504, 0.0], [-59.0680366, -35.9450678, 0.0], [-59.0663929, -35.936262, 0.0], [-59.0664239, -35.9361489, 0.0], [-59.0665835, -35.9360619, 0.0], [-59.0673937, -35.9359464, 0.0], [-59.0662247, -35.9300971, 0.0], [-59.0558451, -35.9226256, 0.0], [-59.0532369, -35.9176531, 0.0], [-59.0467673, -35.9045648, 0.0], [-59.0443289, -35.8961712, 0.0], [-59.0429213, -35.8935749, 0.0], [-59.0428887, -35.888659, 0.0], [-59.0412015, -35.8842513, 0.0], [-59.0379, -35.8763208, 0.0], [-59.037, -35.8731864, 0.0], [-59.0370033, -35.872895, 0.0], [-59.0371971, -35.8726971, 0.0], [-59.0427753, -35.8685538, 0.0], [-59.0429184, -35.868133, 0.0], [-59.0427959, -35.867636, 0.0], [-59.0238261, -35.8518527, 0.0], [-59.0238061, -35.8516197, 0.0], [-59.0240195, -35.851441, 0.0], [-59.035277, -35.8502877, 0.0], [-59.0355263, -35.850119, 0.0], [-59.03549, -35.8498655, 0.0], [-59.0329128, -35.8441699, 0.0], [-59.0338022, -35.843867, 0.0], [-59.0313712, -35.8385328, 0.0], [-59.0299291, -35.8396744, 0.0], [-59.0084945, -35.8220042, 0.0], [-59.0052703, -35.8163488, 0.0], [-59.003527, -35.8133623, 0.0], [-59.0019179, -35.8105454, 0.0], [-58.9968407, -35.8044346, 0.0], [-58.99368682714976, -35.8023828545224, 0.0], [-58.991475529658736, -35.800970735216694, 0.0], [-58.990138655222744, -35.80012906210023, 0.0], [-58.98984005798165, -35.79986993355355, 0.0]]]}}, {"type": "Feature", "properties": {"NOMEMCLATURA": "058-02", "PARTIDO": "058", "PARTIDO_NOMBRE": "Las Flores", "DENOMINACION": "Cnel. Boerr - RN 3", "CLASE": "DE TIERRA", "TRANSITABIlIDAD": "TEMPORARIO", "TIPO": "CAMINO", "TRAMO_NUM": null, "LON_INI": -59.0467673, "LAT_INI": -35.9045648, "LON_FIN": -58.9969876, "LAT_FIN": -35.943057, "LONGITUD_KM_ORIG": 6.734, "LONGITUD_KM_WGS84": 6.7289, "N_VERTICES": 8, "N_LINEAS": 1, "DIFF_PCT": -0.1, "ALERTA": ""}, "geometry": {"type": "MultiLineString", "coordinates": [[[-59.0467673, -35.9045648, 0.0], [-59.0255258, -35.914304, 0.0], [-59.0254183, -35.9145059, 0.0], [-59.0254825, -35.9147687, 0.0], [-59.0287491, -35.9175643, 0.0], [-59.028859, -35.9177728, 0.0], [-59.0287704, -35.9179878, 0.0], [-58.9969876, -35.943057, 0.0]]]}}, {"type": "Feature", "properties": {"NOMEMCLATURA": "058-03", "PARTIDO": "058", "PARTIDO_NOMBRE": "Las Flores", "DENOMINACION": "Rosas - Real Audiencia", "CLASE": "DE TIERRA", "TRANSITABIlIDAD": "TEMPORARIO", "TIPO": "CAMINO", "TRAMO_NUM": null, "LON_INI": -58.939084, "LAT_INI": -35.9672629, "LON_FIN": -58.7486921, "LAT_FIN": -36.0506077, "LONGITUD_KM_ORIG": 24.994, "LONGITUD_KM_WGS84": 24.8082, "N_VERTICES": 51, "N_LINEAS": 1, "DIFF_PCT": -0.7, "ALERTA": ""}, "geometry": {"type": "MultiLineString", "coordinates": [[[-58.939084, -35.9672629, 0.0], [-58.9366813, -35.9692288, 0.0], [-58.928138, -35.9970784, 0.0], [-58.9277286, -35.9972782, 0.0], [-58.9273506, -35.9972208, 0.0], [-58.9146476, -35.9865732, 0.0], [-58.9143101, -35.9865186, 0.0], [-58.9138921, -35.9866636, 0.0], [-58.9005255, -35.9971468, 0.0], [-58.8916391, -36.0040733, 0.0], [-58.881163, -36.012353, 0.0], [-58.8378544, -36.0461432, 0.0], [-58.824034, -36.0569227, 0.0], [-58.8096517, -36.0682383, 0.0], [-58.8028056, -36.0736337, 0.0], [-58.8026601, -36.0736935, 0.0], [-58.8023161, -36.0736796, 0.0], [-58.7980445, -36.071948, 0.0], [-58.7967176, -36.0716074, 0.0], [-58.7956375, -36.0712797, 0.0], [-58.794434, -36.0710301, 0.0], [-58.7932252, -36.0707241, 0.0], [-58.7926797, -36.070472, 0.0], [-58.7920234, -36.0702896, 0.0], [-58.7917272, -36.0702521, 0.0], [-58.7914042, -36.0700412, 0.0], [-58.7897938, -36.0696503, 0.0], [-58.7894496, -36.0696237, 0.0], [-58.7890197, -36.0695277, 0.0], [-58.7886908, -36.0695351, 0.0], [-58.7883335, -36.0694459, 0.0], [-58.7872135, -36.069218, 0.0], [-58.7836259, -36.0683224, 0.0], [-58.7801638, -36.0674279, 0.0], [-58.7787831, -36.067006, 0.0], [-58.7778742, -36.0668286, 0.0], [-58.7765949, -36.0665036, 0.0], [-58.775423, -36.0662393, 0.0], [-58.7736523, -36.0657885, 0.0], [-58.7727506, -36.0655849, 0.0], [-58.7720844, -36.0653771, 0.0], [-58.7707164, -36.0645623, 0.0], [-58.7702121, -36.0641378, 0.0], [-58.7660306, -36.0618486, 0.0], [-58.7645945, -36.0610552, 0.0], [-58.7615805, -36.0593965, 0.0], [-58.7597769, -36.0583541, 0.0], [-58.7566485, -36.0567002, 0.0], [-58.7550855, -36.0555642, 0.0], [-58.7541778, -36.0551526, 0.0], [-58.7486921, -36.0506077, 0.0]]]}}, {"type": "Feature", "properties": {"NOMEMCLATURA": "058-04", "PARTIDO": "058", "PARTIDO_NOMBRE": "Las Flores", "DENOMINACION": "RP 61 (Newton) - Real Audiencia", "CLASE": "DE TIERRA", "TRANSITABIlIDAD": "TEMPORARIO", "TIPO": "CAMINO", "TRAMO_NUM": null, "LON_INI": -58.7669055, "LAT_INI": -35.9305658, "LON_FIN": -58.7486835, "LAT_FIN": -36.0505926, "LONGITUD_KM_ORIG": 13.894, "LONGITUD_KM_WGS84": 13.8485, "N_VERTICES": 31, "N_LINEAS": 1, "DIFF_PCT": -0.3, "ALERTA": ""}, "geometry": {"type": "MultiLineString", "coordinates": [[[-58.7669055, -35.9305658, 0.0], [-58.7679187, -35.9378576, 0.0], [-58.7678515, -35.9381344, 0.0], [-58.7675671, -35.9383982, 0.0], [-58.7662365, -35.9394459, 0.0], [-58.7653083, -35.9402591, 0.0], [-58.7651703, -35.9408071, 0.0], [-58.7650537, -35.9427189, 0.0], [-58.7652574, -35.9457774, 0.0], [-58.7652143, -35.9464126, 0.0], [-58.7615112, -35.9682971, 0.0], [-58.7608016, -35.9702174, 0.0], [-58.7603227, -35.9720248, 0.0], [-58.7577767, -35.9824207, 0.0], [-58.7577057, -35.9831088, 0.0], [-58.759574, -35.9887544, 0.0], [-58.7596364, -35.9892093, 0.0], [-58.7577859, -35.9961729, 0.0], [-58.7569285, -35.9999054, 0.0], [-58.7560495, -36.0071402, 0.0], [-58.7540227, -36.0255193, 0.0], [-58.7551177, -36.0282814, 0.0], [-58.7550215, -36.0289965, 0.0], [-58.7546812, -36.0301324, 0.0], [-58.7507894, -36.0363828, 0.0], [-58.7491966, -36.0408226, 0.0], [-58.7488964, -36.0412088, 0.0], [-58.7466864, -36.0433907, 0.0], [-58.7458639, -36.0479703, 0.0], [-58.745948, -36.0483275, 0.0], [-58.7486835, -36.0505926, 0.0]]]}}, {"type": "Feature", "properties": {"NOMEMCLATURA": "058-05 ", "PARTIDO": "058", "PARTIDO_NOMBRE": "Las Flores", "DENOMINACION": "RN 3 - Real Audiencia", "CLASE": "DE TIERRA", "TRANSITABIlIDAD": "TEMPORARIO", "TIPO": "CAMINO", "TRAMO_NUM": null, "LON_INI": -59.0671372, "LAT_INI": -36.013427, "LON_FIN": -58.8026601, "LAT_FIN": -36.0736935, "LONGITUD_KM_ORIG": 31.038, "LONGITUD_KM_WGS84": 30.7655, "N_VERTICES": 56, "N_LINEAS": 1, "DIFF_PCT": -0.9, "ALERTA": ""}, "geometry": {"type": "MultiLineString", "coordinates": [[[-59.0671372, -36.013427, 0.0], [-59.0651746, -36.0137364, 0.0], [-59.0633403, -36.0138477, 0.0], [-59.0607765, -36.0137376, 0.0], [-59.0567235, -36.0129399, 0.0], [-59.0517236, -36.0167358, 0.0], [-59.0430986, -36.0093409, 0.0], [-58.9810984, -36.0564815, 0.0], [-58.9806392, -36.0568228, 0.0], [-58.9801157, -36.0571034, 0.0], [-58.9757581, -36.060404, 0.0], [-58.9755882, -36.0613106, 0.0], [-58.974485, -36.0613737, 0.0], [-58.9472344, -36.082082, 0.0], [-58.9446896, -36.0799745, 0.0], [-58.9395912, -36.0836589, 0.0], [-58.9182202, -36.0990721, 0.0], [-58.9088451, -36.1073835, 0.0], [-58.8990067, -36.1152304, 0.0], [-58.8872675, -36.1101248, 0.0], [-58.8846162, -36.1085552, 0.0], [-58.8781585, -36.1015411, 0.0], [-58.8657555, -36.0950621, 0.0], [-58.8654114, -36.0948373, 0.0], [-58.8648783, -36.094621, 0.0], [-58.8594524, -36.0912895, 0.0], [-58.859355, -36.0911406, 0.0], [-58.8592119, -36.091061, 0.0], [-58.8550576, -36.0923112, 0.0], [-58.8545964, -36.0923705, 0.0], [-58.8539958, -36.0922912, 0.0], [-58.8439454, -36.0885757, 0.0], [-58.8423451, -36.0879232, 0.0], [-58.8390282, -36.0863169, 0.0], [-58.8377927, -36.0859612, 0.0], [-58.836542, -36.0858744, 0.0], [-58.8344866, -36.0854451, 0.0], [-58.8317528, -36.0854078, 0.0], [-58.8305157, -36.0857129, 0.0], [-58.8295457, -36.0856426, 0.0], [-58.8265713, -36.0841446, 0.0], [-58.8247128, -36.0833661, 0.0], [-58.8242131, -36.083344, 0.0], [-58.8172484, -36.080296, 0.0], [-58.8105906, -36.0774321, 0.0], [-58.8086151, -36.0766401, 0.0], [-58.8074657, -36.0760737, 0.0], [-58.8052059, -36.0752145, 0.0], [-58.8047466, -36.0751296, 0.0], [-58.8045893, -36.0750812, 0.0], [-58.8044616, -36.0750111, 0.0], [-58.8039319, -36.0743972, 0.0], [-58.8036061, -36.0740912, 0.0], [-58.8030804, -36.0739288, 0.0], [-58.8028431, -36.0738053, 0.0], [-58.8026601, -36.0736935, 0.0]]]}}, {"type": "Feature", "properties": {"NOMEMCLATURA": "058-06", "PARTIDO": "058", "PARTIDO_NOMBRE": "Las Flores", "DENOMINACION": "RN 3 - RP 30", "CLASE": "DE TIERRA", "TRANSITABIlIDAD": "TEMPORARIO", "TIPO": "CAMINO", "TRAMO_NUM": null, "LON_INI": -59.3224729, "LAT_INI": -36.2406271, "LON_FIN": -59.1434823, "LAT_FIN": -36.0306978, "LONGITUD_KM_ORIG": 29.879, "LONGITUD_KM_WGS84": 30.0662, "N_VERTICES": 43, "N_LINEAS": 1, "DIFF_PCT": 0.6, "ALERTA": ""}, "geometry": {"type": "MultiLineString", "coordinates": [[[-59.3224729, -36.2406271, 0.0], [-59.3233899, -36.2397859, 0.0], [-59.3239196, -36.2394882, 0.0], [-59.3250287, -36.2389785, 0.0], [-59.3267103, -36.2382231, 0.0], [-59.3269033, -36.2380102, 0.0], [-59.3260695, -36.230607, 0.0], [-59.3258431, -36.2286708, 0.0], [-59.3255577, -36.2268039, 0.0], [-59.32425, -36.2219674, 0.0], [-59.3241145, -36.2213959, 0.0], [-59.3241158, -36.2210955, 0.0], [-59.3240688, -36.2208774, 0.0], [-59.3233382, -36.2182341, 0.0], [-59.3223514, -36.2154036, 0.0], [-59.3205283, -36.2104524, 0.0], [-59.3190702, -36.2064317, 0.0], [-59.3175049, -36.2024456, 0.0], [-59.3148276, -36.1964741, 0.0], [-59.3152388, -36.195862, 0.0], [-59.3151243, -36.1955247, 0.0], [-59.3074088, -36.1880326, 0.0], [-59.2705107, -36.1520728, 0.0], [-59.27034995425633, -36.1517812225477, 0.0], [-59.27034391404342, -36.1514844790794, 0.0], [-59.2708976, -36.1502828, 0.0], [-59.2710322, -36.1468112, 0.0], [-59.2702678, -36.1416693, 0.0], [-59.2664901, -36.1376873, 0.0], [-59.2630614, -36.1347796, 0.0], [-59.2563978, -36.1290072, 0.0], [-59.253813, -36.1274237, 0.0], [-59.2339496, -36.1103482, 0.0], [-59.2233135, -36.0862703, 0.0], [-59.2090271, -36.07392, 0.0], [-59.1947344, -36.0616417, 0.0], [-59.1930577, -36.0592883, 0.0], [-59.1879292, -36.0562969, 0.0], [-59.1744528, -36.0514928, 0.0], [-59.1630673, -36.0474073, 0.0], [-59.1627045, -36.047222, 0.0], [-59.1623349, -36.0469652, 0.0], [-59.1434823, -36.0306978, 0.0]]]}}, {"type": "Feature", "properties": {"NOMEMCLATURA": "058-07", "PARTIDO": "058", "PARTIDO_NOMBRE": "Las Flores", "DENOMINACION": "RN 3 - Pardo", "CLASE": "PAVIMENTADO", "TRANSITABIlIDAD": "PERMANENTE", "TIPO": "CAMINO", "TRAMO_NUM": null, "LON_INI": -59.3441907, "LAT_INI": -36.2589827, "LON_FIN": -59.362743, "LAT_FIN": -36.2444224, "LONGITUD_KM_ORIG": 2.272, "LONGITUD_KM_WGS84": 2.3237, "N_VERTICES": 4, "N_LINEAS": 1, "DIFF_PCT": 2.3, "ALERTA": ""}, "geometry": {"type": "MultiLineString", "coordinates": [[[-59.3441907, -36.2589827, 0.0], [-59.3529487, -36.2522271, 0.0], [-59.3542093, -36.2509177, 0.0], [-59.362743, -36.2444224, 0.0]]]}}, {"type": "Feature", "properties": {"NOMEMCLATURA": "058-08", "PARTIDO": "058", "PARTIDO_NOMBRE": "Las Flores", "DENOMINACION": "058-08 (Tramo 2) - RP 61", "CLASE": "DE TIERRA", "TRANSITABIlIDAD": "TEMPORARIO", "TIPO": "CAMINO", "TRAMO_NUM": "2", "LON_INI": -59.4331303, "LAT_INI": -36.0615606, "LON_FIN": -59.5345674, "LAT_FIN": -35.9921346, "LONGITUD_KM_ORIG": 12.098, "LONGITUD_KM_WGS84": 12.0934, "N_VERTICES": 4, "N_LINEAS": 1, "DIFF_PCT": -0.0, "ALERTA": ""}, "geometry": {"type": "MultiLineString", "coordinates": [[[-59.4331303, -36.0615606, 0.0], [-59.4550823, -36.0389514, 0.0], [-59.5080872, -36.0127323, 0.0], [-59.5345674, -35.9921346, 0.0]]]}}, {"type": "Feature", "properties": {"NOMEMCLATURA": "058-08", "PARTIDO": "058", "PARTIDO_NOMBRE": "Las Flores", "DENOMINACION": "RP 61  - 104-08 (Velloso, Tapalqué)", "CLASE": "DE TIERRA", "TRANSITABIlIDAD": "TEMPORARIO", "TIPO": "CAMINO", "TRAMO_NUM": "1", "LON_INI": -59.2887268, "LAT_INI": -35.9575605, "LON_FIN": -59.4331303, "LAT_FIN": -36.0615606, "LONGITUD_KM_ORIG": 20.94, "LONGITUD_KM_WGS84": 17.8018, "N_VERTICES": 21, "N_LINEAS": 1, "DIFF_PCT": -15.0, "ALERTA": "REVISAR"}, "geometry": {"type": "MultiLineString", "coordinates": [[[-59.2887268, -35.9575605, 0.0], [-59.2954843, -35.9635045, 0.0], [-59.3010414, -35.9684583, 0.0], [-59.302613, -35.9696782, 0.0], [-59.3041039, -35.9704563, 0.0], [-59.3072871, -35.9731436, 0.0], [-59.308632, -35.9743397, 0.0], [-59.3103498, -35.9760306, 0.0], [-59.3118243, -35.9769162, 0.0], [-59.3240729, -35.9815635, 0.0], [-59.3419026, -35.988553, 0.0], [-59.3628499, -36.0053266, 0.0], [-59.3787521, -36.0303984, 0.0], [-59.379183, -36.0306225, 0.0], [-59.3849359, -36.0355655, 0.0], [-59.3856787, -36.036062, 0.0], [-59.3875213, -36.0368533, 0.0], [-59.3909518, -36.0385556, 0.0], [-59.4012769, -36.0443212, 0.0], [-59.4116893, -36.0500599, 0.0], [-59.4331303, -36.0615606, 0.0]]]}}, {"type": "Feature", "properties": {"NOMEMCLATURA": "058-09", "PARTIDO": "058", "PARTIDO_NOMBRE": "Las Flores", "DENOMINACION": "Estrugamou - J. Blaquier", "CLASE": "DE TIERRA", "TRANSITABIlIDAD": "TEMPORARIO", "TIPO": "CAMINO", "TRAMO_NUM": null, "LON_INI": -59.5018583, "LAT_INI": -35.9640014, "LON_FIN": -59.3301653, "LAT_FIN": -35.8027213, "LONGITUD_KM_ORIG": 23.803, "LONGITUD_KM_WGS84": 23.8321, "N_VERTICES": 16, "N_LINEAS": 1, "DIFF_PCT": 0.1, "ALERTA": ""}, "geometry": {"type": "MultiLineString", "coordinates": [[[-59.5018583, -35.9640014, 0.0], [-59.4758038, -35.9420491, 0.0], [-59.4088157, -35.8838789, 0.0], [-59.401652, -35.8777253, 0.0], [-59.4010159, -35.8771701, 0.0], [-59.3769468, -35.8564528, 0.0], [-59.3636135, -35.8451879, 0.0], [-59.3623675, -35.8443348, 0.0], [-59.3609741, -35.8431773, 0.0], [-59.3586607, -35.8411374, 0.0], [-59.3583054, -35.8405129, 0.0], [-59.3552063, -35.8378261, 0.0], [-59.3526804, -35.8356194, 0.0], [-59.3502937, -35.8330852, 0.0], [-59.3507287, -35.8327494, 0.0], [-59.3301653, -35.8027213, 0.0]]]}}, {"type": "Feature", "properties": {"NOMEMCLATURA": "058-10", "PARTIDO": "058", "PARTIDO_NOMBRE": "Las Flores", "DENOMINACION": "RP 30 - 036-01 (Gral. Belgrano)", "CLASE": "DE TIERRA", "TRANSITABIlIDAD": "TEMPORARIO", "TIPO": "CAMINO", "TRAMO_NUM": null, "LON_INI": -59.1146353, "LAT_INI": -35.7890548, "LON_FIN": -59.0679604, "LAT_FIN": -35.7317848, "LONGITUD_KM_ORIG": 7.873, "LONGITUD_KM_WGS84": 8.0301, "N_VERTICES": 26, "N_LINEAS": 1, "DIFF_PCT": 2.0, "ALERTA": ""}, "geometry": {"type": "MultiLineString", "coordinates": [[[-59.1146353, -35.7890548, 0.0], [-59.1122439, -35.7846702, 0.0], [-59.1105392, -35.7814932, 0.0], [-59.1091337, -35.7782661, 0.0], [-59.1086134, -35.7772846, 0.0], [-59.1053291, -35.7731893, 0.0], [-59.0987151, -35.7667769, 0.0], [-59.0983691, -35.7663492, 0.0], [-59.0982779, -35.7659803, 0.0], [-59.0986645, -35.7612275, 0.0], [-59.0985873, -35.7607883, 0.0], [-59.0982742, -35.7604275, 0.0], [-59.0963715, -35.7583883, 0.0], [-59.0944529, -35.7550082, 0.0], [-59.0937411, -35.7530199, 0.0], [-59.0936977, -35.7521856, 0.0], [-59.0938448, -35.7508508, 0.0], [-59.0936064, -35.7502873, 0.0], [-59.0925136, -35.7491457, 0.0], [-59.0920088, -35.7490593, 0.0], [-59.0908226, -35.749086, 0.0], [-59.089602, -35.7491022, 0.0], [-59.0884405, -35.7488311, 0.0], [-59.0754259, -35.7380333, 0.0], [-59.0715468, -35.7348667, 0.0], [-59.0679604, -35.7317848, 0.0]]]}}, {"type": "Feature", "properties": {"NOMEMCLATURA": "058-11", "PARTIDO": "058", "PARTIDO_NOMBRE": "Las Flores", "DENOMINACION": "Estrugamou - Saladillo", "CLASE": "DE TIERRA", "TRANSITABIlIDAD": "TEMPORARIO", "TIPO": "CAMINO", "TRAMO_NUM": null, "LON_INI": -59.5158445, "LAT_INI": -35.9761699, "LON_FIN": -59.67534781207063, "LAT_FIN": -35.851608263163364, "LONGITUD_KM_ORIG": 19.902, "LONGITUD_KM_WGS84": 19.9573, "N_VERTICES": 3, "N_LINEAS": 1, "DIFF_PCT": 0.3, "ALERTA": ""}, "geometry": {"type": "MultiLineString", "coordinates": [[[-59.5158445, -35.9761699, 0.0], [-59.596683, -35.913022, 0.0], [-59.67534781207063, -35.851608263163364, 0.0]]]}}, {"type": "Feature", "properties": {"NOMEMCLATURA": "058-12", "PARTIDO": "058", "PARTIDO_NOMBRE": "Las Flores", "DENOMINACION": "RN 3 - Dr. D. Harosteguy", "CLASE": "PAVIMENTADO", "TRANSITABIlIDAD": "TEMPORARIO", "TIPO": "CAMINO", "TRAMO_NUM": null, "LON_INI": -59.2446754, "LAT_INI": -36.174482, "LON_FIN": -59.27034391404342, "LAT_FIN": -36.1514844790794, "LONGITUD_KM_ORIG": 3.603, "LONGITUD_KM_WGS84": 3.6177, "N_VERTICES": 11, "N_LINEAS": 1, "DIFF_PCT": 0.4, "ALERTA": ""}, "geometry": {"type": "MultiLineString", "coordinates": [[[-59.2446754, -36.174482, 0.0], [-59.244904, -36.1741516, 0.0], [-59.2446629, -36.1734537, 0.0], [-59.2447974, -36.1731001, 0.0], [-59.2703137, -36.1535998, 0.0], [-59.2704285, -36.153221, 0.0], [-59.2702966, -36.1529116, 0.0], [-59.26959539651296, -36.1522319291605, 0.0], [-59.26950929383968, -36.15203894560348, 0.0], [-59.269605078151066, -36.15189875013711, 0.0], [-59.27034391404342, -36.1514844790794, 0.0]]]}}, {"type": "Feature", "properties": {"NOMEMCLATURA": "062-01", "PARTIDO": 62, "PARTIDO_NOMBRE": "Lobos", "DENOMINACION": "Lobos - C. Beguerie", "CLASE": "DE TIERRA", "TRANSITABIlIDAD": "TEMPORARIO", "TIPO": "CAMINO", "TRAMO_NUM": null, "LON_INI": -59.085962129095805, "LAT_INI": -35.20994281366679, "LON_FIN": -59.07308672123003, "LAT_FIN": -35.387702242446686, "LONGITUD_KM_ORIG": 23.135, "LONGITUD_KM_WGS84": 23.6862, "N_VERTICES": 50, "N_LINEAS": 3, "DIFF_PCT": 2.4, "ALERTA": ""}, "geometry": {"type": "MultiLineString", "coordinates": [[[-59.085962129095805, -35.20994281366679], [-59.08616134112254, -35.21012216804973], [-59.08827293358614, -35.20931023586497], [-59.08849699781864, -35.209343682021974], [-59.0885627169749, -35.20946486112986], [-59.08554136076281, -35.215717659161406], [-59.085286757819695, -35.21725498819647], [-59.08493951880253, -35.2185396614675], [-59.083682612072195, -35.22110263067288], [-59.082807519136225, -35.22320479811434], [-59.08267342204336, -35.223656876326984], [-59.082533318110855, -35.224642459073856], [-59.080612861864665, -35.23843242373635], [-59.080077537791645, -35.24195994065562], [-59.07988034443786, -35.24388091006654], [-59.079750901308785, -35.24437324638608], [-59.07831374121735, -35.24707663026158], [-59.07378161765742, -35.25517926735462], [-59.07241879254584, -35.25841181366818], [-59.07139921370045, -35.26067156647529], [-59.06816452398956, -35.26790673564186], [-59.06811759739052, -35.26839757505199], [-59.068284435394894, -35.26904567841957], [-59.06864813139122, -35.269637072786274], [-59.07175021587361, -35.27414312063953], [-59.07191654231084, -35.27450009371796], [-59.071962909284295, -35.274962008532356], [-59.07116438987958, -35.282035937860314], [-59.06989447142547, -35.286963583178576], [-59.06984686355127, -35.28751369919514], [-59.06995919446272, -35.28807774848646], [-59.07395990560625, -35.305914402863166], [-59.0740614720454, -35.30606762140047], [-59.07433614706678, -35.306442357340366], [-59.07438341005154, -35.30682805555908], [-59.0737486359344, -35.33893730196838], [-59.07857765560398, -35.35010655700521], [-59.087101857775004, -35.35778476402387], [-59.07735280897267, -35.362368601632255], [-59.076959982948466, -35.362365601766236], [-59.0758835177231, -35.36156977083477], [-59.07561619271207, -35.361440693400084], [-59.075231004836695, -35.3616748744064], [-59.07199606945131, -35.36430082701417]], [[-59.07199606945131, -35.36430082701417], [-59.071686017068345, -35.364404306210176], [-59.056936604871645, -35.375403324890364]], [[-59.07199606945131, -35.36430082701417], [-59.07192130916221, -35.371170605211724], [-59.07308672123003, -35.387702242446686]]]}}, {"type": "Feature", "properties": {"NOMEMCLATURA": "062-02", "PARTIDO": 62, "PARTIDO_NOMBRE": "Lobos", "DENOMINACION": "RN 205 - Salvador Maria (Tramo 1)", "CLASE": "PAVIMENTADO", "TRANSITABIlIDAD": "PERMANENTE", "TIPO": "CAMINO", "TRAMO_NUM": 1.0, "LON_INI": -59.17572751783274, "LAT_INI": -35.25056039319462, "LON_FIN": -59.16438819399407, "LAT_FIN": -35.30064688781292, "LONGITUD_KM_ORIG": 7.221, "LONGITUD_KM_WGS84": 7.7063, "N_VERTICES": 20, "N_LINEAS": 1, "DIFF_PCT": 6.7, "ALERTA": ""}, "geometry": {"type": "MultiLineString", "coordinates": [[[-59.17572751783274, -35.25056039319462], [-59.17533166235034, -35.25090916322385], [-59.16909779017442, -35.255516043603855], [-59.16673763852972, -35.256613497021235], [-59.16574710918916, -35.25705129803712], [-59.15420406119847, -35.26545715724273], [-59.152543536770125, -35.26724944480965], [-59.15175869773558, -35.26824329214845], [-59.15093421471499, -35.26907594406744], [-59.14133438538965, -35.276287323229276], [-59.14530033485937, -35.281185098346256], [-59.152813005356016, -35.29070631274041], [-59.15494413796327, -35.29337202270273], [-59.156384528882505, -35.29492343837973], [-59.15744831768806, -35.295938666209025], [-59.15803709930914, -35.29644032090578], [-59.15987941640173, -35.29784522612919], [-59.161097659938626, -35.29866670756177], [-59.16425145326078, -35.30063323941312], [-59.16438819399407, -35.30064688781292]]]}}, {"type": "Feature", "properties": {"NOMEMCLATURA": "062-02", "PARTIDO": 62, "PARTIDO_NOMBRE": "Lobos", "DENOMINACION": "Salvador Maria - Roque Pérez (Tramo 2)", "CLASE": "DE TIERRA", "TRANSITABIlIDAD": "TEMPORARIO", "TIPO": "CAMINO", "TRAMO_NUM": 2.0, "LON_INI": -59.16438819399407, "LAT_INI": -35.30064688781292, "LON_FIN": -59.280576151303315, "LAT_FIN": -35.37208122315561, "LONGITUD_KM_ORIG": 13.824, "LONGITUD_KM_WGS84": 13.397, "N_VERTICES": 27, "N_LINEAS": 1, "DIFF_PCT": -3.1, "ALERTA": ""}, "geometry": {"type": "MultiLineString", "coordinates": [[[-59.16438819399407, -35.30064688781292], [-59.16457239320739, -35.300566116863976], [-59.16501960793945, -35.30002295420742], [-59.165162034600655, -35.29998582691864], [-59.16809543690998, -35.30179882464225], [-59.170232981847505, -35.30302828356015], [-59.17139528268531, -35.303781525869454], [-59.17149997070269, -35.30389975064186], [-59.17143661798316, -35.30403376213236], [-59.17101756400263, -35.30454008944557], [-59.17103571338036, -35.30465983860732], [-59.1711156209757, -35.30473872466607], [-59.17152611600246, -35.30494532310661], [-59.171845005409644, -35.30514388247974], [-59.17214219203361, -35.3053179440464], [-59.17254219827187, -35.305667381770135], [-59.188399103026576, -35.31526966468394], [-59.19125824582963, -35.31712447907106], [-59.20337387751043, -35.32445226344737], [-59.23295081944077, -35.342305651480444], [-59.27529906188039, -35.36787659508421], [-59.278124062571855, -35.36964235091331], [-59.27868190991817, -35.36998761766586], [-59.279320037278005, -35.370607544234666], [-59.28033439916369, -35.37165104100146], [-59.280531644439144, -35.371853354083704], [-59.280576151303315, -35.37208122315561]]]}}, {"type": "Feature", "properties": {"NOMEMCLATURA": "062-03", "PARTIDO": 62, "PARTIDO_NOMBRE": "Lobos", "DENOMINACION": "RN 205 - SEC 062-02", "CLASE": "DE TIERRA", "TRANSITABIlIDAD": "TEMPORARIO", "TIPO": "CAMINO", "TRAMO_NUM": null, "LON_INI": -59.22455170827085, "LAT_INI": -35.277874666263465, "LON_FIN": -59.16837767098001, "LAT_FIN": -35.30196116007485, "LONGITUD_KM_ORIG": 6.064, "LONGITUD_KM_WGS84": 5.9856, "N_VERTICES": 15, "N_LINEAS": 1, "DIFF_PCT": -1.3, "ALERTA": ""}, "geometry": {"type": "MultiLineString", "coordinates": [[[-59.22455170827085, -35.277874666263465], [-59.206203546676974, -35.29211283482049], [-59.20585355956216, -35.29225239394214], [-59.18511597046024, -35.29697991427972], [-59.18383832169936, -35.29716608667718], [-59.178413687807335, -35.29780264507847], [-59.176542703113554, -35.29792119035581], [-59.174455393809474, -35.29797894705916], [-59.169801528598136, -35.3005132018111], [-59.16961495754207, -35.30057385057142], [-59.16949547327697, -35.30070377049311], [-59.16933982490055, -35.30089748881031], [-59.168970046205324, -35.30132104557036], [-59.16845291644203, -35.30188385604387], [-59.16837767098001, -35.30196116007485]]]}}, {"type": "Feature", "properties": {"NOMEMCLATURA": "062-04", "PARTIDO": 62, "PARTIDO_NOMBRE": "Lobos", "DENOMINACION": "RN 205 - J. S. Arevalo", "CLASE": "DE TIERRA", "TRANSITABIlIDAD": "TEMPORARIO", "TIPO": "CAMINO", "TRAMO_NUM": null, "LON_INI": -59.153073395697156, "LAT_INI": -35.232655408976484, "LON_FIN": -59.237698113369255, "LAT_FIN": -35.16756579778979, "LONGITUD_KM_ORIG": 12.289, "LONGITUD_KM_WGS84": 12.7417, "N_VERTICES": 23, "N_LINEAS": 1, "DIFF_PCT": 3.7, "ALERTA": ""}, "geometry": {"type": "MultiLineString", "coordinates": [[[-59.153073395697156, -35.232655408976484], [-59.157126076473084, -35.23203157817205], [-59.16433505190703, -35.231615763906795], [-59.17092908949456, -35.2307633845446], [-59.17626922437616, -35.228348035236], [-59.17801468120933, -35.22772471693419], [-59.17966492136236, -35.22681701238634], [-59.182842957069525, -35.225364880541356], [-59.19843365115192, -35.21401566409031], [-59.198565011065384, -35.21377516288359], [-59.1993981909986, -35.19775701598056], [-59.19958258027166, -35.19736653555907], [-59.20014102191696, -35.19723471877778], [-59.21630586696292, -35.1987335969546], [-59.21707049152332, -35.19888675399174], [-59.24217338841852, -35.169472991500264], [-59.24201006232377, -35.169289880858926], [-59.24057765235919, -35.16887862006713], [-59.23962283759468, -35.168684189655906], [-59.237677085918236, -35.16829931362387], [-59.23762663576876, -35.168179368073254], [-59.23763100248167, -35.16798777894173], [-59.237698113369255, -35.16756579778979]]]}}, {"type": "Feature", "properties": {"NOMEMCLATURA": "062-05", "PARTIDO": 62, "PARTIDO_NOMBRE": "Lobos", "DENOMINACION": "RP 41 - SEC 109-07", "CLASE": "DE TIERRA", "TRANSITABIlIDAD": "TEMPORARIO", "TIPO": "CAMINO", "TRAMO_NUM": null, "LON_INI": -59.139454123594255, "LAT_INI": -35.16498097478782, "LON_FIN": -59.54993452726774, "LAT_FIN": -35.267457282586825, "LONGITUD_KM_ORIG": 39.728, "LONGITUD_KM_WGS84": 39.872, "N_VERTICES": 48, "N_LINEAS": 1, "DIFF_PCT": 0.4, "ALERTA": ""}, "geometry": {"type": "MultiLineString", "coordinates": [[[-59.139454123594255, -35.16498097478782], [-59.142201509427, -35.16705423625299], [-59.1428079400209, -35.16737506455661], [-59.143827898729846, -35.167849141239486], [-59.14557540164407, -35.16840774191198], [-59.147114736320134, -35.16865572698523], [-59.14938883042043, -35.16866748277458], [-59.216413613490644, -35.167629012497486], [-59.22391702956535, -35.16707600163053], [-59.22638299521566, -35.16697320587905], [-59.234212820692356, -35.166794287022526], [-59.23574390561314, -35.166848419866554], [-59.23713001554979, -35.16696513979176], [-59.23763818548697, -35.167218181666634], [-59.237698113369255, -35.16756579778979], [-59.237893497230736, -35.167766054390206], [-59.24027164847234, -35.16823409739335], [-59.24282112478275, -35.16885984590177], [-59.284550552391345, -35.18164588965775], [-59.330236764120286, -35.19555326271445], [-59.3305170247429, -35.19566173691359], [-59.33062972584356, -35.195915379154954], [-59.330448968628275, -35.196254209001914], [-59.33053279902023, -35.196411353827], [-59.33074582810882, -35.19654062894774], [-59.34102539966418, -35.19965017508572], [-59.34169928445241, -35.19973112254197], [-59.34195737660294, -35.19971346953354], [-59.34211567372209, -35.19927604525058], [-59.34239181141222, -35.199259548004406], [-59.352389865892654, -35.20234966447826], [-59.352444526247545, -35.20245052934237], [-59.35227314505492, -35.20291753961105], [-59.35237985323202, -35.20312349006231], [-59.35249124628223, -35.20322677563237], [-59.41970142140946, -35.22358786753572], [-59.47938607586607, -35.24169558329467], [-59.49046288601831, -35.24502668668903], [-59.50955266376588, -35.250856194350824], [-59.5137457611298, -35.252363708064564], [-59.51662898374255, -35.25366258902905], [-59.530597091132556, -35.26109008211043], [-59.53296034013531, -35.26222987455743], [-59.53565410995957, -35.26336665512386], [-59.54003918499027, -35.264907872706246], [-59.54245750002498, -35.265480248145444], [-59.54429292368975, -35.26595933669781], [-59.54993452726774, -35.267457282586825]]]}}, {"type": "Feature", "properties": {"NOMEMCLATURA": "062-06", "PARTIDO": 62, "PARTIDO_NOMBRE": "Lobos", "DENOMINACION": "Elvira - SEC 075-03", "CLASE": "DE TIERRA", "TRANSITABIlIDAD": "TEMPORARIO", "TIPO": "CAMINO", "TRAMO_NUM": null, "LON_INI": -59.48006724111608, "LAT_INI": -35.24190045075126, "LON_FIN": -59.48592792731959, "LAT_FIN": -35.22071083215176, "LONGITUD_KM_ORIG": 2.402, "LONGITUD_KM_WGS84": 2.4137, "N_VERTICES": 7, "N_LINEAS": 1, "DIFF_PCT": 0.5, "ALERTA": ""}, "geometry": {"type": "MultiLineString", "coordinates": [[[-59.48006724111608, -35.24190045075126], [-59.48032304553529, -35.241271911612294], [-59.48042750040963, -35.24086543775977], [-59.480453481869006, -35.240433616113116], [-59.48041832697242, -35.240090856415655], [-59.48583223079852, -35.22095180102631], [-59.48592792731959, -35.22071083215176]]]}}, {"type": "Feature", "properties": {"NOMEMCLATURA": "062-07", "PARTIDO": 62, "PARTIDO_NOMBRE": "Lobos", "DENOMINACION": "A. Carboni - SEC 075-01 (GoogleMaps lo indica como 062-02)", "CLASE": "DE TIERRA", "TRANSITABIlIDAD": "TEMPORARIO", "TIPO": "CAMINO", "TRAMO_NUM": null, "LON_INI": -59.33062972584356, "LAT_INI": -35.195915379154954, "LON_FIN": -59.36056603641223, "LAT_FIN": -35.1580284030222, "LONGITUD_KM_ORIG": 4.991, "LONGITUD_KM_WGS84": 5.0427, "N_VERTICES": 6, "N_LINEAS": 1, "DIFF_PCT": 1.0, "ALERTA": ""}, "geometry": {"type": "MultiLineString", "coordinates": [[[-59.33062972584356, -35.195915379154954], [-59.341036003310116, -35.1823555757049], [-59.350272416079555, -35.170213918203146], [-59.35953367724246, -35.158166928536815], [-59.36013724665955, -35.15813200578704], [-59.36056603641223, -35.1580284030222]]]}}, {"type": "Feature", "properties": {"NOMEMCLATURA": "062-08", "PARTIDO": 62, "PARTIDO_NOMBRE": "Lobos", "DENOMINACION": "A. Carboni - RN 205", "CLASE": "DE TIERRA", "TRANSITABIlIDAD": "TEMPORARIO", "TIPO": "CAMINO", "TRAMO_NUM": null, "LON_INI": -59.35227314505492, "LAT_INI": -35.20291753961105, "LON_FIN": -59.29974981302083, "LAT_FIN": -35.33583381310533, "LONGITUD_KM_ORIG": 16.872, "LONGITUD_KM_WGS84": 16.9996, "N_VERTICES": 33, "N_LINEAS": 1, "DIFF_PCT": 0.8, "ALERTA": ""}, "geometry": {"type": "MultiLineString", "coordinates": [[[-59.35227314505492, -35.20291753961105], [-59.35198758377961, -35.203621739642244], [-59.35203972494934, -35.20420216324033], [-59.35200094752092, -35.20778445303459], [-59.3524030995709, -35.20912051272491], [-59.353039011008526, -35.21221095575708], [-59.35313857475019, -35.21266882738384], [-59.34973526890757, -35.22404172726404], [-59.34957428073399, -35.224491849093134], [-59.34939588305285, -35.22518325023635], [-59.34150640515746, -35.24133373358798], [-59.346386757832676, -35.26094520211357], [-59.34660280352581, -35.26168742231103], [-59.346890855678, -35.27275818677924], [-59.348435271773326, -35.28430150802953], [-59.34973827891264, -35.286040460708875], [-59.34838212539391, -35.28964525328397], [-59.34834298775999, -35.29001768471237], [-59.34854960944427, -35.29065821794929], [-59.348583895386746, -35.29089130399597], [-59.3484932818652, -35.29124228530498], [-59.34818283507591, -35.291956255058395], [-59.345470336752, -35.29656575462986], [-59.345160310067115, -35.29754226106357], [-59.34526723767593, -35.29837493195236], [-59.34575529874129, -35.300146562247114], [-59.34586834746882, -35.301182524431205], [-59.34579303533067, -35.30155475857391], [-59.34554443083922, -35.30195781421518], [-59.3438666741546, -35.303750529151934], [-59.33193745214264, -35.31340351979483], [-59.32146797, -35.31901693], [-59.29974981302083, -35.33583381310533]]]}}, {"type": "Feature", "properties": {"NOMEMCLATURA": "062-09", "PARTIDO": 62, "PARTIDO_NOMBRE": "Lobos", "DENOMINACION": "RN 205 - Zapiola", "CLASE": "DE TIERRA", "TRANSITABIlIDAD": "TEMPORARIO", "TIPO": "CAMINO", "TRAMO_NUM": null, "LON_INI": -59.00001380770198, "LAT_INI": -35.11985458039765, "LON_FIN": -59.04186527978608, "LAT_FIN": -35.06767093208205, "LONGITUD_KM_ORIG": 9.169, "LONGITUD_KM_WGS84": 7.5887, "N_VERTICES": 17, "N_LINEAS": 1, "DIFF_PCT": -17.2, "ALERTA": "REVISAR"}, "geometry": {"type": "MultiLineString", "coordinates": [[[-59.00001380770198, -35.11985458039765], [-59.02042925955854, -35.104251736520226], [-59.02066506512692, -35.103923344316556], [-59.02079939282931, -35.10346285993045], [-59.02066656146746, -35.10293669867859], [-59.020418457953426, -35.10257052001599], [-59.01746682288321, -35.09992119240049], [-59.01712502155948, -35.09920701174117], [-59.01712610170008, -35.098258473642666], [-59.01946150244198, -35.0925522223671], [-59.01995527709308, -35.09176011177336], [-59.020736007241375, -35.091097354690405], [-59.03946900232467, -35.07701046959112], [-59.04009590785278, -35.07626167310506], [-59.04071686194185, -35.07514018041885], [-59.040830179489824, -35.07426027771663], [-59.04186527978608, -35.06767093208205]]]}}, {"type": "Feature", "properties": {"NOMEMCLATURA": "062-10", "PARTIDO": 62, "PARTIDO_NOMBRE": "Lobos", "DENOMINACION": "RN 205 - vías FF.CC. Roca (Tramo 1)", "CLASE": "PAVIMENTADO", "TRANSITABIlIDAD": "PERMANENTE", "TIPO": "CAMINO", "TRAMO_NUM": 1.0, "LON_INI": -59.063017926954274, "LAT_INI": -35.17686200104838, "LON_FIN": -59.09295592903484, "LAT_FIN": -35.17735191711595, "LONGITUD_KM_ORIG": 2.752, "LONGITUD_KM_WGS84": 2.7338, "N_VERTICES": 5, "N_LINEAS": 1, "DIFF_PCT": -0.7, "ALERTA": ""}, "geometry": {"type": "MultiLineString", "coordinates": [[[-59.063017926954274, -35.17686200104838], [-59.063418762424305, -35.176987903245454], [-59.0638522159576, -35.17696796424465], [-59.0641734775104, -35.17683705856465], [-59.09295592903484, -35.17735191711595]]]}}, {"type": "Feature", "properties": {"NOMEMCLATURA": "062-10", "PARTIDO": 62, "PARTIDO_NOMBRE": "Lobos", "DENOMINACION": "Vías FF.CC Roca - RP 41 (700 m cordón cuneta, entre Av República y calle Suipacha) (Tramo 2)", "CLASE": "MIXTO", "TRANSITABIlIDAD": "TEMPORARIO", "TIPO": "CAMINO", "TRAMO_NUM": 2.0, "LON_INI": -59.09295592903484, "LAT_INI": -35.17735191711595, "LON_FIN": -59.11286547151866, "LAT_FIN": -35.195588643119656, "LONGITUD_KM_ORIG": 3.542, "LONGITUD_KM_WGS84": 3.5955, "N_VERTICES": 6, "N_LINEAS": 1, "DIFF_PCT": 1.5, "ALERTA": ""}, "geometry": {"type": "MultiLineString", "coordinates": [[[-59.09295592903484, -35.17735191711595], [-59.108515562588, -35.17763259039122], [-59.108160433948825, -35.19184566870167], [-59.1087101301753, -35.192051915944035], [-59.10954439258394, -35.192653008813835], [-59.11286547151866, -35.195588643119656]]]}}, {"type": "Feature", "properties": {"NOMEMCLATURA": "075-01", "PARTIDO": "075", "PARTIDO_NOMBRE": "Navarro", "DENOMINACION": "RP 40 - SEC 062-07", "CLASE": "DE TIERRA", "TRANSITABIlIDAD": "TEMPORARIO", "TIPO": "CAMINO", "TRAMO_NUM": null, "LON_INI": -59.33586652841182, "LAT_INI": -35.05503893515674, "LON_FIN": -59.36072103485374, "LAT_FIN": -35.15805444957444, "LONGITUD_KM_ORIG": 17.709, "LONGITUD_KM_WGS84": 16.9399, "N_VERTICES": 48, "N_LINEAS": 1, "DIFF_PCT": -4.3, "ALERTA": ""}, "geometry": {"type": "MultiLineString", "coordinates": [[[-59.33586652841182, -35.05503893515674, 0.0], [-59.33592045682094, -35.05524832381751, 0.0], [-59.33560297835003, -35.05585644118001, 0.0], [-59.33368879251072, -35.05933518664351, 0.0], [-59.33205868815617, -35.06271527323941, 0.0], [-59.32725727870691, -35.07193020809626, 0.0], [-59.327244616006695, -35.07282749407811, 0.0], [-59.32539541428808, -35.07668761347152, 0.0], [-59.325414887933, -35.07689681432923, 0.0], [-59.325592927468904, -35.07715481410746, 0.0], [-59.32926565446991, -35.07902652289791, 0.0], [-59.33281521839947, -35.080771947241416, 0.0], [-59.33337644749128, -35.08113575878929, 0.0], [-59.3340838273892, -35.081795237392235, 0.0], [-59.33659349628382, -35.08304394545113, 0.0], [-59.33684520741431, -35.08337202923442, 0.0], [-59.335605083487906, -35.08566961378637, 0.0], [-59.33555396380099, -35.08609187452538, 0.0], [-59.33575607930197, -35.086654917563465, 0.0], [-59.34412793444569, -35.09874507405135, 0.0], [-59.36463146803979, -35.11830852607005, 0.0], [-59.36480583870157, -35.1183834932615, 0.0], [-59.36502927414573, -35.118284474171624, 0.0], [-59.3657180802258, -35.11696818906881, 0.0], [-59.366015290011475, -35.116926183144415, 0.0], [-59.375452169072425, -35.12176250407382, 0.0], [-59.37281649680718, -35.12530780798681, 0.0], [-59.37292469697491, -35.125717838786066, 0.0], [-59.37927450800794, -35.13228027901979, 0.0], [-59.38030851092804, -35.13297818589843, 0.0], [-59.382382859131226, -35.13424332344035, 0.0], [-59.386257961962265, -35.13863214834011, 0.0], [-59.386424625509854, -35.139035928620984, 0.0], [-59.38673245013544, -35.140416182235334, 0.0], [-59.38812255378588, -35.14173874158494, 0.0], [-59.38823134028, -35.14208342009887, 0.0], [-59.38384668041792, -35.147926643461936, 0.0], [-59.383535007410046, -35.148114546813105, 0.0], [-59.37674511159379, -35.15733642972785, 0.0], [-59.37650049977256, -35.15741793610842, 0.0], [-59.364569945591896, -35.1514796370898, 0.0], [-59.36234679004646, -35.15431245900191, 0.0], [-59.36233747575126, -35.15482642390065, 0.0], [-59.36269021523952, -35.155843239475914, 0.0], [-59.36257934829135, -35.15645685916235, 0.0], [-59.36220042930243, -35.1574349758975, 0.0], [-59.361465698400714, -35.15778830166881, 0.0], [-59.36072103485374, -35.15805444957444, 0.0]]]}}, {"type": "Feature", "properties": {"NOMEMCLATURA": "075-02", "PARTIDO": "075", "PARTIDO_NOMBRE": "Navarro", "DENOMINACION": "SEC 075-01 - SEC 075-03", "CLASE": "DE TIERRA", "TRANSITABIlIDAD": "TEMPORARIO", "TIPO": "CAMINO", "TRAMO_NUM": null, "LON_INI": -59.38384668041792, "LAT_INI": -35.147926643461936, "LON_FIN": -59.494739219427636, "LAT_FIN": -35.21005255049039, "LONGITUD_KM_ORIG": 13.9, "LONGITUD_KM_WGS84": 13.9368, "N_VERTICES": 24, "N_LINEAS": 1, "DIFF_PCT": 0.3, "ALERTA": ""}, "geometry": {"type": "MultiLineString", "coordinates": [[[-59.38384668041792, -35.147926643461936, 0.0], [-59.383903572353226, -35.14811859943169, 0.0], [-59.38906580128923, -35.15070392369286, 0.0], [-59.394925912449374, -35.15363446654174, 0.0], [-59.3973627593593, -35.15475305101331, 0.0], [-59.42720079283115, -35.16961910341252, 0.0], [-59.42732338802625, -35.16972531743483, 0.0], [-59.42728126808364, -35.1698688681854, 0.0], [-59.42323572249299, -35.17623292580532, 0.0], [-59.42311438149156, -35.17669953444835, 0.0], [-59.42131266259376, -35.17958226785972, 0.0], [-59.421284777055504, -35.179773800757225, 0.0], [-59.42140581393784, -35.179913772558194, 0.0], [-59.46545198763264, -35.201948702029476, 0.0], [-59.46568021296818, -35.20194535327868, 0.0], [-59.46741543189272, -35.19953539282445, 0.0], [-59.46767103681242, -35.199401479329794, 0.0], [-59.48001811151162, -35.205553593684556, 0.0], [-59.48029355596722, -35.20563754109127, 0.0], [-59.48050103437995, -35.205560022640626, 0.0], [-59.48166840072941, -35.20392715244392, 0.0], [-59.481956115341326, -35.2037497858323, 0.0], [-59.482210770012045, -35.203763943197565, 0.0], [-59.494739219427636, -35.21005255049039, 0.0]]]}}, {"type": "Feature", "properties": {"NOMEMCLATURA": "075-03", "PARTIDO": "075", "PARTIDO_NOMBRE": "Navarro", "DENOMINACION": "RP 40 - SEC 062-06", "CLASE": "DE TIERRA", "TRANSITABIlIDAD": "TEMPORARIO", "TIPO": "CAMINO", "TRAMO_NUM": null, "LON_INI": -59.539427963403256, "LAT_INI": -35.16113350747418, "LON_FIN": -59.4859573605089, "LAT_FIN": -35.22075376486359, "LONGITUD_KM_ORIG": 8.395, "LONGITUD_KM_WGS84": 8.4181, "N_VERTICES": 24, "N_LINEAS": 1, "DIFF_PCT": 0.3, "ALERTA": ""}, "geometry": {"type": "MultiLineString", "coordinates": [[[-59.539427963403256, -35.16113350747418, 0.0], [-59.534659755170765, -35.164776577687334, 0.0], [-59.5304704701644, -35.167994805546755, 0.0], [-59.52886357633691, -35.16929103512228, 0.0], [-59.52550309027121, -35.1719961123827, 0.0], [-59.522164398849796, -35.17456505291873, 0.0], [-59.517212238361445, -35.17832322119216, 0.0], [-59.515245737003944, -35.1797986092689, 0.0], [-59.51520761563355, -35.17996398738255, 0.0], [-59.515286370814714, -35.1801036968377, 0.0], [-59.51630025715731, -35.18091362309546, 0.0], [-59.516388826405525, -35.18118840919, 0.0], [-59.51635016476078, -35.18144526294351, 0.0], [-59.500870880154636, -35.20201929264986, 0.0], [-59.49850515764545, -35.20527219949273, 0.0], [-59.49735499485606, -35.20674848673626, 0.0], [-59.49676542014017, -35.20768258793246, 0.0], [-59.49599474894222, -35.20871829943475, 0.0], [-59.494739219427636, -35.21005255049039, 0.0], [-59.494375287864685, -35.2105389082016, 0.0], [-59.49400507145809, -35.21118205606966, 0.0], [-59.49071989044458, -35.21538928622338, 0.0], [-59.486084932330435, -35.22051581356646, 0.0], [-59.4859573605089, -35.22075376486359, 0.0]]]}}, {"type": "Feature", "properties": {"NOMEMCLATURA": "075-04", "PARTIDO": "075", "PARTIDO_NOMBRE": "Navarro", "DENOMINACION": "TRAZA ORIG. RP30 - RP 40", "CLASE": "DE TIERRA", "TRANSITABIlIDAD": "TEMPORARIO", "TIPO": "CAMINO", "TRAMO_NUM": null, "LON_INI": -59.662102004790164, "LAT_INI": -35.18397986152042, "LON_FIN": -59.557449929922534, "LAT_FIN": -35.17578704017087, "LONGITUD_KM_ORIG": 12.443, "LONGITUD_KM_WGS84": 12.4231, "N_VERTICES": 25, "N_LINEAS": 1, "DIFF_PCT": -0.2, "ALERTA": ""}, "geometry": {"type": "MultiLineString", "coordinates": [[[-59.662102004790164, -35.18397986152042, 0.0], [-59.633659131299666, -35.159533507208295, 0.0], [-59.63349723875214, -35.15955806519495, 0.0], [-59.613749142143014, -35.17302893969441, 0.0], [-59.613388021920706, -35.173106197379646, 0.0], [-59.60534814241352, -35.166207439870284, 0.0], [-59.605137491758065, -35.16616319246097, 0.0], [-59.604885250746406, -35.166217910281546, 0.0], [-59.600364866622904, -35.16961826198108, 0.0], [-59.60015504040902, -35.16967528784093, 0.0], [-59.59990858096617, -35.16962982411894, 0.0], [-59.59262716174842, -35.16331208683685, 0.0], [-59.59225128226321, -35.163162714977, 0.0], [-59.59176359675817, -35.16309573111292, 0.0], [-59.5912435403999, -35.16313753852399, 0.0], [-59.5908330278724, -35.163284260075436, 0.0], [-59.58183742138434, -35.17035234323945, 0.0], [-59.58141685785745, -35.17063839273308, 0.0], [-59.58095964824401, -35.17082847998714, 0.0], [-59.5799182165138, -35.17114722361945, 0.0], [-59.57823950087952, -35.171594423763395, 0.0], [-59.57435703999009, -35.172443349350566, 0.0], [-59.56977627952655, -35.17340293021281, 0.0], [-59.56852597836034, -35.173577082619744, 0.0], [-59.557449929922534, -35.17578704017087, 0.0]]]}}, {"type": "Feature", "properties": {"NOMEMCLATURA": "075-05", "PARTIDO": "075", "PARTIDO_NOMBRE": "Navarro", "DENOMINACION": "RP 44 - SEC 109-03", "CLASE": "DE TIERRA", "TRANSITABIlIDAD": "TEMPORARIO", "TIPO": "CAMINO", "TRAMO_NUM": null, "LON_INI": -59.63956361052382, "LAT_INI": -35.05913281771942, "LON_FIN": -59.73938972410518, "LAT_FIN": -35.203901769000446, "LONGITUD_KM_ORIG": 21.376, "LONGITUD_KM_WGS84": 21.2917, "N_VERTICES": 31, "N_LINEAS": 1, "DIFF_PCT": -0.4, "ALERTA": ""}, "geometry": {"type": "MultiLineString", "coordinates": [[[-59.63956361052382, -35.05913281771942, 0.0], [-59.6362994981762, -35.061667083947896, 0.0], [-59.639653658583455, -35.06817868842524, 0.0], [-59.63980463158782, -35.068789001268556, 0.0], [-59.63960239336363, -35.072608764000506, 0.0], [-59.63975479049713, -35.07289672405789, 0.0], [-59.64386776298769, -35.07384980394436, 0.0], [-59.6534182372852, -35.08213676949127, 0.0], [-59.65096953920861, -35.08409873344926, 0.0], [-59.65084123079922, -35.08436191205842, 0.0], [-59.650927418369825, -35.08465620129826, 0.0], [-59.66359032292753, -35.095360777937344, 0.0], [-59.66435545049422, -35.10524265885073, 0.0], [-59.66429048382927, -35.1055735465033, 0.0], [-59.66397104201873, -35.105912441335704, 0.0], [-59.65950379684082, -35.10940232116244, 0.0], [-59.694671734417334, -35.140537864632584, 0.0], [-59.69527328103108, -35.14134526296283, 0.0], [-59.73462869025066, -35.17629226508813, 0.0], [-59.73968651849576, -35.1807399376294, 0.0], [-59.73980809148534, -35.18088395040507, 0.0], [-59.73970282111837, -35.18103509896016, 0.0], [-59.73486386289127, -35.184744717392405, 0.0], [-59.72873850695012, -35.189409606953234, 0.0], [-59.72845465882251, -35.18979666376241, 0.0], [-59.728473677008715, -35.19006133946711, 0.0], [-59.736279412389564, -35.19700696255575, 0.0], [-59.73658334850701, -35.19738007023971, 0.0], [-59.73667494491094, -35.19777449607485, 0.0], [-59.736940787845946, -35.200088159966555, 0.0], [-59.73938972410518, -35.203901769000446, 0.0]]]}}, {"type": "Feature", "properties": {"NOMEMCLATURA": "075-06", "PARTIDO": "075", "PARTIDO_NOMBRE": "Navarro", "DENOMINACION": "RP40 - SEC 102-01", "CLASE": "DE TIERRA", "TRANSITABIlIDAD": "TEMPORARIO", "TIPO": "CAMINO", "TRAMO_NUM": null, "LON_INI": -59.46059355858385, "LAT_INI": -35.11102077449217, "LON_FIN": -59.57539954019651, "LAT_FIN": -34.92780961081167, "LONGITUD_KM_ORIG": 24.879, "LONGITUD_KM_WGS84": 24.3477, "N_VERTICES": 50, "N_LINEAS": 1, "DIFF_PCT": -2.1, "ALERTA": ""}, "geometry": {"type": "MultiLineString", "coordinates": [[[-59.46059355858385, -35.11102077449217, 0.0], [-59.47190844816082, -35.096704125845605, 0.0], [-59.471811464221844, -35.09653817081822, 0.0], [-59.4693467936941, -35.0953218526071, 0.0], [-59.46927621766628, -35.09517125754074, 0.0], [-59.49880781920385, -35.055212796700545, 0.0], [-59.4987219025379, -35.05496849695274, 0.0], [-59.496725166281095, -35.05392618698775, 0.0], [-59.496973442347105, -35.053609217288184, 0.0], [-59.49716466302216, -35.0535256095023, 0.0], [-59.49855444815516, -35.05170558744072, 0.0], [-59.49886470553499, -35.05121244543352, 0.0], [-59.499882166333215, -35.049846631878, 0.0], [-59.50477433108996, -35.04323226321669, 0.0], [-59.50788182429678, -35.039102191284016, 0.0], [-59.50947277412005, -35.03699589070127, 0.0], [-59.51209981384233, -35.03342570791965, 0.0], [-59.51358901912957, -35.03147140753324, 0.0], [-59.51653089025447, -35.027436274372924, 0.0], [-59.51792947301007, -35.025546899562094, 0.0], [-59.521265736621885, -35.0210035381885, 0.0], [-59.52306966452227, -35.01857553222206, 0.0], [-59.52579679880588, -35.01488781335303, 0.0], [-59.52839054678961, -35.011334553792366, 0.0], [-59.53070160095316, -35.00810685794889, 0.0], [-59.534116299029606, -35.00348501613372, 0.0], [-59.534154505966924, -35.003282599416316, 0.0], [-59.53408911998212, -35.00314295003573, 0.0], [-59.53172394598715, -35.00197945579987, 0.0], [-59.53161651103074, -35.001787368444724, 0.0], [-59.531665547058644, -35.00154361034204, 0.0], [-59.5425, -34.986809, 0.0], [-59.54647506060628, -34.98152423940956, 0.0], [-59.54809883559886, -34.97931951167892, 0.0], [-59.54936813101952, -34.977559958955936, 0.0], [-59.551351819324644, -34.97483595191054, 0.0], [-59.553545902889915, -34.97183824208164, 0.0], [-59.55356815844805, -34.97163793742652, 0.0], [-59.553333878925834, -34.97141273020626, 0.0], [-59.55077660641247, -34.97017048481246, 0.0], [-59.55065326778112, -34.969982710687155, 0.0], [-59.55069959335769, -34.96973675518281, 0.0], [-59.55676751602421, -34.96127746816566, 0.0], [-59.56050440294188, -34.9561201930575, 0.0], [-59.568010342266525, -34.94596004071676, 0.0], [-59.577069973757574, -34.93367460860845, 0.0], [-59.579501784072825, -34.930335262658055, 0.0], [-59.57955630087976, -34.930017444152895, 0.0], [-59.57928794152969, -34.92974207067868, 0.0], [-59.57539954019651, -34.92780961081167, 0.0]]]}}, {"type": "Feature", "properties": {"NOMEMCLATURA": "075-07", "PARTIDO": "075", "PARTIDO_NOMBRE": "Navarro", "DENOMINACION": "RP 41 - SEC 109-01", "CLASE": "DE TIERRA", "TRANSITABIlIDAD": "TEMPORARIO", "TIPO": "CAMINO", "TRAMO_NUM": null, "LON_INI": -59.3427445144839, "LAT_INI": -34.86519366789237, "LON_FIN": -59.57539954019651, "LAT_FIN": -34.92780961081167, "LONGITUD_KM_ORIG": 24.87, "LONGITUD_KM_WGS84": 24.6934, "N_VERTICES": 36, "N_LINEAS": 1, "DIFF_PCT": -0.7, "ALERTA": ""}, "geometry": {"type": "MultiLineString", "coordinates": [[[-59.3427445144839, -34.86519366789237, 0.0], [-59.343250858592135, -34.865324913048575, 0.0], [-59.3490950741515, -34.87052719349568, 0.0], [-59.355250425315276, -34.87590947294449, 0.0], [-59.35632321926175, -34.87662086906199, 0.0], [-59.36160002514833, -34.8812314614615, 0.0], [-59.37576283043182, -34.89354060660936, 0.0], [-59.37586195558052, -34.89371645425451, 0.0], [-59.37584196045563, -34.893913471415715, 0.0], [-59.37490316226373, -34.89509136604993, 0.0], [-59.37480939451501, -34.89534245655309, 0.0], [-59.37505980439494, -34.895613830994336, 0.0], [-59.4006062920517, -34.9084659782355, 0.0], [-59.42102542489866, -34.918747674612185, 0.0], [-59.4219887715634, -34.919011456637975, 0.0], [-59.42241646040351, -34.91911150551315, 0.0], [-59.42268596512578, -34.91914327984071, 0.0], [-59.42305954273544, -34.919040504467176, 0.0], [-59.42335981050909, -34.918832830448, 0.0], [-59.429826979025066, -34.90998750905184, 0.0], [-59.42997871132307, -34.90989257163519, 0.0], [-59.430085610758745, -34.9098520856256, 0.0], [-59.430237570722895, -34.909805304852256, 0.0], [-59.430430372782205, -34.90979124495375, 0.0], [-59.43068731143965, -34.90984234100131, 0.0], [-59.45104344982714, -34.92007733185588, 0.0], [-59.451596135198514, -34.920275858244736, 0.0], [-59.45231347499294, -34.920369485511266, 0.0], [-59.452966495666075, -34.920390940942156, 0.0], [-59.51539638251489, -34.92240607373399, 0.0], [-59.53489479127297, -34.92302571375727, 0.0], [-59.53537633026706, -34.92298399337297, 0.0], [-59.5457227042359, -34.92328448967132, 0.0], [-59.54586750275133, -34.92340264995711, 0.0], [-59.56799607370308, -34.92408885802747, 0.0], [-59.57539954019651, -34.92780961081167, 0.0]]]}}, {"type": "Feature", "properties": {"NOMEMCLATURA": "075-08", "PARTIDO": "075", "PARTIDO_NOMBRE": "Navarro", "DENOMINACION": "SEC 075-07 - SEC 071-03", "CLASE": "DE TIERRA", "TRANSITABIlIDAD": "TEMPORARIO", "TIPO": "CAMINO", "TRAMO_NUM": null, "LON_INI": -59.429826979025066, "LAT_INI": -34.90998750905184, "LON_FIN": -59.45809057438238, "LAT_FIN": -34.86728057907065, "LONGITUD_KM_ORIG": 5.61, "LONGITUD_KM_WGS84": 5.6351, "N_VERTICES": 10, "N_LINEAS": 1, "DIFF_PCT": 0.4, "ALERTA": ""}, "geometry": {"type": "MultiLineString", "coordinates": [[[-59.429826979025066, -34.90998750905184, 0.0], [-59.43000044272528, -34.90975635281412, 0.0], [-59.4300307435425, -34.909677469403974, 0.0], [-59.430025345115155, -34.909596377676465, 0.0], [-59.42999071535658, -34.90952699469309, 0.0], [-59.42993490263573, -34.909483780214956, 0.0], [-59.42782071214381, -34.908471908998294, 0.0], [-59.427768800142, -34.908332264799185, 0.0], [-59.42783334294349, -34.90817574391238, 0.0], [-59.45809057438238, -34.86728057907065, 0.0]]]}}, {"type": "Feature", "properties": {"NOMEMCLATURA": "075-09", "PARTIDO": "075", "PARTIDO_NOMBRE": "Navarro", "DENOMINACION": "ZONA URBANA. AV. CIRCUNVALACIÓN. PARTE DE RP 47", "CLASE": "DE TIERRA", "TRANSITABIlIDAD": "TEMPORARIO", "TIPO": "CAMINO", "TRAMO_NUM": null, "LON_INI": -59.277070707693476, "LAT_INI": -34.992303594868744, "LON_FIN": -59.28034636895116, "LAT_FIN": -35.01070321745171, "LONGITUD_KM_ORIG": 2.883, "LONGITUD_KM_WGS84": 2.8562, "N_VERTICES": 4, "N_LINEAS": 1, "DIFF_PCT": -0.9, "ALERTA": ""}, "geometry": {"type": "MultiLineString", "coordinates": [[[-59.277070707693476, -34.992303594868744, 0.0], [-59.27384147647121, -34.99832410457333, 0.0], [-59.28487071899201, -35.002173972257886, 0.0], [-59.28034636895116, -35.01070321745171, 0.0]]]}}, {"type": "Feature", "properties": {"NOMEMCLATURA": "091-01", "PARTIDO": "091", "PARTIDO_NOMBRE": "Roque Pérez", "DENOMINACION": "Roque Perez - SEC 093-01 (Tramo 2)", "CLASE": "DE TIERRA", "TRANSITABIlIDAD": "TEMPORARIO", "TIPO": "CAMINO", "TRAMO_NUM": "2", "LON_INI": -59.3361565, "LAT_INI": -35.4085874, "LON_FIN": -59.4837997208236, "LAT_FIN": -35.49222650082633, "LONGITUD_KM_ORIG": 16.244, "LONGITUD_KM_WGS84": 17.3162, "N_VERTICES": 29, "N_LINEAS": 1, "DIFF_PCT": 6.6, "ALERTA": ""}, "geometry": {"type": "MultiLineString", "coordinates": [[[-59.3361565, -35.4085874, 0.0], [-59.3385148, -35.4132636, 0.0], [-59.3396021, -35.4141552, 0.0], [-59.3398057, -35.4142396, 0.0], [-59.3399664, -35.4141928, 0.0], [-59.3403093, -35.4139375, 0.0], [-59.3405021, -35.4138681, 0.0], [-59.3407538, -35.4139604, 0.0], [-59.3542136, -35.4262747, 0.0], [-59.354442, -35.4263275, 0.0], [-59.3546276, -35.42626, 0.0], [-59.3613587, -35.4211748, 0.0], [-59.3618049, -35.4208821, 0.0], [-59.3622028, -35.4207774, 0.0], [-59.3626168, -35.4208421, 0.0], [-59.3632039, -35.4211199, 0.0], [-59.4228457, -35.4570923, 0.0], [-59.4392095, -35.4669476, 0.0], [-59.4464535, -35.4713291, 0.0], [-59.4466365, -35.4713933, 0.0], [-59.4470233, -35.4710732, 0.0], [-59.4473732, -35.4711886, 0.0], [-59.4504196, -35.4730439, 0.0], [-59.4780763, -35.4896758, 0.0], [-59.4832092, -35.4909206, 0.0], [-59.4835057, -35.491162, 0.0], [-59.4836626, -35.4914209, 0.0], [-59.483774, -35.4918567, 0.0], [-59.4837997208236, -35.49222650082633, 0.0]]]}}, {"type": "Feature", "properties": {"NOMEMCLATURA": "091-01", "PARTIDO": "091", "PARTIDO_NOMBRE": "Roque Pérez", "DENOMINACION": "SEC 062-02 - Roque Perez (Tramo 1)", "CLASE": "DE TIERRA", "TRANSITABIlIDAD": "TEMPORARIO", "TIPO": "CAMINO", "TRAMO_NUM": "1", "LON_INI": -59.3287803, "LAT_INI": -35.3997974, "LON_FIN": -59.281233, "LAT_FIN": -35.3727435, "LONGITUD_KM_ORIG": 5.335, "LONGITUD_KM_WGS84": 5.2959, "N_VERTICES": 14, "N_LINEAS": 1, "DIFF_PCT": -0.7, "ALERTA": ""}, "geometry": {"type": "MultiLineString", "coordinates": [[[-59.3287803, -35.3997974, 0.0], [-59.3223918, -35.3960406, 0.0], [-59.3131878, -35.3905385, 0.0], [-59.3077708, -35.3873055, 0.0], [-59.2975052, -35.3812206, 0.0], [-59.2963989, -35.3807458, 0.0], [-59.2928431, -35.3795965, 0.0], [-59.2895421, -35.3785827, 0.0], [-59.2889115, -35.3783905, 0.0], [-59.2883452, -35.378137, 0.0], [-59.2854079, -35.376169, 0.0], [-59.2824707, -35.3740872, 0.0], [-59.2819082, -35.37354, 0.0], [-59.281233, -35.3727435, 0.0]]]}}, {"type": "Feature", "properties": {"NOMEMCLATURA": "091-02", "PARTIDO": "091", "PARTIDO_NOMBRE": "Roque Pérez", "DENOMINACION": "SEC 091-01 - RP 30", "CLASE": "DE TIERRA", "TRANSITABIlIDAD": "TEMPORARIO", "TIPO": "CAMINO", "TRAMO_NUM": null, "LON_INI": -59.4228457, "LAT_INI": -35.4570923, "LON_FIN": -59.3478138, "LAT_FIN": -35.5264264, "LONGITUD_KM_ORIG": 11.14, "LONGITUD_KM_WGS84": 11.0988, "N_VERTICES": 19, "N_LINEAS": 1, "DIFF_PCT": -0.4, "ALERTA": ""}, "geometry": {"type": "MultiLineString", "coordinates": [[[-59.4228457, -35.4570923, 0.0], [-59.407224, -35.4686152, 0.0], [-59.406918, -35.4689825, 0.0], [-59.4070518, -35.4693585, 0.0], [-59.4128504, -35.4748288, 0.0], [-59.4130356, -35.4752116, 0.0], [-59.4128371, -35.4755115, 0.0], [-59.4095702, -35.4780225, 0.0], [-59.4093306, -35.4783465, 0.0], [-59.4091877, -35.4787405, 0.0], [-59.4091171, -35.4796674, 0.0], [-59.4088833, -35.4801527, 0.0], [-59.4086683, -35.4803562, 0.0], [-59.3978767, -35.4886237, 0.0], [-59.3876302, -35.496401, 0.0], [-59.3676534, -35.5117013, 0.0], [-59.3610608, -35.5168347, 0.0], [-59.3562861, -35.5204615, 0.0], [-59.3478138, -35.5264264, 0.0]]]}}, {"type": "Feature", "properties": {"NOMEMCLATURA": "091-03", "PARTIDO": "091", "PARTIDO_NOMBRE": "Roque Pérez", "DENOMINACION": "SEC 091-04 - SEC 036-05 (Tramo 3)", "CLASE": "DE TIERRA", "TRANSITABIlIDAD": "TEMPORARIO (TRAZA ANULADA)", "TIPO": "CAMINO", "TRAMO_NUM": "3", "LON_INI": -59.1610227, "LAT_INI": -35.5795512, "LON_FIN": -59.1400735, "LAT_FIN": -35.6250848, "LONGITUD_KM_ORIG": 7.625, "LONGITUD_KM_WGS84": 7.4332, "N_VERTICES": 10, "N_LINEAS": 1, "DIFF_PCT": -2.5, "ALERTA": ""}, "geometry": {"type": "MultiLineString", "coordinates": [[[-59.1610227, -35.5795512, 0.0], [-59.1685764, -35.5854842, 0.0], [-59.1691483, -35.5858221, 0.0], [-59.1702539, -35.58669, 0.0], [-59.1777001, -35.5925675, 0.0], [-59.1757605, -35.5941983, 0.0], [-59.1776814, -35.5957969, 0.0], [-59.1544079, -35.6149764, 0.0], [-59.1534, -35.6141222, 0.0], [-59.1400735, -35.6250848, 0.0]]]}}, {"type": "Feature", "properties": {"NOMEMCLATURA": "091-03", "PARTIDO": "091", "PARTIDO_NOMBRE": "Roque Pérez", "DENOMINACION": "RP 30 - SEC 091-04 (Tramo 1) ", "CLASE": "DE TIERRA", "TRANSITABIlIDAD": "TEMPORARIO", "TIPO": "CAMINO", "TRAMO_NUM": "1", "LON_INI": -59.3227581, "LAT_INI": -35.4754604, "LON_FIN": -59.222867588583455, "LAT_FIN": -35.56613000913263, "LONGITUD_KM_ORIG": 16.373, "LONGITUD_KM_WGS84": 16.3627, "N_VERTICES": 25, "N_LINEAS": 1, "DIFF_PCT": -0.1, "ALERTA": ""}, "geometry": {"type": "MultiLineString", "coordinates": [[[-59.3227581, -35.4754604, 0.0], [-59.3131047, -35.4825823, 0.0], [-59.3103511, -35.4842434, 0.0], [-59.3075707, -35.4857909, 0.0], [-59.3071343, -35.4859597, 0.0], [-59.3064189, -35.4860762, 0.0], [-59.2992051, -35.4874978, 0.0], [-59.258854671669944, -35.51067624728986, 0.0], [-59.25868173225653, -35.510757166224124, 0.0], [-59.25844402801552, -35.51076996290626, 0.0], [-59.257719018442046, -35.51067995798067, 0.0], [-59.2572625, -35.5117033, 0.0], [-59.2496751, -35.5095385, 0.0], [-59.2493073, -35.5097794, 0.0], [-59.2331693, -35.5223749, 0.0], [-59.2463373, -35.5337642, 0.0], [-59.2466533, -35.5340523, 0.0], [-59.2467093, -35.5343753, 0.0], [-59.2466581, -35.535196, 0.0], [-59.2466202, -35.5361564, 0.0], [-59.2467004, -35.5369858, 0.0], [-59.2460346, -35.5491297, 0.0], [-59.245903, -35.5495064, 0.0], [-59.2455889, -35.5498351, 0.0], [-59.222867588583455, -35.56613000913263, 0.0]]]}}, {"type": "Feature", "properties": {"NOMEMCLATURA": "091-03", "PARTIDO": "091", "PARTIDO_NOMBRE": "Roque Pérez", "DENOMINACION": "SEC 091-04 - SEC 036-05 (Tramo 2)", "CLASE": "DE TIERRA", "TRANSITABIlIDAD": "TEMPORARIO", "TIPO": "CAMINO", "TRAMO_NUM": "2", "LON_INI": -59.2204417, "LAT_INI": -35.56413, "LON_FIN": -59.1610227, "LAT_FIN": -35.5795512, "LONGITUD_KM_ORIG": 7.496, "LONGITUD_KM_WGS84": 7.6154, "N_VERTICES": 7, "N_LINEAS": 1, "DIFF_PCT": 1.6, "ALERTA": ""}, "geometry": {"type": "MultiLineString", "coordinates": [[[-59.2204417, -35.56413, 0.0], [-59.20291798785191, -35.57837277947983, 0.0], [-59.20026393717567, -35.58048134004593, 0.0], [-59.2000801124393, -35.58053893214881, 0.0], [-59.19982101873802, -35.58048731135517, 0.0], [-59.1797963, -35.5640216, 0.0], [-59.1610227, -35.5795512, 0.0]]]}}, {"type": "Feature", "properties": {"NOMEMCLATURA": "091-04", "PARTIDO": "091", "PARTIDO_NOMBRE": "Roque Pérez", "DENOMINACION": "RP 20 - RP 30", "CLASE": "DE TIERRA", "TRANSITABIlIDAD": "TEMPORARIO", "TIPO": "CAMINO", "TRAMO_NUM": "2", "LON_INI": -59.1254816, "LAT_INI": -35.4856806, "LON_FIN": -59.2636012, "LAT_FIN": -35.5996118, "LONGITUD_KM_ORIG": 19.574, "LONGITUD_KM_WGS84": 18.0143, "N_VERTICES": 30, "N_LINEAS": 1, "DIFF_PCT": -8.0, "ALERTA": ""}, "geometry": {"type": "MultiLineString", "coordinates": [[[-59.1254816, -35.4856806, 0.0], [-59.127692, -35.4875064, 0.0], [-59.1304388, -35.4898513, 0.0], [-59.1335881, -35.4924975, 0.0], [-59.1398927, -35.4977372, 0.0], [-59.152472, -35.5080496, 0.0], [-59.1768139, -35.528029, 0.0], [-59.1773006, -35.5286033, 0.0], [-59.177787, -35.5291016, 0.0], [-59.1782735, -35.5294864, 0.0], [-59.1802979, -35.5309195, 0.0], [-59.1809707, -35.5312999, 0.0], [-59.1816114, -35.5315579, 0.0], [-59.181911, -35.5316463, 0.0], [-59.1827077, -35.5315322, 0.0], [-59.1837564, -35.5313134, 0.0], [-59.18403, -35.5313559, 0.0], [-59.1841728, -35.5315532, 0.0], [-59.1833554, -35.5331213, 0.0], [-59.1835472, -35.5336146, 0.0], [-59.1983209, -35.5457191, 0.0], [-59.2004067, -35.5475218, 0.0], [-59.2092846, -35.5548215, 0.0], [-59.21484, -35.5594835, 0.0], [-59.2205034, -35.5641802, 0.0], [-59.2357414, -35.5767517, 0.0], [-59.250614, -35.5889679, 0.0], [-59.2539691, -35.5917457, 0.0], [-59.257126, -35.5943533, 0.0], [-59.2636012, -35.5996118, 0.0]]]}}, {"type": "Feature", "properties": {"NOMEMCLATURA": "091-04", "PARTIDO": "091", "PARTIDO_NOMBRE": "Roque Pérez", "DENOMINACION": "SEC 073-07 - RP 20", "CLASE": "DE TIERRA", "TRANSITABIlIDAD": "TEMPORARIO", "TIPO": "CAMINO", "TRAMO_NUM": "1", "LON_INI": -59.0830624, "LAT_INI": -35.4476213, "LON_FIN": -59.1144464, "LAT_FIN": -35.4764416, "LONGITUD_KM_ORIG": 4.518, "LONGITUD_KM_WGS84": 4.3431, "N_VERTICES": 9, "N_LINEAS": 1, "DIFF_PCT": -3.9, "ALERTA": ""}, "geometry": {"type": "MultiLineString", "coordinates": [[[-59.0830624, -35.4476213, 0.0], [-59.0830758, -35.4479921, 0.0], [-59.0831483, -35.4482974, 0.0], [-59.0831993, -35.4491729, 0.0], [-59.0831564, -35.4496333, 0.0], [-59.0838189, -35.4507232, 0.0], [-59.086497, -35.4529174, 0.0], [-59.1002765, -35.4644575, 0.0], [-59.1144464, -35.4764416, 0.0]]]}}, {"type": "Feature", "properties": {"NOMEMCLATURA": "091-05", "PARTIDO": "091", "PARTIDO_NOMBRE": "Roque Pérez", "DENOMINACION": "SEC 091-04 - SEC 091-03", "CLASE": "DE TIERRA", "TRANSITABIlIDAD": "TEMPORARIO", "TIPO": "CAMINO", "TRAMO_NUM": null, "LON_INI": -59.1282284, "LAT_INI": -35.4879629, "LON_FIN": -59.2496751, "LAT_FIN": -35.5095385, "LONGITUD_KM_ORIG": 11.215, "LONGITUD_KM_WGS84": 11.2848, "N_VERTICES": 16, "N_LINEAS": 1, "DIFF_PCT": 0.6, "ALERTA": ""}, "geometry": {"type": "MultiLineString", "coordinates": [[[-59.1282284, -35.4879629, 0.0], [-59.1459103, -35.490762, 0.0], [-59.1612758, -35.4932006, 0.0], [-59.1643411, -35.4937821, 0.0], [-59.174949, -35.4954639, 0.0], [-59.184847, -35.4970385, 0.0], [-59.1866557, -35.497224, 0.0], [-59.1987843, -35.4991823, 0.0], [-59.2050338, -35.5003626, 0.0], [-59.2241375, -35.5040475, 0.0], [-59.2396163, -35.5070138, 0.0], [-59.2446349, -35.5080142, 0.0], [-59.2474179, -35.5088026, 0.0], [-59.2489998, -35.5092382, 0.0], [-59.2492704, -35.5093927, 0.0], [-59.2496751, -35.5095385, 0.0]]]}}, {"type": "Feature", "properties": {"NOMEMCLATURA": "091-06", "PARTIDO": "091", "PARTIDO_NOMBRE": "Roque Pérez", "DENOMINACION": "RP 30 (La Reforma) - SEC 093-14", "CLASE": "DE TIERRA", "TRANSITABIlIDAD": "TEMPORARIO", "TIPO": "CAMINO", "TRAMO_NUM": null, "LON_INI": -59.22904589966874, "LAT_INI": -35.6612729377628, "LON_FIN": -59.25505474272827, "LAT_FIN": -35.69815801236592, "LONGITUD_KM_ORIG": 4.746, "LONGITUD_KM_WGS84": 4.7215, "N_VERTICES": 2, "N_LINEAS": 1, "DIFF_PCT": -0.5, "ALERTA": ""}, "geometry": {"type": "MultiLineString", "coordinates": [[[-59.22904589966874, -35.6612729377628, 0.0], [-59.25505474272827, -35.69815801236592, 0.0]]]}}, {"type": "Feature", "properties": {"NOMEMCLATURA": "091-07", "PARTIDO": "091", "PARTIDO_NOMBRE": "Roque Pérez", "DENOMINACION": "RP 30 - SEC 093-03", "CLASE": "DE TIERRA", "TRANSITABIlIDAD": "TEMPORARIO", "TIPO": "CAMINO", "TRAMO_NUM": null, "LON_INI": -59.33088776585658, "LAT_INI": -35.581208633615475, "LON_FIN": -59.41304684148427, "LAT_FIN": -35.586081534692525, "LONGITUD_KM_ORIG": 10.811, "LONGITUD_KM_WGS84": 11.1677, "N_VERTICES": 11, "N_LINEAS": 1, "DIFF_PCT": 3.3, "ALERTA": ""}, "geometry": {"type": "MultiLineString", "coordinates": [[[-59.33088776585658, -35.581208633615475, 0.0], [-59.35085316050668, -35.59967799518406, 0.0], [-59.35090851158091, -35.59984938388406, 0.0], [-59.35078967466176, -35.59997349725533, 0.0], [-59.34877458869227, -35.601441844479695, 0.0], [-59.348664127816726, -35.60160877357632, 0.0], [-59.34877618060756, -35.601784034031695, 0.0], [-59.36794513097404, -35.61861553788433, 0.0], [-59.368701572326756, -35.619289607158706, 0.0], [-59.36893074129076, -35.61929080774995, 0.0], [-59.41304684148427, -35.586081534692525, 0.0]]]}}, {"type": "Feature", "properties": {"NOMEMCLATURA": "091-08", "PARTIDO": "091", "PARTIDO_NOMBRE": "Roque Pérez", "DENOMINACION": "RN 205 - SEC 091-01", "CLASE": "DE TIERRA", "TRANSITABIlIDAD": "TEMPORARIO", "TIPO": "CAMINO", "TRAMO_NUM": null, "LON_INI": -59.50608762913065, "LAT_INI": -35.4346961179858, "LON_FIN": -59.4504196, "LAT_FIN": -35.4730439, "LONGITUD_KM_ORIG": 6.736, "LONGITUD_KM_WGS84": 6.6629, "N_VERTICES": 9, "N_LINEAS": 1, "DIFF_PCT": -1.1, "ALERTA": ""}, "geometry": {"type": "MultiLineString", "coordinates": [[[-59.50608762913065, -35.4346961179858, 0.0], [-59.50451220890587, -35.435919420857275, 0.0], [-59.469568638270225, -35.46149418369649, 0.0], [-59.46881300294864, -35.46178493140148, 0.0], [-59.46800182834123, -35.46190789845632, 0.0], [-59.46583575725242, -35.46201952507645, 0.0], [-59.46484833701536, -35.462439325828704, 0.0], [-59.4507249, -35.4727618, 0.0], [-59.4504196, -35.4730439, 0.0]]]}}, {"type": "Feature", "properties": {"NOMEMCLATURA": "091-09", "PARTIDO": "091", "PARTIDO_NOMBRE": "Roque Pérez", "DENOMINACION": "RN 205 - SEC 091-10", "CLASE": "DE TIERRA", "TRANSITABIlIDAD": "TEMPORARIO", "TIPO": "CAMINO", "TRAMO_NUM": null, "LON_INI": -59.57409653169501, "LAT_INI": -35.459085164194875, "LON_FIN": -59.63915825062234, "LAT_FIN": -35.36026638657907, "LONGITUD_KM_ORIG": 14.859, "LONGITUD_KM_WGS84": 14.6599, "N_VERTICES": 27, "N_LINEAS": 1, "DIFF_PCT": -1.3, "ALERTA": ""}, "geometry": {"type": "MultiLineString", "coordinates": [[[-59.57409653169501, -35.459085164194875, 0.0], [-59.574048990948725, -35.45694628907565, 0.0], [-59.5740695344582, -35.456768135914196, 0.0], [-59.574249792931916, -35.456456876900205, 0.0], [-59.57492424585502, -35.455368512548006, 0.0], [-59.57516190841178, -35.454909526856056, 0.0], [-59.5779815988729, -35.448865085874736, 0.0], [-59.578259179716966, -35.447844821296364, 0.0], [-59.578635447474305, -35.44627551875172, 0.0], [-59.57944183174562, -35.44282475512192, 0.0], [-59.58018183079701, -35.43914339572002, 0.0], [-59.580476276865056, -35.43863825667224, 0.0], [-59.58180077102802, -35.43687662910557, 0.0], [-59.611572980901386, -35.414138087105854, 0.0], [-59.61174231017241, -35.41378574172974, 0.0], [-59.61157859617154, -35.41342163185857, 0.0], [-59.59985533830173, -35.403192325927414, 0.0], [-59.59969168125547, -35.40283176428567, 0.0], [-59.599941719745075, -35.40245118593606, 0.0], [-59.61773896389424, -35.388933208529494, 0.0], [-59.61774738864208, -35.3887621363369, 0.0], [-59.617677260634856, -35.3886335902951, 0.0], [-59.611720915575766, -35.38110106160796, 0.0], [-59.63856321801528, -35.360643818445155, 0.0], [-59.638760711342336, -35.360510737210795, 0.0], [-59.63904512733405, -35.360401085050576, 0.0], [-59.63915825062234, -35.36026638657907, 0.0]]]}}, {"type": "Feature", "properties": {"NOMEMCLATURA": "091-10", "PARTIDO": "091", "PARTIDO_NOMBRE": "Roque Pérez", "DENOMINACION": "RP 30 - SEC 109-06", "CLASE": "DE TIERRA", "TRANSITABIlIDAD": "TEMPORARIO (APERTURA PARCIAL)", "TIPO": "CAMINO", "TRAMO_NUM": null, "LON_INI": -59.606576316100664, "LAT_INI": -35.3296496786061, "LON_FIN": -59.68961516059229, "LAT_FIN": -35.357173730037275, "LONGITUD_KM_ORIG": 11.282, "LONGITUD_KM_WGS84": 10.6649, "N_VERTICES": 17, "N_LINEAS": 1, "DIFF_PCT": -5.5, "ALERTA": ""}, "geometry": {"type": "MultiLineString", "coordinates": [[[-59.606576316100664, -35.3296496786061, 0.0], [-59.61476031895808, -35.337443277954236, 0.0], [-59.61414890172735, -35.33794749963039, 0.0], [-59.63251516661983, -35.35431627327515, 0.0], [-59.63297575906968, -35.35445312691277, 0.0], [-59.633348914026314, -35.354682392702145, 0.0], [-59.63362159501692, -35.35500046734575, 0.0], [-59.63377177289295, -35.35546788264025, 0.0], [-59.6464777333764, -35.366786717984375, 0.0], [-59.648208648773405, -35.365536871059355, 0.0], [-59.64833083375342, -35.365458805981504, 0.0], [-59.64843099779554, -35.365441274530525, 0.0], [-59.64849722831972, -35.365471766093755, 0.0], [-59.648668533471245, -35.36560682702085, 0.0], [-59.65352628954527, -35.36988497646559, 0.0], [-59.66658975621849, -35.37486935587263, 0.0], [-59.68961516059229, -35.357173730037275, 0.0]]]}}, {"type": "Feature", "properties": {"NOMEMCLATURA": "091-11", "PARTIDO": "091", "PARTIDO_NOMBRE": "Roque Pérez", "DENOMINACION": "RN 205 - RP 30", "CLASE": "DE TIERRA", "TRANSITABIlIDAD": "TEMPORARIO", "TIPO": "CAMINO", "TRAMO_NUM": null, "LON_INI": -59.479678, "LAT_INI": -35.412892, "LON_FIN": -59.498302, "LAT_FIN": -35.33631, "LONGITUD_KM_ORIG": 12.335, "LONGITUD_KM_WGS84": 12.3346, "N_VERTICES": 16, "N_LINEAS": 1, "DIFF_PCT": -0.0, "ALERTA": ""}, "geometry": {"type": "MultiLineString", "coordinates": [[[-59.479678, -35.412892, 0.0], [-59.487847, -35.407126, 0.0], [-59.495918, -35.401941, 0.0], [-59.500881, -35.398951, 0.0], [-59.504988, -35.39665, 0.0], [-59.519583, -35.379893, 0.0], [-59.521901, -35.377168, 0.0], [-59.524964, -35.37238, 0.0], [-59.528889, -35.369443, 0.0], [-59.530529, -35.367354, 0.0], [-59.53474, -35.356836, 0.0], [-59.534052, -35.354232, 0.0], [-59.523926, -35.345573, 0.0], [-59.501819, -35.33775, 0.0], [-59.499903, -35.336924, 0.0], [-59.498302, -35.33631, 0.0]]]}}, {"type": "Feature", "properties": {"NOMEMCLATURA": "091-14", "PARTIDO": "091", "PARTIDO_NOMBRE": "Roque Pérez", "DENOMINACION": "RN 205 - Roque Perez", "CLASE": "DE TIERRA", "TRANSITABIlIDAD": "TEMPORARIO", "TIPO": "CAMINO", "TRAMO_NUM": null, "LON_INI": -59.37802471526754, "LAT_INI": -35.38054321987338, "LON_FIN": -59.33432500253518, "LAT_FIN": -35.395689074080146, "LONGITUD_KM_ORIG": 5.727, "LONGITUD_KM_WGS84": 5.7056, "N_VERTICES": 19, "N_LINEAS": 1, "DIFF_PCT": -0.4, "ALERTA": ""}, "geometry": {"type": "MultiLineString", "coordinates": [[[-59.37802471526754, -35.38054321987338, 0.0], [-59.37609380534732, -35.38316744448427, 0.0], [-59.372848594393254, -35.387435192057865, 0.0], [-59.369549973266366, -35.391809504360126, 0.0], [-59.369290562661824, -35.39228540505596, 0.0], [-59.36821938685219, -35.392885774840074, 0.0], [-59.36788495842742, -35.393067597733015, 0.0], [-59.3674530334504, -35.39319187704853, 0.0], [-59.366696773556505, -35.39331980172891, 0.0], [-59.3613662534222, -35.39402641836627, 0.0], [-59.36085962444195, -35.39423760952516, 0.0], [-59.35718658596439, -35.3969944818188, 0.0], [-59.346434384318975, -35.40503533481071, 0.0], [-59.346110079070456, -35.40529913478055, 0.0], [-59.345793022052646, -35.40547386064554, 0.0], [-59.345486846911065, -35.40551408480772, 0.0], [-59.34515369953201, -35.40539019502624, 0.0], [-59.33899790398121, -35.39987307286989, 0.0], [-59.33432500253518, -35.395689074080146, 0.0]]]}}, {"type": "Feature", "properties": {"NOMEMCLATURA": "093-01", "PARTIDO": 93.0, "PARTIDO_NOMBRE": "Saladillo", "DENOMINACION": "Del Carril - SEC 091-01 (Tramo 3)", "CLASE": "DE TIERRA", "TRANSITABIlIDAD": "TEMPORARIO", "TIPO": "CAMINO", "TRAMO_NUM": "3", "LON_INI": -59.5080343, "LAT_INI": -35.5079703, "LON_FIN": -59.4838023, "LAT_FIN": -35.4923274, "LONGITUD_KM_ORIG": 2.813, "LONGITUD_KM_WGS84": 2.8322, "N_VERTICES": 4, "N_LINEAS": 1, "DIFF_PCT": 0.7, "ALERTA": ""}, "geometry": {"type": "LineString", "coordinates": [[-59.5080343, -35.5079703], [-59.4840079, -35.4933115], [-59.483838, -35.4929925], [-59.4838023, -35.4923274]]}}, {"type": "Feature", "properties": {"NOMEMCLATURA": "093-01", "PARTIDO": 93.0, "PARTIDO_NOMBRE": "Saladillo", "DENOMINACION": "Cazón - Del Carrill (Tramo 2)", "CLASE": "DE TIERRA", "TRANSITABIlIDAD": "TEMPORARIO", "TIPO": "CAMINO", "TRAMO_NUM": "2", "LON_INI": -59.6737594, "LAT_INI": -35.580566, "LON_FIN": -59.5336146, "LAT_FIN": -35.4980484, "LONGITUD_KM_ORIG": 17.268, "LONGITUD_KM_WGS84": 17.9359, "N_VERTICES": 14, "N_LINEAS": 1, "DIFF_PCT": 3.9, "ALERTA": ""}, "geometry": {"type": "LineString", "coordinates": [[-59.6737594, -35.580566], [-59.6653437, -35.5782314], [-59.6659367, -35.5768269], [-59.6582716, -35.5746547], [-59.6578431, -35.5757069], [-59.6450017, -35.5720641], [-59.6328819, -35.5611494], [-59.6223631, -35.5516835], [-59.6030182, -35.5341932], [-59.5864343, -35.5463282], [-59.5737652, -35.5347147], [-59.5633712, -35.5251703], [-59.5599718, -35.5220438], [-59.5336146, -35.4980484]]}}, {"type": "Feature", "properties": {"NOMEMCLATURA": "093-01", "PARTIDO": 93.0, "PARTIDO_NOMBRE": "Saladillo", "DENOMINACION": "RN 205 - Cazón (Tramo 1)", "CLASE": "DE TIERRA", "TRANSITABIlIDAD": "TEMPORARIO", "TIPO": "CAMINO", "TRAMO_NUM": "1", "LON_INI": -59.7652989, "LAT_INI": -35.6140667, "LON_FIN": -59.6737594, "LAT_FIN": -35.580566, "LONGITUD_KM_ORIG": 11.284, "LONGITUD_KM_WGS84": 11.2577, "N_VERTICES": 8, "N_LINEAS": 1, "DIFF_PCT": -0.2, "ALERTA": ""}, "geometry": {"type": "LineString", "coordinates": [[-59.7652989, -35.6140667], [-59.7479075, -35.6267723], [-59.7259629, -35.6069518], [-59.7269537, -35.606141], [-59.715461, -35.5957997], [-59.7173203, -35.5945352], [-59.7143842, -35.5919661], [-59.6737594, -35.580566]]}}, {"type": "Feature", "properties": {"NOMEMCLATURA": "093-02", "PARTIDO": 93.0, "PARTIDO_NOMBRE": "Saladillo", "DENOMINACION": "RN 205 - Cazón (Tramo 1)", "CLASE": "PAVIMENTADO", "TRANSITABIlIDAD": "PERMANENTE", "TIPO": "CAMINO", "TRAMO_NUM": "1", "LON_INI": -59.6968996, "LAT_INI": -35.5398749, "LON_FIN": -59.6581381, "LAT_FIN": -35.5746261, "LONGITUD_KM_ORIG": 4.678, "LONGITUD_KM_WGS84": 5.7446, "N_VERTICES": 5, "N_LINEAS": 1, "DIFF_PCT": 22.8, "ALERTA": "REVISAR"}, "geometry": {"type": "LineString", "coordinates": [[-59.6968996, -35.5398749], [-59.6540818, -35.5713041], [-59.6573799, -35.5743079], [-59.6576329, -35.5744833], [-59.6581381, -35.5746261]]}}, {"type": "Feature", "properties": {"NOMEMCLATURA": "093-02", "PARTIDO": 93.0, "PARTIDO_NOMBRE": "Saladillo", "DENOMINACION": "Toledo - RP 91 (Tramo 3)", "CLASE": "DE TIERRA", "TRANSITABIlIDAD": "TEMPORARIO", "TIPO": "CAMINO", "TRAMO_NUM": "3", "LON_INI": -59.6286262, "LAT_INI": -35.6445747, "LON_FIN": -59.6539308, "LAT_FIN": -35.7380485, "LONGITUD_KM_ORIG": 12.315, "LONGITUD_KM_WGS84": 12.3227, "N_VERTICES": 12, "N_LINEAS": 1, "DIFF_PCT": 0.1, "ALERTA": ""}, "geometry": {"type": "LineString", "coordinates": [[-59.6286262, -35.6445747], [-59.6278378, -35.6458264], [-59.6201984, -35.6514762], [-59.6161836, -35.6657097], [-59.6176903, -35.6727492], [-59.6175568, -35.6736531], [-59.6148915, -35.6812373], [-59.6155519, -35.6899066], [-59.6114154, -35.6991941], [-59.611794, -35.6999129], [-59.6123174, -35.7005141], [-59.6539308, -35.7380485]]}}, {"type": "Feature", "properties": {"NOMEMCLATURA": "093-02", "PARTIDO": 93.0, "PARTIDO_NOMBRE": "Saladillo", "DENOMINACION": "SEC 093-07 - SEC 034-08 (Tramo 5)", "CLASE": "DE TIERRA", "TRANSITABIlIDAD": "TEMPORARIO", "TIPO": "CAMINO", "TRAMO_NUM": "5", "LON_INI": -59.7327329, "LAT_INI": -35.8156118, "LON_FIN": -59.7117951, "LAT_FIN": -35.8335712, "LONGITUD_KM_ORIG": 2.857, "LONGITUD_KM_WGS84": 2.8325, "N_VERTICES": 3, "N_LINEAS": 1, "DIFF_PCT": -0.9, "ALERTA": ""}, "geometry": {"type": "LineString", "coordinates": [[-59.7327329, -35.8156118], [-59.7117944, -35.8310367], [-59.7117951, -35.8335712]]}}, {"type": "Feature", "properties": {"NOMEMCLATURA": "093-02", "PARTIDO": 93.0, "PARTIDO_NOMBRE": "Saladillo", "DENOMINACION": "Cazon - Toledo (Tramo 2)", "CLASE": "DE TIERRA", "TRANSITABIlIDAD": "TEMPORARIO", "TIPO": "CAMINO", "TRAMO_NUM": "2", "LON_INI": -59.6610497, "LAT_INI": -35.5781857, "LON_FIN": -59.6259653, "LAT_FIN": -35.6342939, "LONGITUD_KM_ORIG": 9.022, "LONGITUD_KM_WGS84": 8.9282, "N_VERTICES": 16, "N_LINEAS": 1, "DIFF_PCT": -1.0, "ALERTA": ""}, "geometry": {"type": "LineString", "coordinates": [[-59.6610497, -35.5781857], [-59.6568028, -35.5828037], [-59.6518089, -35.5864736], [-59.6501995, -35.5867124], [-59.6498615, -35.5868973], [-59.6497435, -35.5872959], [-59.6497429, -35.5878629], [-59.6495199, -35.588143], [-59.6371745, -35.597044], [-59.6372405, -35.597369], [-59.6499026, -35.6082525], [-59.630717, -35.620719], [-59.6255757, -35.6244177], [-59.6295622, -35.6280912], [-59.6295671, -35.6285293], [-59.6259653, -35.6342939]]}}, {"type": "Feature", "properties": {"NOMEMCLATURA": "093-02", "PARTIDO": 93.0, "PARTIDO_NOMBRE": "Saladillo", "DENOMINACION": "RP 91 - SEC 093-07 (Tramo 4)", "CLASE": "DE TIERRA", "TRANSITABIlIDAD": "TEMPORARIO", "TIPO": "CAMINO", "TRAMO_NUM": "4", "LON_INI": -59.6494949, "LAT_INI": -35.7416448, "LON_FIN": -59.7327329, "LAT_FIN": -35.8156118, "LONGITUD_KM_ORIG": 12.278, "LONGITUD_KM_WGS84": 11.4716, "N_VERTICES": 17, "N_LINEAS": 1, "DIFF_PCT": -6.6, "ALERTA": ""}, "geometry": {"type": "LineString", "coordinates": [[-59.6494949, -35.7416448], [-59.663004, -35.763117], [-59.6640856, -35.7639354], [-59.6665299, -35.766077], [-59.6757495, -35.7687735], [-59.6849375, -35.7716347], [-59.6904909, -35.7747718], [-59.6971719, -35.7828453], [-59.6987156, -35.7847278], [-59.6995727, -35.7854962], [-59.7040571, -35.7892971], [-59.7072906, -35.7910173], [-59.7201049, -35.8035417], [-59.7253913, -35.8087482], [-59.7276485, -35.8109577], [-59.7299809, -35.8131279], [-59.7327329, -35.8156118]]}}, {"type": "Feature", "properties": {"NOMEMCLATURA": "093-03", "PARTIDO": 93.0, "PARTIDO_NOMBRE": "Saladillo", "DENOMINACION": "RN 205 - Del Carril (Tramo 1)", "CLASE": "PAVIMENTADO", "TRANSITABIlIDAD": "PERMANENTE", "TIPO": "CAMINO", "TRAMO_NUM": "1", "LON_INI": -59.5820936, "LAT_INI": -35.4624859, "LON_FIN": -59.5161882, "LAT_FIN": -35.5113414, "LONGITUD_KM_ORIG": 8.183, "LONGITUD_KM_WGS84": 8.0737, "N_VERTICES": 5, "N_LINEAS": 1, "DIFF_PCT": -1.3, "ALERTA": ""}, "geometry": {"type": "LineString", "coordinates": [[-59.5820936, -35.4624859], [-59.5447036, -35.489732], [-59.5336146, -35.4980484], [-59.5330323, -35.4987069], [-59.5161882, -35.5113414]]}}, {"type": "Feature", "properties": {"NOMEMCLATURA": "093-03", "PARTIDO": 93.0, "PARTIDO_NOMBRE": "Saladillo", "DENOMINACION": "Del Carril - SEC 091-07 (Tramo 2)", "CLASE": "DE TIERRA", "TRANSITABIlIDAD": "TEMPORARIO", "TIPO": "CAMINO", "TRAMO_NUM": "2", "LON_INI": -59.5161882, "LAT_INI": -35.5113414, "LON_FIN": -59.3688219, "LAT_FIN": -35.6193329, "LONGITUD_KM_ORIG": 12.364, "LONGITUD_KM_WGS84": 17.9858, "N_VERTICES": 15, "N_LINEAS": 1, "DIFF_PCT": 45.5, "ALERTA": "REVISAR"}, "geometry": {"type": "LineString", "coordinates": [[-59.5161882, -35.5113414], [-59.4894425, -35.5314458], [-59.4736885, -35.5432872], [-59.4722395, -35.5440724], [-59.471268, -35.5448315], [-59.4597423, -35.5531974], [-59.4492876, -35.5608117], [-59.4445317, -35.5640534], [-59.4393355, -35.5674083], [-59.4299895, -35.573983], [-59.4268843, -35.5775544], [-59.42411, -35.5782607], [-59.4123774, -35.5866073], [-59.3963819, -35.5986342], [-59.3688219, -35.6193329]]}}, {"type": "Feature", "properties": {"NOMEMCLATURA": "093-04", "PARTIDO": 93.0, "PARTIDO_NOMBRE": "Saladillo", "DENOMINACION": "SEC 093-03 (Del Carril) - Polvaderas (Tramo 1)", "CLASE": "DE TIERRA", "TRANSITABIlIDAD": "TEMPORARIO", "TIPO": "CAMINO", "TRAMO_NUM": "1", "LON_INI": -59.5114118, "LAT_INI": -35.5149365, "LON_FIN": -59.5075203, "LAT_FIN": -35.5908712, "LONGITUD_KM_ORIG": 6.458, "LONGITUD_KM_WGS84": 10.4252, "N_VERTICES": 8, "N_LINEAS": 1, "DIFF_PCT": 61.4, "ALERTA": "REVISAR"}, "geometry": {"type": "LineString", "coordinates": [[-59.5114118, -35.5149365], [-59.5336892, -35.5353075], [-59.5248873, -35.5417479], [-59.5081026, -35.5652834], [-59.5163595, -35.5728805], [-59.5142586, -35.5780473], [-59.5129427, -35.5833285], [-59.5075203, -35.5908712]]}}, {"type": "Feature", "properties": {"NOMEMCLATURA": "093-04", "PARTIDO": 93.0, "PARTIDO_NOMBRE": "Saladillo", "DENOMINACION": "Polvaderas - SEC 093-14 (Tramo 2)", "CLASE": "DE TIERRA", "TRANSITABIlIDAD": "TEMPORARIO", "TIPO": "CAMINO", "TRAMO_NUM": "2", "LON_INI": -59.5060938, "LAT_INI": -35.5916327, "LON_FIN": -59.3075088, "LAT_FIN": -35.7708155, "LONGITUD_KM_ORIG": 30.327, "LONGITUD_KM_WGS84": 30.2545, "N_VERTICES": 41, "N_LINEAS": 1, "DIFF_PCT": -0.2, "ALERTA": ""}, "geometry": {"type": "LineString", "coordinates": [[-59.5060938, -35.5916327], [-59.5014707, -35.5989177], [-59.501322, -35.6018267], [-59.5008281, -35.6076647], [-59.5002223, -35.6094964], [-59.5000349, -35.6107786], [-59.4978737, -35.6148983], [-59.4962678, -35.6191384], [-59.4937926, -35.6228446], [-59.48517, -35.6303909], [-59.4802626, -35.6346979], [-59.477571, -35.6382932], [-59.477686, -35.6404704], [-59.4762238, -35.6428888], [-59.4395654, -35.6581945], [-59.4334447, -35.6631988], [-59.4275819, -35.6681615], [-59.4087727, -35.6864795], [-59.4006833, -35.6928225], [-59.3925068, -35.6990691], [-59.390677, -35.7005849], [-59.3838566, -35.7057942], [-59.3749259, -35.7124316], [-59.374663, -35.7134879], [-59.375902, -35.7176488], [-59.3763794, -35.718336], [-59.3770498, -35.7191574], [-59.3781841, -35.7204747], [-59.3814428, -35.7232117], [-59.3861206, -35.7270698], [-59.3860584, -35.7277737], [-59.368357, -35.7411725], [-59.3664948, -35.7418587], [-59.3638986, -35.74351], [-59.3535755, -35.7490698], [-59.3528855, -35.7492613], [-59.3523779, -35.7492525], [-59.351857, -35.7489913], [-59.3511107, -35.7483817], [-59.3440083, -35.7423522], [-59.3075088, -35.7708155]]}}, {"type": "Feature", "properties": {"NOMEMCLATURA": "093-05", "PARTIDO": 93.0, "PARTIDO_NOMBRE": "Saladillo", "DENOMINACION": "SEC 093-13 - Polvaderas", "CLASE": "PAVIMENTADO", "TRANSITABIlIDAD": "PERMANENTE", "TIPO": "CAMINO", "TRAMO_NUM": null, "LON_INI": -59.7232553, "LAT_INI": -35.6797097, "LON_FIN": -59.4393355, "LAT_FIN": -35.5674083, "LONGITUD_KM_ORIG": 22.416, "LONGITUD_KM_WGS84": 28.7432, "N_VERTICES": 22, "N_LINEAS": 1, "DIFF_PCT": 28.2, "ALERTA": "REVISAR"}, "geometry": {"type": "LineString", "coordinates": [[-59.7232553, -35.6797097], [-59.7134854, -35.6717193], [-59.712305, -35.6709967], [-59.7040344, -35.6675741], [-59.6987273, -35.6653732], [-59.6934897, -35.6622956], [-59.6841672, -35.6583558], [-59.6790233, -35.6570375], [-59.6760896, -35.6558063], [-59.6452419, -35.6431688], [-59.6376218, -35.6399985], [-59.6332522, -35.6373631], [-59.6259599, -35.6343288], [-59.6207996, -35.6330013], [-59.606728, -35.6272066], [-59.5917946, -35.6218374], [-59.5128463, -35.5937468], [-59.51256, -35.5939068], [-59.5063283, -35.5917294], [-59.5047064, -35.5911728], [-59.5047958, -35.5907864], [-59.4393355, -35.5674083]]}}, {"type": "Feature", "properties": {"NOMEMCLATURA": "093-06", "PARTIDO": 93.0, "PARTIDO_NOMBRE": "Saladillo", "DENOMINACION": "RP 91 - SEC 034-08 (Gral. Alvear)", "CLASE": "DE TIERRA", "TRANSITABIlIDAD": "TEMPORARIO", "TIPO": "CAMINO", "TRAMO_NUM": null, "LON_INI": -59.7516489, "LAT_INI": -35.6959658, "LON_FIN": -59.7201304, "LAT_FIN": -35.8035602, "LONGITUD_KM_ORIG": 12.702, "LONGITUD_KM_WGS84": 12.588, "N_VERTICES": 20, "N_LINEAS": 1, "DIFF_PCT": -0.9, "ALERTA": ""}, "geometry": {"type": "LineString", "coordinates": [[-59.7516489, -35.6959658], [-59.7514846, -35.700807], [-59.75058, -35.7031998], [-59.7502454, -35.7051639], [-59.7509837, -35.7089401], [-59.7510291, -35.7109222], [-59.7476433, -35.71742], [-59.7479199, -35.7210106], [-59.7476815, -35.7229637], [-59.7460117, -35.7259984], [-59.745125, -35.7268817], [-59.744646, -35.7274079], [-59.7442179, -35.7284414], [-59.7437308, -35.7297536], [-59.7435306, -35.7312179], [-59.7414461, -35.7373202], [-59.7400104, -35.754956], [-59.732308, -35.7907733], [-59.7220766, -35.8004393], [-59.7201304, -35.8035602]]}}, {"type": "Feature", "properties": {"NOMEMCLATURA": "093-07", "PARTIDO": 93.0, "PARTIDO_NOMBRE": "Saladillo", "DENOMINACION": "SEC 093-08 (La Barrancosa) - SEC 093-02 (La Razón) (Tramo 2)", "CLASE": "DE TIERRA", "TRANSITABIlIDAD": "TEMPORARIO", "TIPO": "CAMINO", "TRAMO_NUM": "2", "LON_INI": -59.8647964, "LAT_INI": -35.7336941, "LON_FIN": -59.7327329, "LAT_FIN": -35.8156118, "LONGITUD_KM_ORIG": 15.914, "LONGITUD_KM_WGS84": 16.7807, "N_VERTICES": 24, "N_LINEAS": 1, "DIFF_PCT": 5.4, "ALERTA": ""}, "geometry": {"type": "LineString", "coordinates": [[-59.8647964, -35.7336941], [-59.8584514, -35.7364901], [-59.852114, -35.7392312], [-59.8395931, -35.7405604], [-59.8281004, -35.7453748], [-59.8227553, -35.7501182], [-59.8135817, -35.7559236], [-59.812894, -35.7581359], [-59.8077644, -35.7604656], [-59.8059828, -35.7619217], [-59.8019686, -35.7649245], [-59.7982706, -35.7677531], [-59.7978535, -35.7713887], [-59.7972159, -35.7737057], [-59.7967392, -35.7741338], [-59.7926553, -35.7750842], [-59.786433, -35.780182], [-59.789581, -35.783081], [-59.783381, -35.787648], [-59.777796, -35.789697], [-59.776907, -35.7924], [-59.7576618, -35.8065769], [-59.7385222, -35.820869], [-59.7327329, -35.8156118]]}}, {"type": "Feature", "properties": {"NOMEMCLATURA": "093-07", "PARTIDO": 93.0, "PARTIDO_NOMBRE": "Saladillo", "DENOMINACION": "RN 205 - SEC 093-08 (Tramo 1)", "CLASE": "DE TIERRA", "TRANSITABIlIDAD": "TEMPORARIO", "TIPO": "CAMINO", "TRAMO_NUM": "1", "LON_INI": -59.8691409, "LAT_INI": -35.7380462, "LON_FIN": -60.0594473, "LAT_FIN": -35.7472794, "LONGITUD_KM_ORIG": 26.478, "LONGITUD_KM_WGS84": 25.9648, "N_VERTICES": 29, "N_LINEAS": 1, "DIFF_PCT": -1.9, "ALERTA": ""}, "geometry": {"type": "LineString", "coordinates": [[-59.8691409, -35.7380462], [-59.8744712, -35.7360986], [-59.8810704, -35.7316966], [-59.8872145, -35.7375707], [-59.8967352, -35.7327917], [-59.9113472, -35.7462574], [-59.9119911, -35.7460258], [-59.9172755, -35.7505225], [-59.9269006, -35.7563682], [-59.9461016, -35.7678014], [-59.9523326, -35.7630112], [-59.9528569, -35.7629329], [-59.9531828, -35.7630635], [-59.9625565, -35.7711914], [-59.9820898, -35.7879003], [-59.9826449, -35.7880102], [-59.9830713, -35.7878852], [-59.9883659, -35.7838066], [-59.9886823, -35.7837277], [-59.9889665, -35.7838229], [-60.0112513, -35.8029177], [-60.023632, -35.7934097], [-60.0236133, -35.7928407], [-60.0190646, -35.7891321], [-60.0197645, -35.7794776], [-60.0294953, -35.7720309], [-60.0376934, -35.7672802], [-60.0391527, -35.7621409], [-60.0594473, -35.7472794]]}}, {"type": "Feature", "properties": {"NOMEMCLATURA": "093-08", "PARTIDO": 93.0, "PARTIDO_NOMBRE": "Saladillo", "DENOMINACION": "RP 51 - SEC 034-01 (Gral. Alvear) (Tramo 2)", "CLASE": "DE TIERRA", "TRANSITABIlIDAD": "TEMPORARIO", "TIPO": "CAMINO", "TRAMO_NUM": "2", "LON_INI": -59.8182694, "LAT_INI": -35.6675953, "LON_FIN": -59.939331, "LAT_FIN": -35.8701971, "LONGITUD_KM_ORIG": 25.268, "LONGITUD_KM_WGS84": 25.1911, "N_VERTICES": 7, "N_LINEAS": 1, "DIFF_PCT": -0.3, "ALERTA": ""}, "geometry": {"type": "LineString", "coordinates": [[-59.8182694, -35.6675953], [-59.8416663, -35.688653], [-59.8627086, -35.7278503], [-59.8627813, -35.7297878], [-59.869619, -35.742555], [-59.8709094, -35.7431179], [-59.939331, -35.8701971]]}}, {"type": "Feature", "properties": {"NOMEMCLATURA": "093-08", "PARTIDO": 93.0, "PARTIDO_NOMBRE": "Saladillo", "DENOMINACION": "Saladillo - RP 51 (Tramo 1)", "CLASE": "PAVIMENTADO", "TRANSITABIlIDAD": "PERMANENTE", "TIPO": "CAMINO", "TRAMO_NUM": "1", "LON_INI": -59.7836105, "LAT_INI": -35.6418612, "LON_FIN": -59.8148889, "LAT_FIN": -35.6700745, "LONGITUD_KM_ORIG": 4.23, "LONGITUD_KM_WGS84": 4.2216, "N_VERTICES": 3, "N_LINEAS": 1, "DIFF_PCT": -0.2, "ALERTA": ""}, "geometry": {"type": "LineString", "coordinates": [[-59.7836105, -35.6418612], [-59.8137845, -35.6691224], [-59.8148889, -35.6700745]]}}, {"type": "Feature", "properties": {"NOMEMCLATURA": "093-09", "PARTIDO": 93.0, "PARTIDO_NOMBRE": "Saladillo", "DENOMINACION": "SEC 093-13 - SEC 109-18", "CLASE": "DE TIERRA", "TRANSITABIlIDAD": "TEMPORARIO", "TIPO": "CAMINO", "TRAMO_NUM": null, "LON_INI": -59.8564772, "LAT_INI": -35.5416888, "LON_FIN": -60.0325421, "LAT_FIN": -35.6578988, "LONGITUD_KM_ORIG": 21.614, "LONGITUD_KM_WGS84": 21.5558, "N_VERTICES": 30, "N_LINEAS": 1, "DIFF_PCT": -0.3, "ALERTA": ""}, "geometry": {"type": "LineString", "coordinates": [[-59.8564772, -35.5416888], [-59.8794379, -35.5614284], [-59.9227862, -35.5987972], [-59.929467, -35.5962282], [-59.9507449, -35.6145273], [-59.9513161, -35.6147779], [-59.9540628, -35.6171305], [-59.9557511, -35.6167265], [-59.9647216, -35.6246934], [-59.9750573, -35.633811], [-59.9769693, -35.6350185], [-59.9793103, -35.6354997], [-59.9805909, -35.6358023], [-59.9836578, -35.6370814], [-59.9853299, -35.6369421], [-59.9895405, -35.6376283], [-59.9921391, -35.6377021], [-59.9957409, -35.6368558], [-60.0053139, -35.6403264], [-60.0068057, -35.6409425], [-60.0067633, -35.6424654], [-60.0134107, -35.645767], [-60.0133784, -35.6462626], [-60.0142493, -35.646563], [-60.0165516, -35.6485004], [-60.0199989, -35.6504979], [-60.0243298, -35.6537371], [-60.0311448, -35.6574861], [-60.031966, -35.6576498], [-60.0325421, -35.6578988]]}}, {"type": "Feature", "properties": {"NOMEMCLATURA": "093-10", "PARTIDO": 93.0, "PARTIDO_NOMBRE": "Saladillo", "DENOMINACION": "SEC 109-18 - SEC 109-16", "CLASE": "DE TIERRA", "TRANSITABIlIDAD": "TEMPORARIO", "TIPO": "CAMINO", "TRAMO_NUM": null, "LON_INI": -60.0926343, "LAT_INI": -35.682966, "LON_FIN": -60.1304085, "LAT_FIN": -35.675333, "LONGITUD_KM_ORIG": 3.756, "LONGITUD_KM_WGS84": 3.7927, "N_VERTICES": 7, "N_LINEAS": 1, "DIFF_PCT": 1.0, "ALERTA": ""}, "geometry": {"type": "LineString", "coordinates": [[-60.0926343, -35.682966], [-60.0948215, -35.6837104], [-60.0954753, -35.684003], [-60.0960302, -35.684169], [-60.1011395, -35.685886], [-60.1272194, -35.6785622], [-60.1304085, -35.675333]]}}, {"type": "Feature", "properties": {"NOMEMCLATURA": "093-11", "PARTIDO": 93.0, "PARTIDO_NOMBRE": "Saladillo", "DENOMINACION": "SEC 093-09 - Esther", "CLASE": "DE TIERRA", "TRANSITABIlIDAD": "TEMPORARIO", "TIPO": "CAMINO", "TRAMO_NUM": null, "LON_INI": -59.964959, "LAT_INI": -35.6249016, "LON_FIN": -59.953428, "LAT_FIN": -35.6391188, "LONGITUD_KM_ORIG": 1.885, "LONGITUD_KM_WGS84": 1.8919, "N_VERTICES": 2, "N_LINEAS": 1, "DIFF_PCT": 0.4, "ALERTA": ""}, "geometry": {"type": "LineString", "coordinates": [[-59.964959, -35.6249016], [-59.953428, -35.6391188]]}}, {"type": "Feature", "properties": {"NOMEMCLATURA": "093-12", "PARTIDO": 93.0, "PARTIDO_NOMBRE": "Saladillo", "DENOMINACION": "SEC 093-13 - SEC 109-05", "CLASE": "DE TIERRA", "TRANSITABIlIDAD": "TEMPORARIO", "TIPO": "CAMINO", "TRAMO_NUM": null, "LON_INI": -59.8329118, "LAT_INI": -35.5702736, "LON_FIN": -59.8402676, "LAT_FIN": -35.4943864, "LONGITUD_KM_ORIG": 9.109, "LONGITUD_KM_WGS84": 9.0337, "N_VERTICES": 15, "N_LINEAS": 1, "DIFF_PCT": -0.8, "ALERTA": ""}, "geometry": {"type": "LineString", "coordinates": [[-59.8329118, -35.5702736], [-59.8243757, -35.5627802], [-59.8275185, -35.557162], [-59.8290677, -35.5542103], [-59.8336192, -35.5453696], [-59.833849, -35.5312604], [-59.8322367, -35.5216313], [-59.8326172, -35.5195225], [-59.8328474, -35.5172827], [-59.8327325, -35.5155198], [-59.8363606, -35.506586], [-59.837885, -35.5038039], [-59.8392912, -35.501013], [-59.8405442, -35.4951202], [-59.8402676, -35.4943864]]}}, {"type": "Feature", "properties": {"NOMEMCLATURA": "093-13", "PARTIDO": 93.0, "PARTIDO_NOMBRE": "Saladillo", "DENOMINACION": "RP 91 - Saladillo (Tramo 1)", "CLASE": "PAVIMENTADO", "TRANSITABIlIDAD": "PERMANENTE", "TIPO": "CAMINO", "TRAMO_NUM": "1", "LON_INI": -59.6927812, "LAT_INI": -35.7096538, "LON_FIN": -59.7740181, "LAT_FIN": -35.6419338, "LONGITUD_KM_ORIG": 10.561, "LONGITUD_KM_WGS84": 10.7376, "N_VERTICES": 27, "N_LINEAS": 1, "DIFF_PCT": 1.7, "ALERTA": ""}, "geometry": {"type": "LineString", "coordinates": [[-59.6927812, -35.7096538], [-59.6942911, -35.708548], [-59.6957178, -35.7073813], [-59.6964465, -35.7067682], [-59.6970223, -35.7058154], [-59.6973374, -35.7047529], [-59.6976738, -35.7034988], [-59.6982395, -35.7011735], [-59.6994566, -35.6963704], [-59.6999906, -35.6954247], [-59.7005768, -35.6948616], [-59.7012756, -35.6942896], [-59.7075545, -35.690945], [-59.7117112, -35.6887285], [-59.7125729, -35.6882539], [-59.7134077, -35.6877358], [-59.7151068, -35.6865929], [-59.7183868, -35.6842895], [-59.7209205, -35.6820469], [-59.7235292, -35.6797563], [-59.7273567, -35.6765376], [-59.7305189, -35.6741031], [-59.7360071, -35.6701132], [-59.7413983, -35.6660881], [-59.7522326, -35.6579349], [-59.7630983, -35.6499316], [-59.7740181, -35.6419338]]}}, {"type": "Feature", "properties": {"NOMEMCLATURA": "093-13", "PARTIDO": 93.0, "PARTIDO_NOMBRE": "Saladillo", "DENOMINACION": "Saladillo - SEC 109-04 (Veinticinco de Mayo) (Tramo 3)", "CLASE": "DE TIERRA", "TRANSITABIlIDAD": "TEMPORARIO", "TIPO": "CAMINO", "TRAMO_NUM": "3", "LON_INI": -59.7944891, "LAT_INI": -35.6131682, "LON_FIN": -59.9383668, "LAT_FIN": -35.4939297, "LONGITUD_KM_ORIG": 20.015, "LONGITUD_KM_WGS84": 19.8769, "N_VERTICES": 44, "N_LINEAS": 1, "DIFF_PCT": -0.7, "ALERTA": ""}, "geometry": {"type": "LineString", "coordinates": [[-59.7944891, -35.6131682], [-59.7988708, -35.6099487], [-59.8140277, -35.5984339], [-59.829266, -35.5869521], [-59.8296102, -35.5860458], [-59.8294394, -35.5854319], [-59.8264452, -35.5827893], [-59.8262731, -35.5823689], [-59.8262942, -35.5818612], [-59.8296676, -35.5760631], [-59.8329118, -35.5702736], [-59.8364592, -35.564112], [-59.8450513, -35.5551398], [-59.8485469, -35.5498564], [-59.8485499, -35.5495568], [-59.8479198, -35.5487204], [-59.8479553, -35.5482871], [-59.8530099, -35.5445549], [-59.8549122, -35.5429128], [-59.856034, -35.5420847], [-59.8564772, -35.5416888], [-59.8567163, -35.5413597], [-59.857524, -35.53959], [-59.8595847, -35.537345], [-59.862474, -35.5328136], [-59.8638932, -35.5305915], [-59.864096, -35.5297475], [-59.8734931, -35.5228525], [-59.8746379, -35.5216767], [-59.8776379, -35.5195018], [-59.8846339, -35.5128338], [-59.8856572, -35.5122138], [-59.8867448, -35.5117334], [-59.8899293, -35.5116154], [-59.8958028, -35.5102099], [-59.9004731, -35.5080058], [-59.9168086, -35.5022318], [-59.9201337, -35.5017217], [-59.9331099, -35.4948569], [-59.9340467, -35.4947404], [-59.9356524, -35.4947586], [-59.9371024, -35.4947287], [-59.9377319, -35.4943816], [-59.9383668, -35.4939297]]}}, {"type": "Feature", "properties": {"NOMEMCLATURA": "093-13", "PARTIDO": 93.0, "PARTIDO_NOMBRE": "Saladillo", "DENOMINACION": "RN 205 - Saladillo Norte (Tramo 2)", "CLASE": "PAVIMENTADO", "TRANSITABIlIDAD": "PERMANENTE", "TIPO": "CAMINO", "TRAMO_NUM": "2", "LON_INI": -59.7779046, "LAT_INI": -35.6253184, "LON_FIN": -59.7944891, "LAT_FIN": -35.6131682, "LONGITUD_KM_ORIG": 2.136, "LONGITUD_KM_WGS84": 2.0186, "N_VERTICES": 2, "N_LINEAS": 1, "DIFF_PCT": -5.5, "ALERTA": ""}, "geometry": {"type": "LineString", "coordinates": [[-59.7779046, -35.6253184], [-59.7944891, -35.6131682]]}}, {"type": "Feature", "properties": {"NOMEMCLATURA": "093-14", "PARTIDO": 93.0, "PARTIDO_NOMBRE": "Saladillo", "DENOMINACION": "SEC 058-09 (Las Flores) - Estac. Blaquier (Traza sin abrir) (Tramo 1)", "CLASE": "SIN ABRIR", "TRANSITABIlIDAD": "TEMPORARIO", "TIPO": "CAMINO", "TRAMO_NUM": "1", "LON_INI": -59.3285839, "LAT_INI": -35.8024717, "LON_FIN": -59.3075088, "LAT_FIN": -35.7708155, "LONGITUD_KM_ORIG": 3.968, "LONGITUD_KM_WGS84": 4.062, "N_VERTICES": 3, "N_LINEAS": 1, "DIFF_PCT": 2.4, "ALERTA": ""}, "geometry": {"type": "LineString", "coordinates": [[-59.3285839, -35.8024717], [-59.3067869, -35.7714599], [-59.3075088, -35.7708155]]}}, {"type": "Feature", "properties": {"NOMEMCLATURA": "093-14", "PARTIDO": 93.0, "PARTIDO_NOMBRE": "Saladillo", "DENOMINACION": "Estac. Blaquier - SEC 091-06 (Roque Perez) (Tramo 2)", "CLASE": "DE TIERRA", "TRANSITABIlIDAD": "TEMPORARIO", "TIPO": "CAMINO", "TRAMO_NUM": "2", "LON_INI": -59.3075088, "LAT_INI": -35.7708155, "LON_FIN": -59.2551084, "LAT_FIN": -35.6981761, "LONGITUD_KM_ORIG": 9.359, "LONGITUD_KM_WGS84": 9.4209, "N_VERTICES": 6, "N_LINEAS": 1, "DIFF_PCT": 0.7, "ALERTA": ""}, "geometry": {"type": "LineString", "coordinates": [[-59.3075088, -35.7708155], [-59.3052891, -35.7676205], [-59.3049742, -35.7674983], [-59.3043215, -35.767786], [-59.2966526, -35.7570435], [-59.2551084, -35.6981761]]}}, {"type": "Feature", "properties": {"NOMEMCLATURA": "093-15", "PARTIDO": 93.0, "PARTIDO_NOMBRE": "Saladillo", "DENOMINACION": "Saladillo: Circuito Av. Circunvalación por Avs. I. Frocham (hasta RN 205) - Ledesma -  - Saavedra (hasta RN 205)", "CLASE": "PAVIMENTADO", "TRANSITABIlIDAD": "PERMANENTE", "TIPO": "CAMINO", "TRAMO_NUM": null, "LON_INI": -59.77741907469424, "LAT_INI": -35.625647384705914, "LON_FIN": -59.797720494061004, "LAT_FIN": -35.6383611190416, "LONGITUD_KM_ORIG": 2.28, "LONGITUD_KM_WGS84": 6.8353, "N_VERTICES": 5, "N_LINEAS": 1, "DIFF_PCT": 199.8, "ALERTA": "REVISAR"}, "geometry": {"type": "LineString", "coordinates": [[-59.77741907469424, -35.625647384705914], [-59.76044683380423, -35.63816878218571], [-59.763554008300034, -35.64088247846517], [-59.77727637134639, -35.65336741761926], [-59.797720494061004, -35.6383611190416]]}}, {"type": "Feature", "properties": {"NOMEMCLATURA": "109-01", "PARTIDO": "109", "PARTIDO_NOMBRE": "Veinticinco de Mayo", "DENOMINACION": "RP 61 - SEC 011-01 (Tramo 3)", "CLASE": "DE TIERRA", "TRANSITABIlIDAD": "TEMPORARIO", "TIPO": "CAMINO", "TRAMO_NUM": "3", "LON_INI": -60.7599008, "LAT_INI": -35.9183253, "LON_FIN": -60.562727, "LAT_FIN": -35.7395617, "LONGITUD_KM_ORIG": 29.751, "LONGITUD_KM_WGS84": 29.8101, "N_VERTICES": 30, "N_LINEAS": 1, "DIFF_PCT": 0.2, "ALERTA": ""}, "geometry": {"type": "MultiLineString", "coordinates": [[[-60.7599008, -35.9183253, 0.0], [-60.7472154, -35.9082458, 0.0], [-60.7413834, -35.9036923, 0.0], [-60.7361153, -35.8995338, 0.0], [-60.7365268, -35.899158, 0.0], [-60.7365019, -35.8989463, 0.0], [-60.7286935, -35.8928418, 0.0], [-60.7280914, -35.8925499, 0.0], [-60.7050581, -35.8745554, 0.0], [-60.6820929, -35.8564515, 0.0], [-60.6470498, -35.8261481, 0.0], [-60.6475621, -35.825709, 0.0], [-60.6476076, -35.8254439, 0.0], [-60.6448986, -35.8231999, 0.0], [-60.6449425, -35.8229071, 0.0], [-60.6653359, -35.8073656, 0.0], [-60.6653396, -35.8071427, 0.0], [-60.642537, -35.787349, 0.0], [-60.6413137, -35.7866606, 0.0], [-60.6339539, -35.7802682, 0.0], [-60.6220486, -35.7761094, 0.0], [-60.6175414, -35.7742697, 0.0], [-60.6077126, -35.7698661, 0.0], [-60.6028755, -35.7671085, 0.0], [-60.6015253, -35.7661179, 0.0], [-60.5963099, -35.7623549, 0.0], [-60.5957831, -35.7619436, 0.0], [-60.5672027, -35.7392249, 0.0], [-60.5647944, -35.7379684, 0.0], [-60.562727, -35.7395617, 0.0]]]}}, {"type": "Feature", "properties": {"NOMEMCLATURA": "109-01", "PARTIDO": "109", "PARTIDO_NOMBRE": "Veinticinco de Mayo", "DENOMINACION": "25 de Mayo - Valdes (Tramo 1)", "CLASE": "PAVIMENTADO", "TRANSITABIlIDAD": "PERMANENTE", "TIPO": "CAMINO", "TRAMO_NUM": "1", "LON_INI": -60.1798478, "LAT_INI": -35.4186796, "LON_FIN": -60.4675888, "LAT_FIN": -35.6427977, "LONGITUD_KM_ORIG": 37.268, "LONGITUD_KM_WGS84": 37.2877, "N_VERTICES": 27, "N_LINEAS": 1, "DIFF_PCT": 0.1, "ALERTA": ""}, "geometry": {"type": "MultiLineString", "coordinates": [[[-60.1798478, -35.4186796, 0.0], [-60.1854176, -35.4181214, 0.0], [-60.1922676, -35.4165274, 0.0], [-60.1974808, -35.4155972, 0.0], [-60.1988418, -35.4157487, 0.0], [-60.1996396, -35.416049, 0.0], [-60.2178004, -35.4315301, 0.0], [-60.2360757, -35.4473056, 0.0], [-60.2616843, -35.4647156, 0.0], [-60.2630214, -35.4660545, 0.0], [-60.2668157, -35.472741, 0.0], [-60.3009394, -35.5022976, 0.0], [-60.3347125, -35.5315225, 0.0], [-60.3604746, -35.5717435, 0.0], [-60.3625326, -35.5750096, 0.0], [-60.3638369, -35.5763168, 0.0], [-60.3791502, -35.5874301, 0.0], [-60.3917228, -35.5964932, 0.0], [-60.4043839, -35.6056424, 0.0], [-60.4100509, -35.6105061, 0.0], [-60.4164588, -35.6159803, 0.0], [-60.41835, -35.6172711, 0.0], [-60.4420571, -35.6290401, 0.0], [-60.4646013, -35.6402905, 0.0], [-60.4660425, -35.6412223, 0.0], [-60.4667379, -35.6418334, 0.0], [-60.4675888, -35.6427977, 0.0]]]}}, {"type": "Feature", "properties": {"NOMEMCLATURA": "109-01", "PARTIDO": "109", "PARTIDO_NOMBRE": "Veinticinco de Mayo", "DENOMINACION": "Valdes - RP 61 (Tramo 2)", "CLASE": "DE TIERRA", "TRANSITABIlIDAD": "TEMPORARIO", "TIPO": "CAMINO", "TRAMO_NUM": "2", "LON_INI": -60.4675888, "LAT_INI": -35.6427977, "LON_FIN": -60.5359888, "LAT_FIN": -35.7134144, "LONGITUD_KM_ORIG": 9.863, "LONGITUD_KM_WGS84": 10.1376, "N_VERTICES": 23, "N_LINEAS": 1, "DIFF_PCT": 2.8, "ALERTA": ""}, "geometry": {"type": "MultiLineString", "coordinates": [[[-60.4675888, -35.6427977, 0.0], [-60.4679163, -35.6431577, 0.0], [-60.4687562, -35.6443372, 0.0], [-60.4697904, -35.6459095, 0.0], [-60.4707951, -35.6474861, 0.0], [-60.4718105, -35.6490508, 0.0], [-60.47274978082486, -35.650435841571046, 0.0], [-60.47277828563954, -35.65055029378395, 0.0], [-60.472739106553334, -35.65067785075688, 0.0], [-60.47230195178097, -35.65092894030879, 0.0], [-60.47219871735036, -35.65106958736014, 0.0], [-60.47222889663794, -35.651263042847724, 0.0], [-60.473829455907534, -35.65366902133149, 0.0], [-60.47408557162973, -35.65400775502886, 0.0], [-60.47472342140917, -35.65464522077635, 0.0], [-60.4828022, -35.6615395, 0.0], [-60.4892857, -35.6670269, 0.0], [-60.489353, -35.6672629, 0.0], [-60.4890127, -35.6677605, 0.0], [-60.5049634, -35.6814672, 0.0], [-60.5081241, -35.6844278, 0.0], [-60.5226494, -35.6994969, 0.0], [-60.5359888, -35.7134144, 0.0]]]}}, {"type": "Feature", "properties": {"NOMEMCLATURA": "109-02", "PARTIDO": "109", "PARTIDO_NOMBRE": "Veinticinco de Mayo", "DENOMINACION": "25 de Mayo - RP 61", "CLASE": "DE TIERRA", "TRANSITABIlIDAD": "TEMPORARIO", "TIPO": "CAMINO", "TRAMO_NUM": null, "LON_INI": -60.1712746, "LAT_INI": -35.4460233, "LON_FIN": -60.4076363, "LAT_FIN": -35.8224559, "LONGITUD_KM_ORIG": 59.6, "LONGITUD_KM_WGS84": 60.4039, "N_VERTICES": 97, "N_LINEAS": 1, "DIFF_PCT": 1.3, "ALERTA": ""}, "geometry": {"type": "MultiLineString", "coordinates": [[[-60.1712746, -35.4460233, 0.0], [-60.2027009, -35.4731258, 0.0], [-60.1698003, -35.4987535, 0.0], [-60.171401, -35.5000992, 0.0], [-60.1641971, -35.5057003, 0.0], [-60.1688065, -35.5096414, 0.0], [-60.1681121, -35.5127229, 0.0], [-60.1677718, -35.5150447, 0.0], [-60.1690421, -35.5176314, 0.0], [-60.1697761, -35.521314, 0.0], [-60.1754778, -35.5262619, 0.0], [-60.1729497, -35.5288634, 0.0], [-60.1725994, -35.5293432, 0.0], [-60.1724435, -35.5298167, 0.0], [-60.1720945, -35.532246, 0.0], [-60.171568, -35.53342, 0.0], [-60.1661905, -35.5438347, 0.0], [-60.1653226, -35.5519967, 0.0], [-60.1643537, -35.5542804, 0.0], [-60.164586, -35.557847, 0.0], [-60.1650652, -35.5613307, 0.0], [-60.1650128, -35.5629915, 0.0], [-60.1656738, -35.5644908, 0.0], [-60.1670079, -35.5705102, 0.0], [-60.1674733, -35.5741497, 0.0], [-60.1674278, -35.5762225, 0.0], [-60.1667049, -35.5796717, 0.0], [-60.1665078, -35.5835528, 0.0], [-60.16624, -35.5840156, 0.0], [-60.1652749, -35.5850323, 0.0], [-60.1482418, -35.6003009, 0.0], [-60.1611279, -35.6112416, 0.0], [-60.13045663607069, -35.635056023424326, 0.0], [-60.130408861212175, -35.63521875475374, 0.0], [-60.13046420617531, -35.635334894538296, 0.0], [-60.132209, -35.6355164, 0.0], [-60.1342519, -35.6358951, 0.0], [-60.1365244, -35.6365659, 0.0], [-60.1385501, -35.6373587, 0.0], [-60.1406725, -35.6384311, 0.0], [-60.1654815, -35.6529096, 0.0], [-60.172919, -35.657172, 0.0], [-60.1767025, -35.6593749, 0.0], [-60.1802715, -35.6612814, 0.0], [-60.1966454, -35.6698733, 0.0], [-60.2121215, -35.6778618, 0.0], [-60.2169274, -35.6812413, 0.0], [-60.2163587, -35.681692, 0.0], [-60.217007, -35.6822014, 0.0], [-60.2204423, -35.6852106, 0.0], [-60.2204621, -35.6856874, 0.0], [-60.2280192, -35.6921506, 0.0], [-60.2295338, -35.6910306, 0.0], [-60.23115, -35.6922585, 0.0], [-60.2311478, -35.6925388, 0.0], [-60.2308436, -35.6929273, 0.0], [-60.230839, -35.6931193, 0.0], [-60.2309122, -35.6933354, 0.0], [-60.2365081, -35.6981042, 0.0], [-60.242126, -35.7028705, 0.0], [-60.244693, -35.7046706, 0.0], [-60.2467668, -35.7058417, 0.0], [-60.2489963, -35.7069191, 0.0], [-60.2516546, -35.7079829, 0.0], [-60.2547958, -35.7089596, 0.0], [-60.2589028, -35.7102236, 0.0], [-60.2592291, -35.7103371, 0.0], [-60.2589551, -35.7108949, 0.0], [-60.2693941, -35.7141007, 0.0], [-60.2714005, -35.7147866, 0.0], [-60.2747917, -35.7164274, 0.0], [-60.2765443, -35.7175847, 0.0], [-60.2857196, -35.7252865, 0.0], [-60.2941349, -35.7324476, 0.0], [-60.3035487, -35.7404227, 0.0], [-60.3109792, -35.7467427, 0.0], [-60.3137377, -35.749068, 0.0], [-60.3140173, -35.7490652, 0.0], [-60.3143027, -35.7488118, 0.0], [-60.3145625, -35.7487858, 0.0], [-60.3165571, -35.7501316, 0.0], [-60.3184338, -35.7513207, 0.0], [-60.3261787, -35.7558492, 0.0], [-60.3332934, -35.7600175, 0.0], [-60.3349225, -35.7610699, 0.0], [-60.3377103, -35.7629581, 0.0], [-60.3469496, -35.7707883, 0.0], [-60.3545488, -35.7772513, 0.0], [-60.3536197, -35.7779782, 0.0], [-60.3612421, -35.7843385, 0.0], [-60.3615975, -35.7843505, 0.0], [-60.3628551, -35.7833118, 0.0], [-60.3644667, -35.784684, 0.0], [-60.3638522, -35.7852163, 0.0], [-60.3646189, -35.7858747, 0.0], [-60.3932091, -35.8102187, 0.0], [-60.4076363, -35.8224559, 0.0]]]}}, {"type": "Feature", "properties": {"NOMEMCLATURA": "109-03", "PARTIDO": "109", "PARTIDO_NOMBRE": "Veinticinco de Mayo", "DENOMINACION": "SEC 075-05 - RP 40 (Tramo 3)", "CLASE": "DE TIERRA", "TRANSITABIlIDAD": "TEMPORARIO", "TIPO": "CAMINO", "TRAMO_NUM": "3", "LON_INI": -59.7645783, "LAT_INI": -35.27212, "LON_FIN": -59.7394163, "LAT_FIN": -35.2039373, "LONGITUD_KM_ORIG": 7.996, "LONGITUD_KM_WGS84": 8.0296, "N_VERTICES": 13, "N_LINEAS": 1, "DIFF_PCT": 0.4, "ALERTA": ""}, "geometry": {"type": "MultiLineString", "coordinates": [[[-59.7645783, -35.27212, 0.0], [-59.7564283, -35.2516287, 0.0], [-59.7558958, -35.2488972, 0.0], [-59.7526221, -35.23312, 0.0], [-59.7517903, -35.2287629, 0.0], [-59.7503174, -35.2219359, 0.0], [-59.7491343, -35.2148723, 0.0], [-59.7489523, -35.2143596, 0.0], [-59.7487757, -35.2141143, 0.0], [-59.7454795, -35.2106305, 0.0], [-59.7420762, -35.2069953, 0.0], [-59.7397573, -35.2044565, 0.0], [-59.7394163, -35.2039373, 0.0]]]}}, {"type": "Feature", "properties": {"NOMEMCLATURA": "109-03", "PARTIDO": "109", "PARTIDO_NOMBRE": "Veinticinco de Mayo", "DENOMINACION": "RP 51 - 25 de Mayo (Tramo 1)", "CLASE": "PAVIMENTADO", "TRANSITABIlIDAD": "PERMANENTE", "TIPO": "CAMINO", "TRAMO_NUM": "1", "LON_INI": -60.1562886, "LAT_INI": -35.4330853, "LON_FIN": -60.0844852, "LAT_FIN": -35.4146245, "LONGITUD_KM_ORIG": 6.976, "LONGITUD_KM_WGS84": 6.9398, "N_VERTICES": 11, "N_LINEAS": 1, "DIFF_PCT": -0.5, "ALERTA": ""}, "geometry": {"type": "MultiLineString", "coordinates": [[[-60.1562886, -35.4330853, 0.0], [-60.1524391, -35.4297577, 0.0], [-60.151531, -35.429257, 0.0], [-60.1505104, -35.4289973, 0.0], [-60.1435054, -35.4288676, 0.0], [-60.1313291, -35.4262505, 0.0], [-60.127928, -35.4257273, 0.0], [-60.1234691, -35.425176, 0.0], [-60.1129696, -35.422915, 0.0], [-60.1026603, -35.4199125, 0.0], [-60.0844852, -35.4146245, 0.0]]]}}, {"type": "Feature", "properties": {"NOMEMCLATURA": "109-03", "PARTIDO": "109", "PARTIDO_NOMBRE": "Veinticinco de Mayo", "DENOMINACION": "RP 40 - RP 51 (Tramo 2)", "CLASE": "DE TIERRA", "TRANSITABIlIDAD": "TEMPORARIO", "TIPO": "CAMINO", "TRAMO_NUM": "2", "LON_INI": -60.0843187, "LAT_INI": -35.418297, "LON_FIN": -59.7809297, "LAT_FIN": -35.2780528, "LONGITUD_KM_ORIG": 33.582, "LONGITUD_KM_WGS84": 33.4602, "N_VERTICES": 44, "N_LINEAS": 1, "DIFF_PCT": -0.4, "ALERTA": ""}, "geometry": {"type": "MultiLineString", "coordinates": [[[-60.0843187, -35.418297, 0.0], [-60.0831537, -35.4183985, 0.0], [-60.07877, -35.4184038, 0.0], [-60.077871, -35.4183081, 0.0], [-60.0766501, -35.4179851, 0.0], [-60.0758262, -35.4176358, 0.0], [-60.075056, -35.4171816, 0.0], [-60.0744339, -35.4172138, 0.0], [-60.0735559, -35.41729, 0.0], [-60.069073, -35.416929, 0.0], [-60.0599464, -35.4161367, 0.0], [-60.0583717, -35.4160206, 0.0], [-60.0557133, -35.415957, 0.0], [-60.0502625, -35.4146286, 0.0], [-60.0470882, -35.4144461, 0.0], [-60.0442583, -35.4138589, 0.0], [-60.0421043, -35.4137618, 0.0], [-60.0403365, -35.414045, 0.0], [-60.0362237, -35.4136073, 0.0], [-60.0296327, -35.4121901, 0.0], [-60.027871, -35.4112227, 0.0], [-60.0237168, -35.4105705, 0.0], [-60.0207621, -35.4095826, 0.0], [-60.0184539, -35.4096449, 0.0], [-60.0150728, -35.4094886, 0.0], [-60.0123203, -35.4090009, 0.0], [-60.0098534, -35.4097223, 0.0], [-60.0026462, -35.4066819, 0.0], [-59.9994573, -35.4056977, 0.0], [-59.9946823, -35.4032457, 0.0], [-59.9294806, -35.3868622, 0.0], [-59.9250793, -35.3830766, 0.0], [-59.9223945, -35.3850693, 0.0], [-59.9120577, -35.3786472, 0.0], [-59.8918312, -35.3751883, 0.0], [-59.8898275, -35.3745609, 0.0], [-59.8891101, -35.3743117, 0.0], [-59.888628, -35.3735599, 0.0], [-59.8879634, -35.3722374, 0.0], [-59.8856279, -35.3700887, 0.0], [-59.8450054, -35.3344076, 0.0], [-59.8283706, -35.3197992, 0.0], [-59.8046387, -35.2989809, 0.0], [-59.7809297, -35.2780528, 0.0]]]}}, {"type": "Feature", "properties": {"NOMEMCLATURA": "109-04", "PARTIDO": "109", "PARTIDO_NOMBRE": "Veinticinco de Mayo", "DENOMINACION": "RP 51 - SEC 093-13", "CLASE": "DE TIERRA", "TRANSITABIlIDAD": "TEMPORARIO", "TIPO": "CAMINO", "TRAMO_NUM": null, "LON_INI": -60.0450828, "LAT_INI": -35.5175024, "LON_FIN": -59.9383668, "LAT_FIN": -35.4939297, "LONGITUD_KM_ORIG": 13.744, "LONGITUD_KM_WGS84": 13.8408, "N_VERTICES": 19, "N_LINEAS": 1, "DIFF_PCT": 0.7, "ALERTA": ""}, "geometry": {"type": "MultiLineString", "coordinates": [[[-60.0450828, -35.5175024, 0.0], [-60.0388489, -35.5121702, 0.0], [-60.0356599, -35.5094491, 0.0], [-60.0347198, -35.5071989, 0.0], [-60.0224213, -35.4965973, 0.0], [-60.0102306, -35.4862129, 0.0], [-60.0100026, -35.4862554, 0.0], [-60.0070869, -35.4884816, 0.0], [-59.9998497, -35.4940741, 0.0], [-59.9876374, -35.4828582, 0.0], [-59.9813819, -35.4830202, 0.0], [-59.9813022, -35.4818651, 0.0], [-59.9766363, -35.4718354, 0.0], [-59.96319, -35.4777646, 0.0], [-59.9557613, -35.4811068, 0.0], [-59.9549227, -35.4815889, 0.0], [-59.9414663, -35.4918225, 0.0], [-59.9391629, -35.4934308, 0.0], [-59.9383668, -35.4939297, 0.0]]]}}, {"type": "Feature", "properties": {"NOMEMCLATURA": "109-05", "PARTIDO": "109", "PARTIDO_NOMBRE": "Veinticinco de Mayo", "DENOMINACION": "SEC 109-03 - SEC 093-12", "CLASE": "DE TIERRA", "TRANSITABIlIDAD": "TEMPORARIO", "TIPO": "CAMINO", "TRAMO_NUM": null, "LON_INI": -59.8891101, "LAT_INI": -35.3743117, "LON_FIN": -59.8402676, "LAT_FIN": -35.4943864, "LONGITUD_KM_ORIG": 14.853, "LONGITUD_KM_WGS84": 14.9374, "N_VERTICES": 32, "N_LINEAS": 1, "DIFF_PCT": 0.6, "ALERTA": ""}, "geometry": {"type": "MultiLineString", "coordinates": [[[-59.8891101, -35.3743117, 0.0], [-59.8891483, -35.3745479, 0.0], [-59.8890805, -35.374771, 0.0], [-59.8861058, -35.3771768, 0.0], [-59.8859664, -35.3787636, 0.0], [-59.8861865, -35.3879738, 0.0], [-59.8852616, -35.3907923, 0.0], [-59.8828627, -35.404139, 0.0], [-59.8826718, -35.4044697, 0.0], [-59.8807804, -35.4060115, 0.0], [-59.8799122, -35.4070394, 0.0], [-59.8754174, -35.4106762, 0.0], [-59.8753386, -35.4111408, 0.0], [-59.8754319, -35.4116958, 0.0], [-59.8769338, -35.4130338, 0.0], [-59.8770632, -35.4133458, 0.0], [-59.8769459, -35.4136141, 0.0], [-59.8762715, -35.4151131, 0.0], [-59.873585, -35.4251501, 0.0], [-59.8664187, -35.439801, 0.0], [-59.8643603, -35.4467284, 0.0], [-59.8608555, -35.4575888, 0.0], [-59.8536868, -35.4688121, 0.0], [-59.8531651, -35.4694896, 0.0], [-59.8514363, -35.4737714, 0.0], [-59.8513004, -35.474071, 0.0], [-59.8511108, -35.4742658, 0.0], [-59.8366307, -35.4854104, 0.0], [-59.8358974, -35.4896724, 0.0], [-59.8393457, -35.4932523, 0.0], [-59.8400226, -35.4937473, 0.0], [-59.8402676, -35.4943864, 0.0]]]}}, {"type": "Feature", "properties": {"NOMEMCLATURA": "109-06", "PARTIDO": "109", "PARTIDO_NOMBRE": "Veinticinco de Mayo", "DENOMINACION": "Norberto de la Riestra - SEC 091-10 (Tramo 2)", "CLASE": "DE TIERRA", "TRANSITABIlIDAD": "TEMPORARIO", "TIPO": "CAMINO", "TRAMO_NUM": "2", "LON_INI": -59.7701385, "LAT_INI": -35.2773096, "LON_FIN": -59.68961516059229, "LAT_FIN": -35.357173730037275, "LONGITUD_KM_ORIG": 15.294, "LONGITUD_KM_WGS84": 15.302, "N_VERTICES": 14, "N_LINEAS": 1, "DIFF_PCT": 0.1, "ALERTA": ""}, "geometry": {"type": "MultiLineString", "coordinates": [[[-59.7701385, -35.2773096, 0.0], [-59.765138951307044, -35.281077220561215, 0.0], [-59.7672119, -35.2829445, 0.0], [-59.7606359, -35.2879967, 0.0], [-59.763397417393385, -35.290377832366204, 0.0], [-59.7634788779883, -35.29060824769892, 0.0], [-59.76335106321667, -35.29082956481045, 0.0], [-59.759846385620435, -35.293456251338796, 0.0], [-59.759783730298054, -35.29360221683631, 0.0], [-59.75985506917562, -35.29370825435552, 0.0], [-59.7751719, -35.3068429, 0.0], [-59.7524696, -35.3241146, 0.0], [-59.7433938, -35.3162661, 0.0], [-59.68961516059229, -35.357173730037275, 0.0]]]}}, {"type": "Feature", "properties": {"NOMEMCLATURA": "109-06", "PARTIDO": "109", "PARTIDO_NOMBRE": "Veinticinco de Mayo", "DENOMINACION": "SEC 109-09 - RP 40 (Tramo 1)", "CLASE": "DE TIERRA", "TRANSITABIlIDAD": "TEMPORARIO", "TIPO": "CAMINO", "TRAMO_NUM": "1", "LON_INI": -59.9615863, "LAT_INI": -35.1400529, "LON_FIN": -59.80780319130909, "LAT_FIN": -35.27118289636252, "LONGITUD_KM_ORIG": 21.407, "LONGITUD_KM_WGS84": 21.6081, "N_VERTICES": 38, "N_LINEAS": 1, "DIFF_PCT": 0.9, "ALERTA": ""}, "geometry": {"type": "MultiLineString", "coordinates": [[[-59.9615863, -35.1400529, 0.0], [-59.9416753, -35.1527189, 0.0], [-59.9376196, -35.1539261, 0.0], [-59.9166181063861, -35.16993847517003, 0.0], [-59.91646939546209, -35.16997218017633, 0.0], [-59.91630476740701, -35.169913842592685, 0.0], [-59.91495987920895, -35.168668581944694, 0.0], [-59.914776978113146, -35.16859898422585, 0.0], [-59.91462146802376, -35.168676421722935, 0.0], [-59.9027691, -35.1776843, 0.0], [-59.8927424, -35.1854315, 0.0], [-59.8859208, -35.1885976, 0.0], [-59.8842631, -35.1900626, 0.0], [-59.8831182, -35.1926335, 0.0], [-59.8715481, -35.2015924, 0.0], [-59.8702845, -35.2005117, 0.0], [-59.849472, -35.2158357, 0.0], [-59.8508273, -35.2170272, 0.0], [-59.8394363, -35.2237083, 0.0], [-59.8283923, -35.2315996, 0.0], [-59.8236311, -35.2428605, 0.0], [-59.82351200352022, -35.2446190819119, 0.0], [-59.82339787546288, -35.24491594510561, 0.0], [-59.82289359432563, -35.24534316078754, 0.0], [-59.8223726, -35.2456911, 0.0], [-59.8214397, -35.2460629, 0.0], [-59.8206141, -35.2464523, 0.0], [-59.8165799, -35.2491002, 0.0], [-59.8146045, -35.2522022, 0.0], [-59.81192861987499, -35.25449169174299, 0.0], [-59.8072695, -35.258018, 0.0], [-59.807841, -35.2590789, 0.0], [-59.8081574, -35.2597801, 0.0], [-59.8087313, -35.2615325, 0.0], [-59.8091717, -35.2631329, 0.0], [-59.8091505, -35.2639638, 0.0], [-59.8079534825079, -35.27024281643976, 0.0], [-59.80780319130909, -35.27118289636252, 0.0]]]}}, {"type": "Feature", "properties": {"NOMEMCLATURA": "109-07", "PARTIDO": "109", "PARTIDO_NOMBRE": "Veinticinco de Mayo", "DENOMINACION": "RP 40 - SEC 062-05 (GoogleMaps lo traza como RP40!!!)", "CLASE": "DE TIERRA", "TRANSITABIlIDAD": "TEMPORARIO", "TIPO": "CAMINO", "TRAMO_NUM": null, "LON_INI": -59.6308673, "LAT_INI": -35.2665112, "LON_FIN": -59.5499575, "LAT_FIN": -35.2674745, "LONGITUD_KM_ORIG": 6.377, "LONGITUD_KM_WGS84": 7.451, "N_VERTICES": 14, "N_LINEAS": 1, "DIFF_PCT": 16.8, "ALERTA": "REVISAR"}, "geometry": {"type": "MultiLineString", "coordinates": [[[-59.6308673, -35.2665112, 0.0], [-59.6155959, -35.2677267, 0.0], [-59.6058016, -35.2686242, 0.0], [-59.5915881, -35.269916, 0.0], [-59.572884, -35.2715627, 0.0], [-59.5709105, -35.2716158, 0.0], [-59.5694571, -35.2715394, 0.0], [-59.567462, -35.2713622, 0.0], [-59.5651121, -35.2709261, 0.0], [-59.5624994, -35.2702775, 0.0], [-59.560788, -35.269942, 0.0], [-59.5570436, -35.2690677, 0.0], [-59.5533731, -35.2681595, 0.0], [-59.5499575, -35.2674745, 0.0]]]}}, {"type": "Feature", "properties": {"NOMEMCLATURA": "109-08", "PARTIDO": "109", "PARTIDO_NOMBRE": "Veinticinco de Mayo", "DENOMINACION": "SEC 109-07 - Límite partido", "CLASE": "DE TIERRA", "TRANSITABIlIDAD": "TEMPORARIO", "TIPO": "CAMINO", "TRAMO_NUM": null, "LON_INI": -59.5571321, "LAT_INI": -35.2690885, "LON_FIN": -59.55717207556176, "LAT_FIN": -35.33501223609051, "LONGITUD_KM_ORIG": 8.461, "LONGITUD_KM_WGS84": 8.5101, "N_VERTICES": 17, "N_LINEAS": 1, "DIFF_PCT": 0.6, "ALERTA": ""}, "geometry": {"type": "MultiLineString", "coordinates": [[[-59.5571321, -35.2690885, 0.0], [-59.5564248, -35.2709219, 0.0], [-59.5545396, -35.2728891, 0.0], [-59.5509914, -35.2768226, 0.0], [-59.542123713760475, -35.29658998165543, 0.0], [-59.542389053963824, -35.29872437415789, 0.0], [-59.54237556588649, -35.2988375770491, 0.0], [-59.54228810808918, -35.2989645470225, 0.0], [-59.54206193602409, -35.29906553160782, 0.0], [-59.54076516705142, -35.29911212032118, 0.0], [-59.5400706672937, -35.29921015141573, 0.0], [-59.53979492473257, -35.299365082689214, 0.0], [-59.540394275038956, -35.3003752336514, 0.0], [-59.540500024678195, -35.30061267848456, 0.0], [-59.54054128255251, -35.300892019209925, 0.0], [-59.5386785, -35.318685, 0.0], [-59.55717207556176, -35.33501223609051, 0.0]]]}}, {"type": "Feature", "properties": {"NOMEMCLATURA": "109-09", "PARTIDO": "109", "PARTIDO_NOMBRE": "Veinticinco de Mayo", "DENOMINACION": "RP 51 - SEC 028-04", "CLASE": "DE TIERRA", "TRANSITABIlIDAD": "TEMPORARIO", "TIPO": "CAMINO", "TRAMO_NUM": null, "LON_INI": -60.092813543197906, "LAT_INI": -35.34619386665098, "LON_FIN": -59.9562052, "LAT_FIN": -35.1248453, "LONGITUD_KM_ORIG": 30.201, "LONGITUD_KM_WGS84": 30.2309, "N_VERTICES": 57, "N_LINEAS": 1, "DIFF_PCT": 0.1, "ALERTA": ""}, "geometry": {"type": "MultiLineString", "coordinates": [[[-60.092813543197906, -35.34619386665098, 0.0], [-60.083775, -35.3383706, 0.0], [-60.06300132671365, -35.32276765528929, 0.0], [-60.062863825313386, -35.32261694012184, 0.0], [-60.062898967635775, -35.32234827123642, 0.0], [-60.06315261332797, -35.322047882447194, 0.0], [-60.063878, -35.3213779, 0.0], [-60.06510513708262, -35.32033222354116, 0.0], [-60.06523666541373, -35.320047698960494, 0.0], [-60.064985722541934, -35.31969226695565, 0.0], [-60.0396919, -35.2972803, 0.0], [-60.0150439, -35.2752033, 0.0], [-60.0148667, -35.2748835, 0.0], [-60.014743, -35.2741433, 0.0], [-60.0145387, -35.2737928, 0.0], [-59.9965638, -35.2579762, 0.0], [-59.98909066429572, -35.25145574935919, 0.0], [-59.98906825827051, -35.25093424283511, 0.0], [-59.98941510788465, -35.25032848555438, 0.0], [-59.998692878271996, -35.24328862545907, 0.0], [-59.998782776562244, -35.24307660029368, 0.0], [-59.998768332116605, -35.2428816941582, 0.0], [-59.9976856, -35.2398027, 0.0], [-59.9969388, -35.2381481, 0.0], [-59.9959239, -35.2347103, 0.0], [-59.9954561, -35.2331215, 0.0], [-59.9940627, -35.2307361, 0.0], [-59.9935398, -35.229607, 0.0], [-59.9881008, -35.2170026, 0.0], [-59.9845994, -35.2089809, 0.0], [-59.9820425, -35.2039615, 0.0], [-59.980891505189405, -35.20191868292556, 0.0], [-59.9801774, -35.2008115, 0.0], [-59.978248, -35.1977535, 0.0], [-59.9731308, -35.1936965, 0.0], [-59.9712858, -35.1921655, 0.0], [-59.9708353, -35.1917419, 0.0], [-59.9704842, -35.1912811, 0.0], [-59.9701642, -35.1906577, 0.0], [-59.9699166, -35.1899708, 0.0], [-59.9697911, -35.1891326, 0.0], [-59.9698748, -35.1888994, 0.0], [-59.973273829443194, -35.18637072963531, 0.0], [-59.973460003728526, -35.18608499357885, 0.0], [-59.973262779408365, -35.1858241951419, 0.0], [-59.9660692, -35.1794641, 0.0], [-59.9651347, -35.1637267, 0.0], [-59.9651016, -35.1511468, 0.0], [-59.9618207, -35.1402734, 0.0], [-59.9615863, -35.1400529, 0.0], [-59.9611533, -35.1396919, 0.0], [-59.9552344, -35.1334557, 0.0], [-59.9547894, -35.1325417, 0.0], [-59.9546985, -35.1317373, 0.0], [-59.9545511, -35.1272555, 0.0], [-59.9546433, -35.1269005, 0.0], [-59.9562052, -35.1248453, 0.0]]]}}, {"type": "Feature", "properties": {"NOMEMCLATURA": "109-10", "PARTIDO": "109", "PARTIDO_NOMBRE": "Veinticinco de Mayo", "DENOMINACION": "SEC 109-09 - Gdor Ugarte", "CLASE": "DE TIERRA", "TRANSITABIlIDAD": "TEMPORARIO", "TIPO": "CAMINO", "TRAMO_NUM": null, "LON_INI": -59.98809270968907, "LAT_INI": -35.21698424254551, "LON_FIN": -60.0838625, "LAT_FIN": -35.1634033, "LONGITUD_KM_ORIG": 12.794, "LONGITUD_KM_WGS84": 12.7736, "N_VERTICES": 29, "N_LINEAS": 1, "DIFF_PCT": -0.2, "ALERTA": ""}, "geometry": {"type": "MultiLineString", "coordinates": [[[-59.98809270968907, -35.21698424254551, 0.0], [-60.003895914616486, -35.21296530459789, 0.0], [-60.00410773077494, -35.21295212820783, 0.0], [-60.00429869146944, -35.213040356484505, 0.0], [-60.00623887990588, -35.21483262560988, 0.0], [-60.00653094887244, -35.214980107316734, 0.0], [-60.00678769608118, -35.21489844300976, 0.0], [-60.0218141, -35.2035652, 0.0], [-60.0219526, -35.2033881, 0.0], [-60.0218846, -35.2032241, 0.0], [-60.021542, -35.2029466, 0.0], [-60.0214998, -35.2028312, 0.0], [-60.0215113, -35.2027115, 0.0], [-60.0373514, -35.1907518, 0.0], [-60.0373971, -35.1901269, 0.0], [-60.0549159, -35.1769371, 0.0], [-60.0635892, -35.1847663, 0.0], [-60.0679986, -35.1814671, 0.0], [-60.068216, -35.1814222, 0.0], [-60.0690556, -35.181465, 0.0], [-60.0693509, -35.1814016, 0.0], [-60.080487806182695, -35.17317484321137, 0.0], [-60.08061116785468, -35.17303516478354, 0.0], [-60.08055486816161, -35.17286926689124, 0.0], [-60.0796325, -35.1720499, 0.0], [-60.0795759, -35.1719337, 0.0], [-60.0796386, -35.1717835, 0.0], [-60.0870357, -35.1661764, 0.0], [-60.0838625, -35.1634033, 0.0]]]}}, {"type": "Feature", "properties": {"NOMEMCLATURA": "109-11", "PARTIDO": "109", "PARTIDO_NOMBRE": "Veinticinco de Mayo", "DENOMINACION": "RP 51 - SEC 002-03", "CLASE": "DE TIERRA", "TRANSITABIlIDAD": "TEMPORARIO", "TIPO": "CAMINO", "TRAMO_NUM": null, "LON_INI": -60.10701158587918, "LAT_INI": -35.257737265998216, "LON_FIN": -60.15371979685225, "LAT_FIN": -35.222567019926906, "LONGITUD_KM_ORIG": 5.778, "LONGITUD_KM_WGS84": 5.7946, "N_VERTICES": 9, "N_LINEAS": 1, "DIFF_PCT": 0.3, "ALERTA": ""}, "geometry": {"type": "MultiLineString", "coordinates": [[[-60.10701158587918, -35.257737265998216, 0.0], [-60.10722666741355, -35.2576896661828, 0.0], [-60.1202587, -35.2478523, 0.0], [-60.13882494612469, -35.2337894935667, 0.0], [-60.1390406586753, -35.23321901393469, 0.0], [-60.13923111034933, -35.23289614638205, 0.0], [-60.13966097314623, -35.2327244498509, 0.0], [-60.1404777, -35.2325302, 0.0], [-60.15371979685225, -35.222567019926906, 0.0]]]}}, {"type": "Feature", "properties": {"NOMEMCLATURA": "109-12", "PARTIDO": "109", "PARTIDO_NOMBRE": "Veinticinco de Mayo", "DENOMINACION": "RP 46 - SEC 002-03", "CLASE": "DE TIERRA", "TRANSITABIlIDAD": "TEMPORARIO", "TIPO": "CAMINO", "TRAMO_NUM": null, "LON_INI": -60.27407310078625, "LAT_INI": -35.3255956757206, "LON_FIN": -60.24524113032645, "LAT_FIN": -35.288482419195624, "LONGITUD_KM_ORIG": 5.07, "LONGITUD_KM_WGS84": 5.1282, "N_VERTICES": 11, "N_LINEAS": 1, "DIFF_PCT": 1.1, "ALERTA": ""}, "geometry": {"type": "MultiLineString", "coordinates": [[[-60.27407310078625, -35.3255956757206, 0.0], [-60.27314865380003, -35.32497355265897, 0.0], [-60.26294506549913, -35.3160648842561, 0.0], [-60.26259279788704, -35.31544406735269, 0.0], [-60.2537329, -35.3076633, 0.0], [-60.255439, -35.3052612, 0.0], [-60.2553813, -35.3044894, 0.0], [-60.254532, -35.3026381, 0.0], [-60.2540959, -35.3015091, 0.0], [-60.2528588, -35.2985024, 0.0], [-60.24524113032645, -35.288482419195624, 0.0]]]}}, {"type": "Feature", "properties": {"NOMEMCLATURA": "109-13", "PARTIDO": "109", "PARTIDO_NOMBRE": "Veinticinco de Mayo", "DENOMINACION": "RP 40 - SEC 012-03", "CLASE": "DE TIERRA", "TRANSITABIlIDAD": "TEMPORARIO", "TIPO": "CAMINO", "TRAMO_NUM": null, "LON_INI": -60.264131321060816, "LAT_INI": -35.43957155497979, "LON_FIN": -60.444496522630864, "LAT_FIN": -35.336905793972406, "LONGITUD_KM_ORIG": 24.183, "LONGITUD_KM_WGS84": 24.2269, "N_VERTICES": 49, "N_LINEAS": 1, "DIFF_PCT": 0.2, "ALERTA": ""}, "geometry": {"type": "MultiLineString", "coordinates": [[[-60.264131321060816, -35.43957155497979, 0.0], [-60.26454256132043, -35.43947978960929, 0.0], [-60.2722779800248, -35.433922804838446, 0.0], [-60.28101748149989, -35.427684427877985, 0.0], [-60.28549507799233, -35.42448969234324, 0.0], [-60.28616915467792, -35.42402586942585, 0.0], [-60.286853100631355, -35.42362522988486, 0.0], [-60.28716084428121, -35.423300544184876, 0.0], [-60.29073414251072, -35.41705784644875, 0.0], [-60.2929203, -35.4134775, 0.0], [-60.293401237066334, -35.41258319179551, 0.0], [-60.2938909, -35.4119456, 0.0], [-60.295901134595645, -35.40997360200684, 0.0], [-60.29791149200322, -35.40813159839943, 0.0], [-60.29863799025385, -35.40754510500731, 0.0], [-60.301365, -35.4061441, 0.0], [-60.3042894, -35.4039961, 0.0], [-60.3047802, -35.403865, 0.0], [-60.31061436190842, -35.4036116373806, 0.0], [-60.3114937, -35.4036157, 0.0], [-60.3132559, -35.4039414, 0.0], [-60.3137105, -35.4039644, 0.0], [-60.3141102, -35.4037676, 0.0], [-60.31749444493122, -35.40094679898725, 0.0], [-60.32385486118072, -35.39573675278968, 0.0], [-60.32402229706345, -35.39568000667558, 0.0], [-60.32416357592942, -35.395718146747946, 0.0], [-60.3308436, -35.4013782, 0.0], [-60.331004, -35.4013964, 0.0], [-60.3313494, -35.4013315, 0.0], [-60.339097, -35.3989716, 0.0], [-60.343023845034324, -35.396575708071296, 0.0], [-60.3487932, -35.3918376, 0.0], [-60.34900988250427, -35.39171701158324, 0.0], [-60.3493427, -35.3917867, 0.0], [-60.3621654, -35.4031137, 0.0], [-60.3693023753082, -35.40923715134191, 0.0], [-60.36950307786481, -35.40933332871639, 0.0], [-60.369748856970794, -35.40926146468605, 0.0], [-60.3767832, -35.4029516, 0.0], [-60.3743076, -35.4000375, 0.0], [-60.3742956, -35.399794, 0.0], [-60.3744741, -35.3996162, 0.0], [-60.375687174776395, -35.39894376067863, 0.0], [-60.376298639351106, -35.39866136013616, 0.0], [-60.3831769, -35.3970757, 0.0], [-60.3837943, -35.3966026, 0.0], [-60.4282647, -35.3565349, 0.0], [-60.444496522630864, -35.336905793972406, 0.0]]]}}, {"type": "Feature", "properties": {"NOMEMCLATURA": "109-14", "PARTIDO": "109", "PARTIDO_NOMBRE": "Veinticinco de Mayo", "DENOMINACION": "Valdes - Morea", "CLASE": "DE TIERRA", "TRANSITABIlIDAD": "TEMPORARIO", "TIPO": "CAMINO", "TRAMO_NUM": null, "LON_INI": -60.473829455907534, "LAT_INI": -35.65366902133149, "LON_FIN": -60.5825459, "LAT_FIN": -35.5748902, "LONGITUD_KM_ORIG": 13.478, "LONGITUD_KM_WGS84": 13.4335, "N_VERTICES": 17, "N_LINEAS": 1, "DIFF_PCT": -0.3, "ALERTA": ""}, "geometry": {"type": "MultiLineString", "coordinates": [[[-60.473829455907534, -35.65366902133149, 0.0], [-60.4964342, -35.6359793, 0.0], [-60.5008738, -35.6325317, 0.0], [-60.5052165, -35.6291711, 0.0], [-60.5184458, -35.618932, 0.0], [-60.5211842, -35.6175679, 0.0], [-60.5236769, -35.6161133, 0.0], [-60.5248365, -35.6154207, 0.0], [-60.526610962647005, -35.61470490316467, 0.0], [-60.52690074285757, -35.61462956443299, 0.0], [-60.52718327476641, -35.614739930178835, 0.0], [-60.52872818334383, -35.616088181620235, 0.0], [-60.52901468292525, -35.616248894447224, 0.0], [-60.52940545601145, -35.61608125715678, 0.0], [-60.5427647, -35.60574, 0.0], [-60.556641, -35.5949587, 0.0], [-60.5825459, -35.5748902, 0.0]]]}}, {"type": "Feature", "properties": {"NOMEMCLATURA": "109-15", "PARTIDO": "109", "PARTIDO_NOMBRE": "Veinticinco de Mayo", "DENOMINACION": "SEC 109-01 - SEC 034-07", "CLASE": "DE TIERRA", "TRANSITABIlIDAD": "TEMPORARIO", "TIPO": "CAMINO", "TRAMO_NUM": null, "LON_INI": -60.3604666, "LAT_INI": -35.5717358, "LON_FIN": -60.1874206, "LAT_FIN": -35.7242471, "LONGITUD_KM_ORIG": 23.727, "LONGITUD_KM_WGS84": 23.7157, "N_VERTICES": 34, "N_LINEAS": 1, "DIFF_PCT": -0.0, "ALERTA": ""}, "geometry": {"type": "MultiLineString", "coordinates": [[[-60.3604666, -35.5717358, 0.0], [-60.358575735996546, -35.57330273960516, 0.0], [-60.3543028, -35.5766361, 0.0], [-60.3321465, -35.5938228, 0.0], [-60.3317456, -35.5941072, 0.0], [-60.3294853, -35.5948776, 0.0], [-60.328302185821606, -35.5950225551851, 0.0], [-60.327971987958456, -35.59516289417923, 0.0], [-60.327720224548564, -35.595349498995255, 0.0], [-60.31085709037965, -35.608456495581954, 0.0], [-60.31004183558523, -35.609212441961155, 0.0], [-60.3073289, -35.6113255, 0.0], [-60.3045453, -35.6133618, 0.0], [-60.2954715, -35.6203725, 0.0], [-60.2899202, -35.6246887, 0.0], [-60.2879091, -35.6259873, 0.0], [-60.2636589, -35.6449079, 0.0], [-60.2489071, -35.6564884, 0.0], [-60.2339079, -35.6681511, 0.0], [-60.2293446, -35.6717112, 0.0], [-60.2206445, -35.6784392, 0.0], [-60.2183814, -35.6802167, 0.0], [-60.2169655, -35.6812128, 0.0], [-60.2163811, -35.6816728, 0.0], [-60.2151611, -35.6826539, 0.0], [-60.2016345, -35.6931346, 0.0], [-60.1965491, -35.6972914, 0.0], [-60.1959429, -35.697758, 0.0], [-60.189123, -35.7031011, 0.0], [-60.1896062, -35.7131284, 0.0], [-60.1898505, -35.7152107, 0.0], [-60.1899876, -35.7177285, 0.0], [-60.1894234, -35.7200746, 0.0], [-60.1874206, -35.7242471, 0.0]]]}}, {"type": "Feature", "properties": {"NOMEMCLATURA": "109-16", "PARTIDO": "109", "PARTIDO_NOMBRE": "Veinticinco de Mayo", "DENOMINACION": "SEC 109-15 - SEC 093-10", "CLASE": "DE TIERRA", "TRANSITABIlIDAD": "TEMPORARIO", "TIPO": "CAMINO", "TRAMO_NUM": null, "LON_INI": -60.1959429, "LAT_INI": -35.697758, "LON_FIN": -60.1304085, "LAT_FIN": -35.675333, "LONGITUD_KM_ORIG": 8.659, "LONGITUD_KM_WGS84": 8.6804, "N_VERTICES": 12, "N_LINEAS": 1, "DIFF_PCT": 0.2, "ALERTA": ""}, "geometry": {"type": "MultiLineString", "coordinates": [[[-60.1959429, -35.697758, 0.0], [-60.1870776, -35.6878751, 0.0], [-60.1858688, -35.6865221, 0.0], [-60.1835039, -35.6844938, 0.0], [-60.1717428, -35.6741404, 0.0], [-60.1713488, -35.6740308, 0.0], [-60.1684079, -35.6715139, 0.0], [-60.167004, -35.6703522, 0.0], [-60.16667, -35.6703657, 0.0], [-60.144699, -35.687515, 0.0], [-60.1306867, -35.6754903, 0.0], [-60.1304085, -35.675333, 0.0]]]}}, {"type": "Feature", "properties": {"NOMEMCLATURA": "109-17", "PARTIDO": "109", "PARTIDO_NOMBRE": "Veinticinco de Mayo", "DENOMINACION": "SEC 109-02 - SEC 109-18", "CLASE": "DE TIERRA", "TRANSITABIlIDAD": "TEMPORARIO", "TIPO": "CAMINO", "TRAMO_NUM": null, "LON_INI": -60.13046420617531, "LAT_INI": -35.635334894538296, "LON_FIN": -60.0413506, "LAT_FIN": -35.6625102, "LONGITUD_KM_ORIG": 12.036, "LONGITUD_KM_WGS84": 12.054, "N_VERTICES": 21, "N_LINEAS": 1, "DIFF_PCT": 0.1, "ALERTA": ""}, "geometry": {"type": "MultiLineString", "coordinates": [[[-60.13046420617531, -35.635334894538296, 0.0], [-60.129220372951934, -35.63524327545208, 0.0], [-60.1272708, -35.6351971, 0.0], [-60.1243387, -35.6354241, 0.0], [-60.1169673, -35.636259, 0.0], [-60.1167871, -35.6361967, 0.0], [-60.116639, -35.636069, 0.0], [-60.1165272, -35.6355238, 0.0], [-60.1162598, -35.6354255, 0.0], [-60.11420966185917, -35.63572469364483, 0.0], [-60.1138219394326, -35.635832545365574, 0.0], [-60.11285061882009, -35.63593803898316, 0.0], [-60.1034159, -35.6369907, 0.0], [-60.1032725574538, -35.637040361008964, 0.0], [-60.1031825, -35.6371398, 0.0], [-60.10322697811487, -35.63757056124951, 0.0], [-60.10320582838943, -35.63772744897027, 0.0], [-60.10299595448502, -35.637791538436566, 0.0], [-60.0887429, -35.6393566, 0.0], [-60.0666349, -35.6204132, 0.0], [-60.0413506, -35.6625102, 0.0]]]}}, {"type": "Feature", "properties": {"NOMEMCLATURA": "109-18", "PARTIDO": "109", "PARTIDO_NOMBRE": "Veinticinco de Mayo", "DENOMINACION": "SEC 093-10 - SEC 093-09", "CLASE": "DE TIERRA", "TRANSITABIlIDAD": "TEMPORARIO", "TIPO": "CAMINO", "TRAMO_NUM": null, "LON_INI": -60.0325421, "LAT_INI": -35.6578988, "LON_FIN": -60.0926343, "LAT_FIN": -35.682966, "LONGITUD_KM_ORIG": 6.24, "LONGITUD_KM_WGS84": 6.1469, "N_VERTICES": 7, "N_LINEAS": 1, "DIFF_PCT": -1.5, "ALERTA": ""}, "geometry": {"type": "MultiLineString", "coordinates": [[[-60.0325421, -35.6578988, 0.0], [-60.0330351, -35.6581533, 0.0], [-60.0336652, -35.6593825, 0.0], [-60.0341612, -35.6596614, 0.0], [-60.037147, -35.660881, 0.0], [-60.0413506, -35.6625102, 0.0], [-60.0926343, -35.682966, 0.0]]]}}, {"type": "Feature", "properties": {"NOMEMCLATURA": "109-19", "PARTIDO": "109", "PARTIDO_NOMBRE": "Veinticinco de Mayo", "DENOMINACION": "SEC 109-01 - SEC 109-21", "CLASE": "DE TIERRA", "TRANSITABIlIDAD": "TEMPORARIO", "TIPO": "CAMINO", "TRAMO_NUM": null, "LON_INI": -60.6440403, "LAT_INI": -35.8244135, "LON_FIN": -60.4773671, "LAT_FIN": -35.8816332, "LONGITUD_KM_ORIG": 18.994, "LONGITUD_KM_WGS84": 18.8118, "N_VERTICES": 19, "N_LINEAS": 1, "DIFF_PCT": -1.0, "ALERTA": ""}, "geometry": {"type": "MultiLineString", "coordinates": [[[-60.6440403, -35.8244135, 0.0], [-60.5883393, -35.8341609, 0.0], [-60.5858215, -35.8323683, 0.0], [-60.584733, -35.831492, 0.0], [-60.5510989, -35.8200711, 0.0], [-60.534314, -35.832883, 0.0], [-60.5366661, -35.8348501, 0.0], [-60.5366032, -35.835117, 0.0], [-60.5353339, -35.836094, 0.0], [-60.5331848, -35.8378657, 0.0], [-60.5327981, -35.8380044, 0.0], [-60.531717, -35.8379389, 0.0], [-60.531116, -35.83813, 0.0], [-60.5297477, -35.8393385, 0.0], [-60.5295659, -35.8396547, 0.0], [-60.5295665, -35.8408233, 0.0], [-60.5293531, -35.8410644, 0.0], [-60.47757042129813, -35.8815136680328, 0.0], [-60.4773671, -35.8816332, 0.0]]]}}, {"type": "Feature", "properties": {"NOMEMCLATURA": "109-20", "PARTIDO": "109", "PARTIDO_NOMBRE": "Veinticinco de Mayo", "DENOMINACION": "SEC 077-10 - SEC 109-01 (Tramo 1)", "CLASE": "DE TIERRA", "TRANSITABIlIDAD": "TEMPORARIO", "TIPO": "CAMINO", "TRAMO_NUM": "1", "LON_INI": -60.8168448, "LAT_INI": -35.7972186, "LON_FIN": -60.7280914, "LAT_FIN": -35.8925499, "LONGITUD_KM_ORIG": 15.183, "LONGITUD_KM_WGS84": 15.1673, "N_VERTICES": 16, "N_LINEAS": 1, "DIFF_PCT": -0.1, "ALERTA": ""}, "geometry": {"type": "MultiLineString", "coordinates": [[[-60.8168448, -35.7972186, 0.0], [-60.8187247, -35.7987896, 0.0], [-60.808427, -35.8066524, 0.0], [-60.77607349392368, -35.83138679973966, 0.0], [-60.77598736392671, -35.831516620193355, 0.0], [-60.776094185142576, -35.831680052508034, 0.0], [-60.789734708492055, -35.84336547574149, 0.0], [-60.789832799492565, -35.84354347666938, 0.0], [-60.789745953057825, -35.84369001402046, 0.0], [-60.7808224, -35.8507486, 0.0], [-60.7589914, -35.8681571, 0.0], [-60.7499567, -35.8753362, 0.0], [-60.7425943, -35.8810369, 0.0], [-60.72852069591765, -35.892205479355965, 0.0], [-60.72831534532286, -35.89243983477743, 0.0], [-60.7280914, -35.8925499, 0.0]]]}}, {"type": "Feature", "properties": {"NOMEMCLATURA": "109-20", "PARTIDO": "109", "PARTIDO_NOMBRE": "Veinticinco de Mayo", "DENOMINACION": "Del Valle - SEC 011-10 (Tramo 2)", "CLASE": "DE TIERRA", "TRANSITABIlIDAD": "TEMPORARIO", "TIPO": "CAMINO", "TRAMO_NUM": "2", "LON_INI": -60.7361153, "LAT_INI": -35.8995338, "LON_FIN": -60.6869927, "LAT_FIN": -35.9609782, "LONGITUD_KM_ORIG": 9.68, "LONGITUD_KM_WGS84": 9.6245, "N_VERTICES": 17, "N_LINEAS": 1, "DIFF_PCT": -0.6, "ALERTA": ""}, "geometry": {"type": "MultiLineString", "coordinates": [[[-60.7361153, -35.8995338, 0.0], [-60.7300265, -35.9043675, 0.0], [-60.722374, -35.9103707, 0.0], [-60.7151496, -35.9161301, 0.0], [-60.703176, -35.9259101, 0.0], [-60.6908454, -35.9356845, 0.0], [-60.6906927, -35.9360783, 0.0], [-60.6908165, -35.9363481, 0.0], [-60.6952421, -35.9400242, 0.0], [-60.6956541, -35.9406494, 0.0], [-60.7032896, -35.9471615, 0.0], [-60.7035336, -35.9474615, 0.0], [-60.7035866, -35.9477635, 0.0], [-60.7034386, -35.9480835, 0.0], [-60.7031296, -35.9483385, 0.0], [-60.6965102, -35.9534948, 0.0], [-60.6869927, -35.9609782, 0.0]]]}}, {"type": "Feature", "properties": {"NOMEMCLATURA": "109-21", "PARTIDO": "109", "PARTIDO_NOMBRE": "Veinticinco de Mayo", "DENOMINACION": "San Enrique - SEC 011-09", "CLASE": "DE TIERRA", "TRANSITABIlIDAD": "TEMPORARIO", "TIPO": "CAMINO", "TRAMO_NUM": null, "LON_INI": -60.4076363, "LAT_INI": -35.8224559, "LON_FIN": -60.5801039, "LAT_FIN": -35.9641905, "LONGITUD_KM_ORIG": 22.204, "LONGITUD_KM_WGS84": 22.2007, "N_VERTICES": 7, "N_LINEAS": 1, "DIFF_PCT": -0.0, "ALERTA": ""}, "geometry": {"type": "MultiLineString", "coordinates": [[[-60.4076363, -35.8224559, 0.0], [-60.4773671, -35.8816332, 0.0], [-60.4874592, -35.8916344, 0.0], [-60.5091601, -35.9130371, 0.0], [-60.5236988, -35.9273332, 0.0], [-60.5298409, -35.9313492, 0.0], [-60.5801039, -35.9641905, 0.0]]]}}, {"type": "Feature", "properties": {"NOMEMCLATURA": "109-22", "PARTIDO": "109", "PARTIDO_NOMBRE": "Veinticinco de Mayo", "DENOMINACION": "RP 51 - SEC 109-04", "CLASE": "DE TIERRA", "TRANSITABIlIDAD": "TEMPORARIO", "TIPO": "CAMINO", "TRAMO_NUM": null, "LON_INI": -60.08201834578785, "LAT_INI": -35.45715903291161, "LON_FIN": -59.9766363, "LAT_FIN": -35.4718354, "LONGITUD_KM_ORIG": 9.973, "LONGITUD_KM_WGS84": 9.9951, "N_VERTICES": 27, "N_LINEAS": 1, "DIFF_PCT": 0.2, "ALERTA": ""}, "geometry": {"type": "MultiLineString", "coordinates": [[[-60.08201834578785, -35.45715903291161, 0.0], [-60.08170149369465, -35.45719846635661, 0.0], [-60.0803114, -35.4580451, 0.0], [-60.07963213835816, -35.45830995286239, 0.0], [-60.079067694504026, -35.45842362199789, 0.0], [-60.07847742498214, -35.45845619596319, 0.0], [-60.07440493568983, -35.45858999675833, 0.0], [-60.07204831742143, -35.45874830060601, 0.0], [-60.07057049021016, -35.45891258432986, 0.0], [-60.068080595608166, -35.458942338785974, 0.0], [-60.0666289, -35.4590493, 0.0], [-60.0607616, -35.4595941, 0.0], [-60.0563533, -35.4599551, 0.0], [-60.0508662, -35.4611739, 0.0], [-60.046814, -35.4631735, 0.0], [-60.0384484, -35.462891, 0.0], [-60.0362987, -35.4632557, 0.0], [-60.0302715, -35.4659041, 0.0], [-60.0293622, -35.4661476, 0.0], [-60.0217526, -35.4671206, 0.0], [-60.0124559, -35.469402, 0.0], [-60.0114288, -35.469434, 0.0], [-59.9939958, -35.4667849, 0.0], [-59.9908558, -35.4666132, 0.0], [-59.9886653, -35.4665878, 0.0], [-59.9855585, -35.4679186, 0.0], [-59.9766363, -35.4718354, 0.0]]]}}, {"type": "Feature", "properties": {"NOMEMCLATURA": "109-23", "PARTIDO": "109", "PARTIDO_NOMBRE": "Veinticinco de Mayo", "DENOMINACION": "SIn denomonación (zona urbana)", "CLASE": "PAVIMENTADO", "TRANSITABIlIDAD": "PERMANENTE", "TIPO": "CAMINO", "TRAMO_NUM": null, "LON_INI": -60.17215073568821, "LAT_INI": -35.44068059014607, "LON_FIN": -60.181646044375064, "LAT_FIN": -35.43198247608103, "LONGITUD_KM_ORIG": 1.971, "LONGITUD_KM_WGS84": 1.8364, "N_VERTICES": 3, "N_LINEAS": 1, "DIFF_PCT": -6.8, "ALERTA": ""}, "geometry": {"type": "MultiLineString", "coordinates": [[[-60.17215073568821, -35.44068059014607, 0.0], [-60.18277350926654, -35.43973491360966, 0.0], [-60.181646044375064, -35.43198247608103, 0.0]]]}}]}