Enviado,Fecha,Tarea,Ruta,Prog. Inicial,Prog. Final,Maquinaria 1,ID1,N°ID1,Maquinaria 2,ID2,N°ID2,Maquinaria 3,ID3,N°ID3,Maquinaria 4,ID4,N°ID4,Maquinaria 5,ID5,N°ID5,Observaciones,Imágenes previas,Imágenes posteriores,km,Combustible (l),Mezcla asfáltica (tn)
si,6/3/2025,MANTENIMIENTO DE PAVIMENTOS,RP51,"318,80","319,00",MINI CARGADORA,O.I.,21202,CAMIÓN,R.O.,40990,CAMIONETA,R.O.,37073,CAMIONETA,R.O.,44808,,,,La fecha registrada en las fotográficas del programa GPS Map Camera no es coincidente con la fecha real de la captura (tareas del 6/3/25),,,"0,20",,
si,7/3/2025,MANTENIMIENTO DE PAVIMENTOS,RP51,"318,80","319,00",MINI CARGADORA,O.I.,21202,CAMIÓN,R.O.,40990,CAMIONETA,R.O.,44808,,,,,,,Segunda jornada para completar la tarea informada con fecha 6/3/25. La fecha registrada en las fotográficas del programa GPS Map Camera no es coincidente con la fecha real de la captura (tareas del 6 y 7/03/25). Las fotografías previas a la realización de la tarea fueron tomadas desde el programa propio del celular.,,,"0,20",,
si,10/3/2025,MANTENIMIENTO DE PAVIMENTOS,RP91,"32,00","32,00",MINI CARGADORA,O.I.,21202,CAMIÓN,R.O.,41020,CAMIONETA,R.O.,44808,,,,,,,"Caída de árboles por inclemencias climáticas. Corte y limpieza de árboles y ramas caídas.",,,"0,00",,
si,11/3/2025,,RP30,"285,30","285,50",CAMIÓN,R.O.,41020,RETROEXCAVADORA,O.I.,2084,CAMIONETA,R.O.,41890,,,,,,,Tarea ejecutada: Movimiento de suelo para construcción de dársena de acceso.,,,"0,20",,
si,11/3/2025,SEÑALIZACIÓN Y DEMARCACIÓN (Horizontal y Vertical),RP30,"263,50","263,80",CAMIONETA,R.O.,26395,,,,,,,,,,,,,"Colocación de señalización en EP15 (Las Flores) y en curva (límite de Zona VI/Arroyo El Gualicho, Las Flores)",,,"0,30",,
si,12/3/2025,SEÑALIZACIÓN Y DEMARCACIÓN (Horizontal y Vertical),RP30,"263,50","263,80",CAMIONETA,R.O.,26395,,,,,,,,,,,,,"Colocación de señalización en zona de la EP15 (Escuela en paraje ""El Gualicho"", Las Flores). No se registraron imágenes fotográficas.",,,"0,30",,
si,12/3/2025,CORTE DE PASTO,093-08,"1,10","4,20",TRACTOR,O.I.,21806,DESMALEZADORA,O.I.,21803,,,,,,,,,,No se registran imágenes fotográficas,,,"3,10",,
si,13/3/2025,REPARACIÓN DE ALCANTARILLAS,RP51,"225,00","225,05",CAMIÓN,R.O.,41020,,,,,,,,,,,,,Traslado de caños (carretón OI 22121) desde Moreno a 25 de Mayo para reparación de alcantarilla.,,,"0,05",,
si,17/3/2025,CORTE DE PASTO,RP91,"20,00","52,00",TRACTOR,O.I.,21806,DESMALEZADORA,O.I.,21803,,,,,,,,,,"Tramo de Las Flores hacia Saladillo. No se registran imágenes fotográficas.",,,"32,00",,
si,18/3/2025,REPARACIÓN DE ALCANTARILLAS,RP51,"225,00","225,05",RETROEXCAVADORA,O.I.,2084,MOTONIVELADORA,O.I.,22108,CAMIÓN,R.O.,40990,CAMIONETA,R.O.,36895,CAMIONETA,R.O.,51423,"Las imágenes fueron enviadas oportunamente en otro soporte. Las tareas implicaron la apertura de la traza, colocación de caños de chapa nuevos, rellenado con material de suelos de la obra y colocación de mezcla asfáltica. Para la actividad se recurrió al uso de Pala Mecánica proveniente de Chivilcoy.",,,"0,05",,
si,18/3/2025,CORTE DE PASTO,RP91,"0,00","20,00",TRACTOR,O.I.,21806,DESMALEZADORA,O.I.,21803,,,,,,,,,,"Continuación del tramo de Las Flores hacia Saladillo. No se registran imágenes fotográficas.",,,"20,00",,
si,19/3/2025,REPARACIÓN DE ALCANTARILLAS,RP51,"225,00","225,05",RETROEXCAVADORA,O.I.,2084,MOTONIVELADORA,O.I.,22108,CAMIONETA,R.O.,36895,,,,,,,Conituación de las tareas iniciadas el 18/03/2025 para la reparación y mantenimiento de alcantarilla en zona de Laguna de Todos Los Santos.,,,"0,05",,
si,19/3/2025,SEÑALIZACIÓN Y DEMARCACIÓN (Horizontal y Vertical),RP51,"225,00","226,00",CAMIONETA,R.O.,26395,,,,,,,,,,,,,"Colocación de ""chevrones"". No se registran imágenes fotográficas.",,,"1,00",,
si,19/3/2025,CORTE DE PASTO,RP91,"20,00","52,00",TRACTOR,O.I.,21806,DESMALEZADORA,O.I.,21803,,,,,,,,,,"Tramo de Saladillo hacia Las Flores. No se registran imágenes fotográficas.",,,"32,00",,
si,19/3/2025,,RP51,"225,00","225,05",,,,,,,,,,,,,,,,Culminación de las tareas iniciadas el 17 y 18/03/2025 para la reparación y mantenimiento de alcantarilla en zona de Laguna de Todos Los Santos.,carga repetida en formulario!!!,,"0,05",,
si,20/3/2025,REPARACIÓN DE ALCANTARILLAS,RP51,"225,00","225,05",CAMIÓN,R.O.,40990,,,,,,,,,,,,,Traslado de Retroexcavadora (carretón OI 22121) desde 25 de Mayo a Saladillo luego de obra de reparación de alcantarilla Lag. de Todos Los Santos.,,,"0,05",,
si,21/3/2025,CORTE DE PASTO,RP91,"0,00","20,00",TRACTOR,O.I.,21806,DESMALEZADORA,O.I.,21803,,,,,,,,,,Conituación de corte de pasto en banquina RP91 Saladillo - Las Flores. No se registran imágenes fotográficas.,,,"20,00",,
si,25/3/2025,MANTENIMIENTO DE PAVIMENTOS,RP51,"224,00","227,00",CAMIÓN,R.O.,41020,MINI CARGADORA,O.I.,21202,CAMIONETA,R.O.,44808,,,,,,,Bacheo de traza en sector del pavimento en cercanías de alcantarilla reparada en Lag. de Todos Los Santos.,,,"3,00",,
si,25/3/2025,SEÑALIZACIÓN Y DEMARCACIÓN (Horizontal y Vertical),RP51,"309,00","310,00",CAMIONETA,R.O.,26395,,,,,,,,,,,,,"Colocación de ""chevrones"" en RP51 ca. ""Estac. Micheo"".",,,"1,00",,
si,26/3/2025,MANTENIMIENTO DE PAVIMENTOS,RP30,"263,20","287,70",CAMIÓN,R.O.,41020,MINI CARGADORA,O.I.,21202,CAMIONETA,R.O.,36895,,,,,,,Bacheo en varios puntos del pavimento en el tramo de Las Flores al límite de Zona.,,,"24,50",,
si,27/3/2025,MANTENIMIENTO DE PAVIMENTOS,093-02,"0,00","5,00",MINI CARGADORA,O.I.,21202,CAMIÓN,R.O.,41020,CAMIONETA,R.O.,31556,,,,,,,"Bacheo en acceso pavimentado a Cazón (Saladillo) desde RN205 hasta zona urbana de la localidad. No se registran imágenes.",,,"5,00",,
si,1/4/2025,MANTENIMIENTO DE PAVIMENTOS,RP51,"214,00","225,00",MINI CARGADORA,O.I.,21202,CAMIÓN,R.O.,41020,CAMIONETA,R.O.,31556,,,,,,,Bacheo de tramo desde inicio de zona hacia sector de Lag. de Todos Los Santos. Se incluyen equipos de señalización y carretón (O.I.: 22121) para traslado de equipos.,,,"11,00",,
si,3/4/2025,MANTENIMIENTO DE PAVIMENTOS,RP51,"250,00","277,00",MINI CARGADORA,O.I.,21202,CAMIÓN,R.O.,41020,CAMIONETA,R.O.,31556,,,,,,,"Bacheo en tramos de RP51 desde 25 de Mayo hacia Saladillo. Se incluyen equipos de señalización (O.I.: 22121) y carretón para traslado de equipos.
",,,"27,00",,
si,4/4/2025,CAMINOS RURALES,,,,MOTONIVELADORA,R.O.,22108,CAMIONETA,R.O.,,,,,,,,,,,?? no se cargó. Mantenimiento de caminos rurales. Ejecución de tareas incluyendo entrenamiento del personal (F. ALzugaray),,,"0,00",,
si,4/4/2025,CORTE DE PASTO,,,,,,,,,,,,,,,,,,,?? no se cargó,,,"0,00",,
si,7/4/2025,CORTE DE PASTO,RP91,"8,50","9,80",TRACTOR,R.O.,21503,DESMALEZADORA,O.I.,21502,,,,,,,,,,"?? no se cargó. Corte de paso en zona de Rotonda ""La Campana""",,,"1,30",,
si,8/4/2025,CAMINOS RURALES,,,,MOTONIVELADORA,R.O.,22108,CAMIONETA,R.O.,,,,,,,,,,,?? no se cargó. Mantenimiento de caminos rurales. Ejecución de tareas incluyendo entrenamiento del personal (F. ALzugaray),,,"0,00",,
si,8/4/2025,MANTENIMIENTO DE PAVIMENTOS,RP30,"263,00","290,00",MINI CARGADORA,O.I.,21202,CAMIÓN,R.O.,41020,CAMIONETA,R.O.,36895,,,,,,,"Continuación de obras de bacheo en varios puntos del pavimento en el tramo de Las Flores al límite de Zona VI (ca. de ""El Gualicho"")",,,"27,00",,
si,8/4/2025,MANTENIMIENTO DE PAVIMENTOS,RP51,"279,00","279,50",CAMIÓN,R.O.,40990,CAMIONETA,R.O.,44808,,,,,,,,,,"Obras de bacheo en vías del FFCC en RP51 y acceso a ""La Barrancosa"" (Saladillo).",,,"0,50",,
si,8/4/2025,SEÑALIZACIÓN Y DEMARCACIÓN (Horizontal y Vertical),RP30,"250,00","282,00",CAMIONETA,R.O.,26395,,,,,,,,,,,,,"Colocación de señalización de curvas en tramo desde Las Flores a límite de zona (""El Gualicho"").",,,"32,00",,
si,9/4/2025,MANTENIMIENTO DE PAVIMENTOS,RP51,"225,00","226,00",CAMIONETA,R.O.,44808,CAMIÓN,R.O.,41020,,,,,,,,,,Bacheo en sector de alcantarilla reparada en Lag de Todos Los Santos. Se movilizan otros equipos como señalizadores lumínicos.,,,"1,00",,
si,9/4/2025,CAMINOS RURALES,093-08,"0,00","2,00",MOTONIVELADORA,R.O.,22108,CAMIONETA,R.O.,36895,,,,,,,,,,Mantenimiento de caminos rurales. Ejecución de tareas incluyendo entrenamiento del personal. Se realizan series de pasadas a lo largo de la traza indicada.,,,"2,00",,
si,9/4/2025,CORTE DE PASTO,RP91,"9,00","29,00",TRACTOR,O.I.,21806,DESMALEZADORA,O.I.,21803,,,,,,,,,,Tramo RP91 de La Campana (Saladillo) al Trigo (Las Flores).,,,"20,00",,
si,11/4/2025,MANTENIMIENTO DE PAVIMENTOS,093-03,"0,00","8,00",CAMIÓN,R.O.,41020,MINI CARGADORA,O.I.,21202,CAMIONETA,R.O.,44808,,,,,,,"Bacheo en sectores del tramo del acceso a Del Carril, desde RN205 a zona urbana. Se incluyen otros equipamientos como señalizadores lumínicos, carretón (OI: 22121).",,,"8,00",,
si,11/4/2025,CORTE DE PASTO,RP91,"20,00","40,00",TRACTOR,O.I.,21806,DESMALEZADORA,O.I.,21803,,,,,,,,,,"Continuación de corte de pasto en banquinas, RP91 de Saladillo a Las Flores.",,,"20,00",,
si,11/4/2025,SEÑALIZACIÓN Y DEMARCACIÓN (Horizontal y Vertical),RP51,"256,00","256,00",CAMIONETA,R.O.,26395,,,,,,,,,,,,,"Colocación de ""chevrones"" en sector de Puente Ayo. Saladillo (en límite de Pdos. Saladillo-25 de Mayo)",,,"0,00",,
si,14/4/2025,MANTENIMIENTO DE PAVIMENTOS,RP51,"327,00","335,00",MINI CARGADORA,O.I.,21202,CAMIÓN,R.O.,41020,CAMIONETA,R.O.,31556,CAMIONETA,R.O.,52501,,,,Tareas de bacheo en varios sectores de la traza y en banquinas a lo largo de los kilómetros indicados. Se incluyen equipos de señalización lumínica y carretón (O.I.: 22121) para traslado de equipos pesados.,,,"8,00",,
si,14/4/2025,CAMINOS RURALES,093-08,"2,00","4,00",MOTONIVELADORA,O.I.,8653,CAMIONETA,R.O.,52501,,,,,,,,,,Se llevan a cabo series de pasadas a lo largo de la traza indicada.,,,"2,00",,
si,14/4/2025,CAMINOS RURALES,,,,MOTONIVELADORA,O.I.,22108,CAMIÓN,R.O.,40990,,,,,,,,,,Traslado en carretón (O.I: 22121) de motoniveladora desde Saladillo hasta Villa Moll (Navarro).,,,"0,00",,
si,14/4/2025,CORTE DE PASTO,RP51,"256,00","277,00",TRACTOR,O.I.,21806,DESMALEZADORA,O.I.,21803,,,,,,,,,,"Corte de pasto en banquinas. Tramo desde Saladillo a 25 de Mayo.",,,"21,00",,
si,21/4/2025,CAMINOS RURALES,093-08,"4,00","6,00",MOTONIVELADORA,O.I.,8653,CAMIONETA,R.O.,36895,,,,,,,,,,"Mantenimiento de caminos rurales. Serie de pasadas a lo pargo de la traza indicada.",,,"2,00",,
si,22/4/2025,CAMINOS RURALES,093-08,"6,00","8,00",MOTONIVELADORA,O.I.,8653,CAMIONETA,R.O.,51426,,,,,,,,,,Continuación de tareas de mantenimiento de caminos rurales. Serie de pasadas a lo pargo de la traza indicada.,,,"2,00",,
si,22/4/2025,MANTENIMIENTO DE PAVIMENTOS,RP51,"340,00","350,00",MINI CARGADORA,R.O.,21202,CAMIÓN,R.O.,18785,CAMIONETA,R.O.,29792,,,,,,,Bacheo en varios sectores a lo largo de la traza indicada. Se incluyen señalizadores lumínicos y carretón para traslado de equipos pesados (O.I.: 22121).,,,"10,00",,
si,23/4/2025,MANTENIMIENTO DE PAVIMENTOS,RP51,"335,00","341,00",MINI CARGADORA,R.O.,21202,CAMIÓN,R.O.,18785,CAMIONETA,R.O.,29792,CAMIÓN,R.O.,41020,,,,Bacheo en varios sectores a lo largo de la traza indicada. Se incluyen señalizadores lumínicos y carretón para traslado de equipos pesados (O.I.: 22121).,,,"6,00",,
si,23/4/2025,CAMINOS RURALES,093-08,"8,00","10,00",MOTONIVELADORA,O.I.,8653,CAMIONETA,R.O.,44808,,,,,,,,,,"Mantenimiento de caminos rurales. Se llevan a cabo series de pasadas a lo largo de la traza indicada.",,,"2,00",,
si,24/4/2025,MANTENIMIENTO DE PAVIMENTOS,RP51,"320,00","328,00",CAMIÓN,R.O.,18785,CAMIONETA,R.O.,31556,,,,,,,,,,"Trabajos de bacheo en sectores de ambas calzadas del tramo indicado.",,,"8,00",,
si,24/4/2025,CAMINOS RURALES,093-08,"10,00","12,00",MOTONIVELADORA,O.I.,8653,CAMIONETA,R.O.,37073,,,,,,,,,,Mantenimiento de caminos rurales. Se llevan a cabo series de pasadas a lo largo de la traza indicada.,,,"2,00",,
si,24/4/2025,SEÑALIZACIÓN Y DEMARCACIÓN (Horizontal y Vertical),RP51,"305,00","305,05",CAMIONETA,R.O.,26395,,,,,,,,,,,,,"Colocación de señalizaciones en curvas del tramo.",,,"0,05",,
si,25/4/2025,MANTENIMIENTO DE PAVIMENTOS,RP51,"325,00","335,00",MINI CARGADORA,R.O.,21202,CAMIÓN,R.O.,40990,CAMIONETA,R.O.,29792,,,,,,,"Trabajos de bacheo en sectores de ambas calzadas del tramo indicado. Utilización de carretón para acarreos (O.I.: 22121) y señalización lumínica.",,,"10,00",,
si,28/4/2025,MANTENIMIENTO DE PAVIMENTOS,RP51,"330,00","340,00",CAMIÓN,R.O.,40990,CAMIONETA,R.O.,36895,MINI CARGADORA,R.O.,21202,,,,,,,"Continuación de trabajos de bacheo en sectores de ambas calzadas del tramo indicado. Utilización de carretón para acarreos (O.I.: 22121) y señalización lumínica.",,,"10,00",,
si,28/4/2025,SEÑALIZACIÓN Y DEMARCACIÓN (Horizontal y Vertical),RP51,"245,00","250,00",CAMIONETA,R.O.,26395,,,,,,,,,,,,,no se cargaron vehículos!!! Colocación de cartelería de cruces de caminos.,,,"5,00",,
si,29/4/2025,MANTENIMIENTO DE PAVIMENTOS,RP51,"225,00","225,50",CAMIONETA,R.O.,44808,MINI CARGADORA,R.O.,21202,CAMIÓN,R.O.,41020,,,,,,,"Fresado y reparación de bacheos en sector de alcantarilla ""Lag. de Todos Los Santos""",,,"0,50",,
si,29/4/2025,MANTENIMIENTO DE PAVIMENTOS,093-02,"0,00","5,00",CAMIÓN,R.O.,18785,CAMIONETA,R.O.,31556,,,,,,,,,,"Mantenimiento y reparación de baches en colaboración con el Municipio de Saladillo a lo largo de la traza del acceso a la localidad de Cazón.",,,"5,00",,
si,3/5/2025,CORTE DE PASTO,RP91,"0,00","25,00",TRACTOR,O.I.,21806,DESMALEZADORA,O.I.,21803,CAMIONETA,R.O.,31556,,,,,,,No se registraron fotografías al momento de realizadas las tareas.,,,"25,00",,
si,9/5/2025,CORTE DE PASTO,RP51,"256,00","277,00",TRACTOR,O.I.,9649,DESMALEZADORA,O.I.,21806,CAMIONETA,R.O.,29792,,,,,,,,,,"21,00",,
si,9/5/2025,MANTENIMIENTO DE PAVIMENTOS,RP51,"346,00","350,00",MINI CARGADORA,R.O.,21202,CAMIÓN,R.O.,41020,CAMIONETA,R.O.,31556,,,,,,,"Reparación de baches en sectores del tramo indicado.",,,"4,00",,
si,9/5/2025,CAMINOS RURALES,093-08,"12,00","14,00",MOTONIVELADORA,O.I.,8653,CAMIONETA,R.O.,44808,,,,,,,,,,"Mantenimiento de caminos rurales.",,,"2,00",,
si,12/5/2025,MANTENIMIENTO DE PAVIMENTOS,RP51,"330,00","345,00",MINI CARGADORA,R.O.,21202,CAMIÓN,R.O.,41020,CAMIONETA,R.O.,31556,,,,,,,"Se incluyen equipos de acarreo (O.I.; 22121) y señalización lumínica.",se cargaron,se cargaron,"15,00",,
si,12/5/2025,CORTE DE PASTO,RP51,"250,00","270,00",TRACTOR,O.I.,9649,DESMALEZADORA,O.I.,21803,CAMIONETA,R.O.,29792,,,,,,,,,,"20,00",,
si,12/5/2025,CAMINOS RURALES,093-08,"14,00","16,00",MOTONIVELADORA,O.I.,8653,CAMIONETA,R.O.,36895,,,,,,,,,,,,,"2,00",,
si,13/5/2025,MANTENIMIENTO DE PAVIMENTOS,RP40,"28,00","31,00",MINI CARGADORA,R.O.,21202,CAMIÓN,R.O.,41020,CAMIONETA,R.O.,31556,,,,,,,"Se incluyen otros equipos para el acarreo (O.I.: 22121) y señalización lumínica.
",se cargaron,se cargaron,"3,00",,
si,13/5/2025,CAMINOS RURALES,093-08,"16,00","18,00",MOTONIVELADORA,O.I.,8653,CAMIONETA,R.O.,29792,,,,,,,,,,,,,"2,00",,
si,14/5/2025,MANTENIMIENTO DE PAVIMENTOS,RP40,"28,00","31,00",MINI CARGADORA,R.O.,21202,CAMIÓN,R.O.,41020,CAMIONETA,R.O.,52501,CAMIONETA,R.O.,31556,,,,Continuación de las tareas de fresado y bacheo iniciadas el día previo (13/05/2025).,,,"3,00",,
si,14/5/2025,SEÑALIZACIÓN Y DEMARCACIÓN (Horizontal y Vertical),RP30,"263,00","282,00",CAMIONETA,R.O.,26395,,,,,,,,,,,,,,,,"19,00",,
si,15/5/2025,SEÑALIZACIÓN Y DEMARCACIÓN (Horizontal y Vertical),RP51,"279,00","280,00",CAMIONETA,R.O.,29792,,,,,,,,,,,,,,,,"1,00",,
si,15/5/2025,SEÑALIZACIÓN Y DEMARCACIÓN (Horizontal y Vertical),RP30,"263,00","280,00",CAMIONETA,R.O.,26395,,,,,,,,,,,,,,,,"17,00",,
si,15/5/2025,CORTE DE PASTO,093-08,"2,00","4,00",CAMIONETA,R.O.,31556,PALA CARGADORA FRONTAL,O.I.,22127,CAMIÓN,R.O.,41020,,,,,,,"Desmalezado y retiro de raíces de banquinas en camino de acceso.",,,"2,00",,
si,15/5/2025,CORTE DE PASTO,093-08,"0,50","4,00",TRACTOR,O.I.,21406,DESMALEZADORA,O.I.,21502,,,,,,,,,,se cargaron mal los vehículos,,,"3,50",,
si,15/5/2025,MANTENIMIENTO DE PAVIMENTOS,RP51,"225,00","225,10",CAMIÓN,R.O.,41020,CAMIONETA,R.O.,44808,MINI CARGADORA,R.O.,21202,,,,,,,"Fresado de pavimento en sector de ""Lag. de Todos Los Santos""",,,"0,10",,
si,19/5/2025,MANTENIMIENTO DE PAVIMENTOS,RP46,"0,00","23,00",CAMIÓN,R.O.,31556,CAMIÓN,R.O.,41020,,,,,,,,,,Vahículo mal cargado. Bacheo en diversos sectores del tramo indicado.,,,"23,00",,
si,19/5/2025,CORTE DE PASTO,093-08,"1,00","4,00",TRACTOR,O.I.,21406,DESMALEZADORA,O.I.,21502,,,,,,,,,,se cargó mal el OI de Desmalezadora,,,"3,00",,
si,20/5/2025,MANTENIMIENTO DE PAVIMENTOS,RP51,"225,00","226,10",CAMIÓN,R.O.,41020,CAMIONETA,R.O.,31556,CAMIONETA,R.O.,37073,CAMIONETA,R.O.,40990,,,,"Carretón OI 22121. Señalización lumínica.",,,"1,10",,
si,20/5/2025,CAMINOS RURALES,093-08,"18,00","20,00",MOTONIVELADORA,O.I.,8653,CAMIONETA,R.O.,29792,,,,,,,,,,,,,"2,00",,
si,20/5/2025,SEÑALIZACIÓN Y DEMARCACIÓN (Horizontal y Vertical),RP30,"263,00","270,00",CAMIONETA,R.O.,26395,,,,,,,,,,,,,,,,"7,00",,
si,21/5/2025,MANTENIMIENTO DE PAVIMENTOS,RP51,"225,00","240,00",CAMIÓN,R.O.,41020,CAMIONETA,R.O.,31556,CAMIONETA,R.O.,37073,,,,,,,,,,"15,00",,
si,21/5/2025,CAMINOS RURALES,093-08,"20,00","22,00",MOTONIVELADORA,O.I.,8653,CAMIONETA,R.O.,29792,,,,,,,,,,,,,"2,00",,
si,21/5/2025,CORTE DE PASTO,093-13,"12,70","17,00",TRACTOR,O.I.,21503,DESMALEZADORA,O.I.,21502,,,,,,,,,,se cargó mal el OI de Desmalezadora. Camino secundario 093-13 (no está registrado en la base de datos del formulario).,,,"4,30",,
si,22/5/2025,MANTENIMIENTO DE PAVIMENTOS,RP51,"279,00","279,50",CAMIONETA,R.O.,31556,CAMIONETA,R.O.,37073,CAMIÓN,R.O.,18785,,,,,,,,,,"0,50",,
si,22/5/2025,CORTE DE PASTO,093-13,"10,00","12,00",TRACTOR,O.I.,21503,DESMALEZADORA,O.I.,21502,,,,,,,,,,se cargó mal el OI de Desmalezadora. Acceso Cicaré (Camino secundario 093-13: no está registrado en la base de datos del formulario),,,"2,00",,
si,22/5/2025,SEÑALIZACIÓN Y DEMARCACIÓN (Horizontal y Vertical),RP30,"263,00","282,00",CAMIONETA,R.O.,26395,,,,,,,,,,,,,,,,"19,00",,
si,22/5/2025,CAMINOS RURALES,093-08,"22,00","24,00",MOTONIVELADORA,O.I.,8653,CAMIONETA,R.O.,29792,,,,,,,,,,,,,"2,00",,
si,23/5/2025,MANTENIMIENTO DE PAVIMENTOS,RP51,"278,00","279,00",CAMIONETA,R.O.,31556,CAMIÓN,R.O.,41020,,,,,,,,,,,,,"1,00",,
si,23/5/2025,MANTENIMIENTO DE PAVIMENTOS,093-08,"1,50","4,00",CAMIÓN,R.O.,41020,CAMIONETA,R.O.,31556,,,,,,,,,,,,,"2,50",,
si,23/5/2025,MANTENIMIENTO DE PAVIMENTOS,093-13,"0,00","8,00",CAMIONETA,R.O.,37073,,,,,,,,,,,,,Acc. Néstor Kirchner (prolongación Av. Moreno): Camino secundario 093-13 (no está registrado en la base de datos del formulario).,,,"8,00",,
si,28/5/2025,MANTENIMIENTO DE PAVIMENTOS,093-13,"8,00","10,00",CAMIÓN,R.O.,41020,CAMIONETA,R.O.,31556,CAMIONETA,R.O.,37073,,,,,,,Acc. Néstor Kirchner (prolongación Av. Moreno): Camino secundario 093-13 (no está registrado en la base de datos del formulario). Reparación de baches.,,,"2,00",,
si,28/5/2025,MANTENIMIENTO DE PAVIMENTOS,RP91,"0,00","9,00",CAMIÓN,R.O.,41020,CAMIONETA,R.O.,31556,CAMIONETA,R.O.,37073,,,,,,,Reparación de baches.,,,"9,00",,
si,28/5/2025,CORTE DE PASTO,093-13,"1,00","5,00",TRACTOR,O.I.,21503,DESMALEZADORA,O.I.,21502,,,,,,,,,,Acc. Néstor Kirchner (prolongación Av. Moreno): Camino secundario 093-13 (no está registrado en la base de datos del formulario).,,,"4,00",,
si,29/5/2025,MANTENIMIENTO DE PAVIMENTOS,RP51,"214,00","239,00",CAMIÓN,R.O.,41020,CAMIONETA,R.O.,31556,CAMIONETA,R.O.,37073,,,,,,,Reparación de baches.,si,si,"25,00",,
si,29/5/2025,CORTE DE PASTO,093-13,"5,00","11,00",TRACTOR,O.I.,21503,DESMALEZADORA,O.I.,21502,,,,,,,,,,Acc. Néstor Kirchner (prolongación Av. Moreno): Camino secundario 093-13 (no está registrado en la base de datos del formulario).,si,si,"6,00",,
si,29/5/2025,SEÑALIZACIÓN Y DEMARCACIÓN (Horizontal y Vertical),093-13,"8,00","10,00",CAMIONETA,R.O.,26395,,,,,,,,,,,,,Acc. Néstor Kirchner (prolongación Av. Moreno): Camino secundario 093-13 (no está registrado en la base de datos del formulario). Señalización de curvas.,,,"2,00",,
si,30/5/2025,MANTENIMIENTO DE PAVIMENTOS,093-03,"0,00","7,00",CAMIÓN,R.O.,41020,CAMIONETA,R.O.,31556,CAMIONETA,R.O.,37073,CAMIÓN,R.O.,40990,,,,,si,si,"7,00",,
si,30/5/2025,CORTE DE PASTO,093-13,"5,00","11,00",TRACTOR,O.I.,21503,DESMALEZADORA,O.I.,21502,,,,,,,,,,Acc. Néstor Kirchner (prolongación Av. Moreno): Camino secundario 093-13 (no está registrado en la base de datos del formulario).,,,"6,00",,
si,2/6/2025,CORTE DE PASTO,RP51,"282,70","283,00",CAMIONETA,R.O.,37073,,,,,,,,,,,,,"desmalezado manual en rotonda ""La Gallareta""",,,"0,30",,
si,2/6/2025,CAMINOS RURALES,,,,CAMIÓN,R.O.,40990,,,,,,,,,,,,,traslado de casilla desde Forastieri (Roque Perez) a Zona VI Saladillo,,,"0,00",,
si,2/6/2025,MANTENIMIENTO DE PAVIMENTOS,,,,CAMIÓN,R.O.,41020,,,,,,,,,,,,,traslado de material en frío desde Saladillo hacia Lobos.,,,"0,00",,
si,3/6/2025,MANTENIMIENTO DE PAVIMENTOS,RP51,"265,00","284,00",CAMIÓN,R.O.,41020,CAMIONETA,R.O.,31556,CAMIONETA,R.O.,37073,,,,,,,,,,"19,00",,
si,3/6/2025,SEÑALIZACIÓN Y DEMARCACIÓN (Horizontal y Vertical),RP30,"263,00","263,80",CAMIONETA,R.O.,44808,,,,,,,,,,,,,,,,"0,80",,
si,4/6/2025,MANTENIMIENTO DE PAVIMENTOS,RP51,"250,00","265,00",CAMIÓN,R.O.,41020,CAMIONETA,R.O.,31556,CAMIONETA,R.O.,37073,,,,,,,,,,"15,00",,
si,4/6/2025,SEÑALIZACIÓN Y DEMARCACIÓN (Horizontal y Vertical),RP30,"255,00","263,80",CAMIONETA,R.O.,29792,,,,,,,,,,,,,,,,"8,80",,
si,4/6/2025,CAMINOS RURALES,,,,CAMIÓN,R.O.,40990,MOTONIVELADORA,O.I.,22108,,,,,,,,,,traslado de Motoniveladora (O.I.: 22108) con carretón (O.I.: 22121)  desde Villa Mol a Saladillo,,,"0,00",,
si,4/6/2025,CORTE DE PASTO,093-05,"0,00","2,00",TRACTOR,R.O.,21715,DESMALEZADORA,O.I.,,,,,,,,,,,Prueba de tractor y cortadora: no funcionó,,,"2,00",,
si,5/6/2025,CORTE DE PASTO,RP51,"280,00","283,00",TRACTOR,R.O.,21503,DESMALEZADORA,O.I.,21502,,,,,,,,,,"desmalezado en rotonda ""La Gallareta""",,,"3,00",,
si,6/6/2025,CORTE DE PASTO,RP51,"283,00","286,00",TRACTOR,R.O.,21503,DESMALEZADORA,O.I.,21502,,,,,,,,,,"desmalezado en rotonda ""La Gallareta""",,,"3,00",,
si,6/6/2025,CORTE DE PASTO,RP91,"7,00","9,00",CAMIÓN,R.O.,26395,,,,,,,,,,,,,"desmalezado manual en rotonda ""La Campana""",,,"2,00",,
si,6/6/2025,CAMINOS RURALES,093-08,"0,00","2,00",MOTONIVELADORA,O.I.,22108,,,,,,,,,,,,,,,,"2,00",,
si,6/6/2025,CAMINOS RURALES,,,,CAMIÓN,R.O.,40990,,,,,,,,,,,,,traslado de Motoniveladora (Fiat Allis O.I.: 2066) con carretón (O.I.: 22121)  desde Lobos a Saladillo,,,"0,00",,
si,9/6/2025,CORTE DE PASTO,093-13,"8,00","8,50",CAMIONETA,R.O.,26395,,,,,,,,,,,,,Desmalezado manual en Puente Canal 16. Camino secundario 093-13 (no está registrado en la base de datos del formulario).,,,"0,50",,
si,9/6/2025,CAMINOS RURALES,093-08,"2,00","4,00",MOTONIVELADORA,O.I.,22108,CAMIONETA,R.O.,31556,,,,,,,,,,"mantenimiento de caminos rurales (camino a ""La Barrancosa"")",,,"2,00",,
si,9/6/2025,,,,,CAMIÓN,R.O.,41020,RETROEXCAVADORA,O.I.,2084,,,,,,,,,,traslado de Retroexcavadora (O.I.: 2084) con carretón (O.I.: 22121) a Las Flores,,,"0,00",,
si,9/6/2025,CORTE DE PASTO,RP91,"9,00","11,00",TRACTOR,O.I.,21503,DESMALEZADORA,O.I.,21502,,,,,,,,,,"desmalezado mecánico en sector de rotonda ""La Campana""",,,"2,00",,
si,10/6/2025,CORTE DE PASTO,093-13,"5,00","8,00",TRACTOR,O.I.,21503,DESMALEZADORA,O.I.,21502,,,,,,,,,,"desmalezado mecánico desde Rotonda ""La Campana"" hasta interesección de Cno. 093-05. Camino secundario 093-13 (no está registrado en la base de datos del formulario).",,,"3,00",,
si,10/6/2025,CAMINOS RURALES,093-08,"4,00","6,00",MOTONIVELADORA,O.I.,22108,CAMIONETA,R.O.,31556,MOTONIVELADORA,O.I.,2066,,,,,,,,,,"2,00",,
si,11/6/2025,CAMINOS RURALES,093-08,"6,00","8,00",MOTONIVELADORA,O.I.,22108,CAMIONETA,R.O.,31556,,,,,,,,,,,,,"2,00",,
si,11/6/2025,CORTE DE PASTO,093-13,,,TRACTOR,O.I.,21715,,,,,,,,,,,,,Disqueado de banquinas.,,,"0,00",,
si,11/6/2025,MANTENIMIENTO DE PAVIMENTOS,RP30,"423,00","436,00",CAMIÓN,R.O.,41020,CAMIONETA,R.O.,37073,CAMIÓN,R.O.,52501,,,,,,,,,,"13,00",,
si,12/6/2025,CAMINOS RURALES,093-08,"8,00","10,00",MOTONIVELADORA,O.I.,22108,CAMIONETA,R.O.,31556,,,,,,,,,,,,,"2,00",,
si,12/6/2025,MANTENIMIENTO DE PAVIMENTOS,RP30,"418,00","423,00",CAMIÓN,R.O.,41020,CAMIONETA,R.O.,37073,CAMIONETA,R.O.,52501,,,,,,,Bacheos en varios sectores a lo largo de la traza indicada. No se registran imágenes fotográficas.,,,"5,00",,
si,12/6/2025,SEÑALIZACIÓN Y DEMARCACIÓN (Horizontal y Vertical),093-13,"8,00","9,00",CAMIONETA,R.O.,29792,,,,,,,,,,,,,Camino secundario 093-13 (no está registrado en la base de datos del formulario).,,,"1,00",,
si,13/6/2025,CALZADO DE BANQUINAS,093-13,"4,00","7,00",PALA CARGADORA FRONTAL,O.I.,22127,,,,,,,,,,,,,Camino secundario 093-13 (no está registrado en la base de datos del formulario).,,,"3,00",,
si,18/6/2025,CAMINOS RURALES,093-08,"10,00","12,00",MOTONIVELADORA,O.I.,22108,,,,,,,,,,,,,,,,"2,00",,
si,18/6/2025,MANTENIMIENTO DE PAVIMENTOS,RP30,"403,00","418,00",CAMIÓN,R.O.,41020,CAMIÓN,R.O.,40990,CAMIONETA,R.O.,37073,MINI CARGADORA,O.I.,21202,,,,Bacheos en varios sectores a lo largo de la traza indicada. No se registran imágenes fotográficas.,,,"15,00",,
si,19/6/2025,CAMINOS RURALES,093-08,"12,00","14,00",MOTONIVELADORA,O.I.,22108,,,,,,,,,,,,,,,,"2,00",,
si,19/6/2025,REPARACIÓN DE ALCANTARILLAS,RP30,,,CAMIÓN,R.O.,41020,,,,,,,,,,,,,"Traslado de maquinaria para mantenimiento (con carretón O.I.: 22121) de alcantarillas desde RP30 (El Gualicho, Las Flores) hasta RP51 (Lag. de Todos Los Santos, 25 de Mayo)",,,"0,00",,
si,23/6/2025,CAMINOS RURALES,093-08,"23,00","25,30",MOTONIVELADORA,O.I.,22108,CAMIONETA,R.O.,31556,,,,,,,,,,,Camanino 093-08 (Acc. La Barrancosa) 23-06-25,,"2,30",,
si,23/6/2025,CAMINOS RURALES,093-08,"0,00","3,00",MOTONIVELADORA,O.I.,2066,CAMIONETA,R.O.,31556,,,,,,,,,,,Camanino 093-08 (Acc. La Barrancosa) 23-06-25,,"3,00",,
si,24/6/2025,CAMINOS RURALES,093-08,"16,00","18,00",MOTONIVELADORA,R.O.,22108,CAMIONETA,R.O.,29792,,,,,,,,,,,,,"2,00",,
si,24/6/2025,SEÑALIZACIÓN Y DEMARCACIÓN (Horizontal y Vertical),,,,CAMIONETA,R.O.,44808,,,,,,,,,,,,,falta indicar ruta y sector. No se envió actividad aún,,,"0,00",,
si,24/6/2025,MANTENIMIENTO DE PAVIMENTOS,RP40,"27,00","30,00",CAMIÓN,O.I.,41020,CAMIONETA,R.O.,31556,CAMIONETA,R.O.,52501,,,,,,,No se registran imágenes fotográficas,,,"3,00",,
si,25/6/2025,CAMINOS RURALES,093-08,"18,00","20,00",MOTONIVELADORA,O.I.,22108,CAMIONETA,R.O.,29792,,,,,,,,,,No se registran imágenes fotográficas,,,"2,00",,
si,25/6/2025,MANTENIMIENTO DE PAVIMENTOS,,,,CAMIÓN,O.I.,40990,,,,,,,,,,,,,Traslado de fresado (RAP) para reparación de baches en rutas de la Zona.,,,"0,00",,
si,26/6/2025,CAMINOS RURALES,093-08,"20,00","22,00",MOTONIVELADORA,O.I.,2066,CAMIONETA,R.O.,51426,,,,,,,,,,,,,"2,00",,
si,26/6/2025,CAMINOS RURALES,,,,MOTONIVELADORA,O.I.,22108,CAMIÓN,R.O.,40990,,,,,,,,,,Traslado de maquinaria con carretón (O.I.: 22121) desde Cno. 093-08 hasta Zona VI.,,,"0,00",,
si,26/6/2025,MANTENIMIENTO DE PAVIMENTOS,,,,CAMIÓN,R.O.,40990,,,,,,,,,,,,,Traslado de fresado (RAP) para mantenimiento de baches,,,"0,00",,
si,26/6/2025,MANTENIMIENTO DE PAVIMENTOS,RP47,"5,00","20,00",CAMIÓN,R.O.,41020,CAMIONETA,R.O.,51426,,,,,,,,,,No se registran imágenes fotográficas,,,"15,00",,
si,1/7/2025,MANTENIMIENTO DE PAVIMENTOS,RP30,"412,00","417,00",CAMIÓN,R.O.,44808,CAMIÓN,R.O.,41020,CAMIONETA,R.O.,26395,,,,,,,,01-07-25 RP30,,"5,00",,
si,1/7/2025,MANTENIMIENTO DE PAVIMENTOS,,,,CAMIÓN,R.O.,40990,,,,,,,,,,,,,Traslado de fresado (RAP) para reparación de baches en rutas de la Zona.,,,"0,00",,
si,2/7/2025,CAMINOS RURALES,093-08,"11,00","13,00",MOTONIVELADORA,O.I.,22108,,,,,,,,,,,,,,02-07-25 Cno. 093-08,,"2,00",,
si,2/7/2025,MANTENIMIENTO DE PAVIMENTOS,RP30,"408,00","415,00",CAMIÓN,R.O.,41020,CAMIONETA,R.O.,44808,CAMIONETA,R.O.,26395,,,,,,,,02-07-25 RP30,,"7,00",,
si,3/7/2025,MANTENIMIENTO DE PAVIMENTOS,RP30,"408,00","413,00",CAMIÓN,R.O.,41020,CAMIONETA,R.O.,44808,CAMIONETA,R.O.,26395,,,,,,,Continuación de tareas de bacheo del día 02/07/25,03-07-25 RP30,,"5,00",,
si,3/7/2025,CAMINOS RURALES,093-08,"13,00","15,00",MOTONIVELADORA,O.I.,22108,CAMIONETA,R.O.,36895,,,,,,,,,,,03-07-25 Cno. 093-08,,"2,00",,
si,4/7/2025,CAMINOS RURALES,,,,MOTONIVELADORA,O.I.,22108,CAMIÓN,R.O.,41020,,,,,,,,,,Traslado de maquinaria con carretón (O.I.: 22121) desde Cno. 093-08 hasta Zona VI.,,,"0,00",,
si,4/7/2025,CAMINOS RURALES,,,,MOTONIVELADORA,O.I.,2066,CAMIÓN,R.O.,41020,,,,,,,,,,Traslado de maquinaria con carretón (O.I.: 22121),,,"0,00",,
si,4/7/2025,SEÑALIZACIÓN Y DEMARCACIÓN (Horizontal y Vertical),RP91,"30,00","40,00",CAMIÓN,R.O.,18785,,,,,,,,,,,,,Recolección de cartelería para reparación/recambio,,,"10,00",,
si,11/7/2025,CORTE DE PASTO,RP51,"287,00","287,20",CAMIONETA,R.O.,44808,,,,,,,,,,,,,Remoción de troncos en banquina,,,"0,20",,
si,14/7/2025,CORTE DE PASTO,RP51,"277,00","280,00",TRACTOR,O.I.,21503,TRACTOR,O.I.,9649,DESMALEZADORA,O.I.,21502,,,,,,,Corte de pasto en banquinas y en predio de Zona VI (CEVIS),,,"3,00",,
si,17/7/2025,MANTENIMIENTO DE PAVIMENTOS,RP30,"415,00","417,00",CAMIÓN,R.O.,41020,CAMIONETA,R.O.,44808,CAMIONETA,R.O.,26395,,,,,,,,RP30 17-07-25,,"2,00",,
si,18/7/2025,MANTENIMIENTO DE PAVIMENTOS,RP30,"414,00","418,00",CAMIÓN,R.O.,41020,CAMIONETA,R.O.,44808,CAMIONETA,R.O.,26395,,,,,,,Continuación de tareas de bacheo del día 17/07/25,18-07-25 RP30,,"4,00",,
si,18/7/2025,CAMINOS RURALES,109-07,"0,00","4,00",MOTONIVELADORA,O.I.,22108,CAMIONETA,R.O.,52501,,,,,,,,,,,18-07-25 Pedernales,,"4,00",,
si,21/7/2025,SEÑALIZACIÓN Y DEMARCACIÓN (Horizontal y Vertical),RP41,"188,00","192,00",CAMIONETA,R.O.,51385,,,,,,,,,,,,,Colocación de señalización de curvas en acceso a Laguna de Navarro,,,"4,00",,
si,21/7/2025,MANTENIMIENTO DE PAVIMENTOS,RP51,"240,00","244,00",CAMIÓN,R.O.,41020,CAMIONETA,R.O.,44808,CAMIONETA,R.O.,26395,,,,,,,,,,"4,00",,
si,22/7/2025,MANTENIMIENTO DE PAVIMENTOS,RP91,"9,00","12,00",CAMIÓN,R.O.,41020,CAMIONETA,R.O.,44808,CAMIONETA,R.O.,26395,,,,,,,,,,"3,00",,
si,23/7/2025,MANTENIMIENTO DE PAVIMENTOS,RP30,"418,00","420,00",CAMIÓN,R.O.,41020,CAMIONETA,R.O.,44808,CAMIONETA,R.O.,26395,,,,,,,,,,"2,00",,
si,23/7/2025,CAMINOS RURALES,093-08,"15,00","17,00",MOTONIVELADORA,O.I.,22108,CAMIONETA,R.O.,52501,,,,,,,,,,,,,"2,00",,
si,24/7/2025,MANTENIMIENTO DE PAVIMENTOS,RP30,"419,00","422,00",CAMIÓN,R.O.,41020,CAMIONETA,R.O.,44808,CAMIONETA,R.O.,26395,,,,,,,,,,"3,00",,
si,24/7/2025,CAMINOS RURALES,093-08,"17,00","19,00",MOTONIVELADORA,O.I.,22108,CAMIONETA,R.O.,52501,,,,,,,,,,,,,"2,00",,
si,28/7/2025,MANTENIMIENTO DE PAVIMENTOS,RP30,"422,00","425,00",CAMIÓN,R.O.,41020,CAMIONETA,R.O.,44808,,,,,,,,,,,,,"3,00",,
si,28/7/2025,CAMINOS RURALES,093-08,"19,00","21,00",MOTONIVELADORA,O.I.,22108,CAMIONETA,R.O.,52501,,,,,,,,,,,,,"2,00",,
si,29/7/2025,MANTENIMIENTO DE PAVIMENTOS,RP30,"425,00","427,00",CAMIONETA,R.O.,44808,CAMIÓN,R.O.,41020,,,,,,,,,,,,,"2,00",,
si,29/7/2025,MANTENIMIENTO DE PAVIMENTOS,RP51,"239,00","242,00",CAMIÓN,R.O.,40990,,,,,,,,,,,,,,,,"3,00",,
si,29/7/2025,CAMINOS RURALES,093-08,"21,00","23,00",MOTONIVELADORA,O.I.,22108,CAMIONETA,R.O.,31556,,,,,,,,,,,,,"2,00",,
si,30/7/2025,MANTENIMIENTO DE PAVIMENTOS,RP51,"237,00","239,00",CAMIÓN,R.O.,41020,CAMIONETA,R.O.,44808,,,,,,,,,,,,,"2,00",,
si,30/7/2025,CAMINOS RURALES,093-08,"23,00","25,00",MOTONIVELADORA,O.I.,22108,CAMIONETA,R.O.,51423,,,,,,,,,,,,,"2,00",,
si,4/8/2025,MANTENIMIENTO DE PAVIMENTOS,RP51,"318,00","319,00",CAMIÓN,R.O.,41020,CAMIONETA,R.O.,44808,CAMIONETA,R.O.,26395,,,,,,,,04-08-2025,,"1,00",,
si,4/8/2025,CORTE DE PASTO,RP51,"282,00","283,00",TRACTOR,O.I.,21806,DESMALEZADORA,O.I.,21803,,,,,,,,,,"Corte de pasto en Rot. ""La Gallareta""",,,"1,00",,
si,4/8/2025,CORTE DE PASTO,RP91,"8,50","9,50",TRACTOR,O.I.,21806,DESMALEZADORA,O.I.,21803,,,,,,,,,,"Corte de pasto en Rot. ""La Campana""",,,"1,00",,
si,5/8/2025,CAMINOS RURALES,093-08,"4,00","6,00",MOTONIVELADORA,O.I.,22108,CAMIONETA,R.O.,52501,,,,,,,,,,,05-08-25 093-08,,"2,00",,
si,5/8/2025,MANTENIMIENTO DE PAVIMENTOS,RP51,"333,00","340,00",CAMIÓN,R.O.,41020,CAMIONETA,R.O.,44808,,,,,,,,,,,05-08-25 RP51,,"7,00",,
si,5/8/2025,CORTE DE PASTO,RP91,"0,00","9,00",TRACTOR,O.I.,21806,DESMALEZADORA,O.I.,21803,,,,,,,,,,,05-08-25 RP91,,"9,00",,
si,6/8/2025,CAMINOS RURALES,093-08,"6,00","8,00",MOTONIVELADORA,O.I.,22108,CAMIONETA,R.O.,31556,,,,,,,,,,,,,"2,00",,
si,6/8/2025,MANTENIMIENTO DE PAVIMENTOS,RP51,"278,00","279,00",CAMIÓN,R.O.,41020,CAMIONETA,R.O.,44808,CAMIONETA,R.O.,26395,,,,,,,,,,"1,00",,
si,6/8/2025,MANTENIMIENTO DE PAVIMENTOS,RP51,"317,00","320,00",CAMIÓN,R.O.,41020,CAMIONETA,R.O.,44808,CAMIONETA,R.O.,26395,,,,,,,,,,"3,00",,
si,6/8/2025,CORTE DE PASTO,RP51,"277,50","279,00",TRACTOR,O.I.,21715,,,,,,,,,,,,,Disqueado de banquinas.,,,"1,50",,
si,7/8/2025,MANTENIMIENTO DE PAVIMENTOS,093-03,"2,00","4,00",CAMIÓN,R.O.,41020,CAMIONETA,R.O.,44808,CAMIÓN,R.O.,18785,,,,,,,"Bacheo en ""Acc. a Del Carril""",,,"2,00",,
si,7/8/2025,CAMINOS RURALES,093-08,"8,00","10,00",MOTONIVELADORA,O.I.,22108,CAMIONETA,R.O.,31556,,,,,,,,,,,,,"2,00",,
si,7/8/2025,CALZADO DE BANQUINAS,RP51,"279,00","279,60",MOTONIVELADORA,O.I.,2066,,,,,,,,,,,,,,,,"0,60",,
si,7/8/2025,SEÑALIZACIÓN Y DEMARCACIÓN (Horizontal y Vertical),RP51,"256,00","257,00",CAMIONETA,R.O.,26395,,,,,,,,,,,,,,,,"1,00",,
si,7/8/2025,CORTE DE PASTO,RP91,"0,00","6,00",TRACTOR,O.I.,21715,DESMALEZADORA,O.I.,21803,,,,,,,,,,,,,"6,00",,
si,8/8/2025,MANTENIMIENTO DE PAVIMENTOS,RP51,"277,00","280,00",CAMIÓN,R.O.,18785,,,,,,,,,,,,,,,,"3,00",,
si,8/8/2025,MANTENIMIENTO DE PAVIMENTOS,093-03,"4,00","6,00",CAMIÓN,R.O.,41020,CAMIONETA,R.O.,26395,,,,,,,,,,,,,"2,00",,
si,8/8/2025,CORTE DE PASTO,RP91,"8,00","10,00",TRACTOR,O.I.,21715,DESMALEZADORA,O.I.,21803,,,,,,,,,,,,,"2,00",,
si,11/8/2025,CORTE DE PASTO,093-13,"1,00","2,00",CAMIONETA,R.O.,26395,,,,,,,,,,,,,"Corte de ramas, desmalezado de cunetas. Camino secundario 093-13 (no está registrado en la base de datos del formulario).",,,"1,00",,
si,12/8/2025,CALZADO DE BANQUINAS,093-13,"0,00","0,20",MOTONIVELADORA,O.I.,2066,PALA CARGADORA FRONTAL,O.I.,22127,CAMIÓN,R.O.,41020,CAMIÓN,R.O.,18785,CAMIONETA,R.O.,37073,Camino secundario 093-13 (no está registrado en la base de datos del formulario).,12-08-25,,"0,20",,
si,12/8/2025,SEÑALIZACIÓN Y DEMARCACIÓN (Horizontal y Vertical),RP30,"263,00","264,00",CAMIONETA,R.O.,26395,,,,,,,,,,,,,,,,"1,00",,
si,13/8/2025,CALZADO DE BANQUINAS,093-13,"0,20","0,50",MOTONIVELADORA,O.I.,2066,PALA CARGADORA FRONTAL,O.I.,22127,CAMIÓN,R.O.,41020,CAMIÓN,R.O.,18785,CAMIONETA,R.O.,37073,Camino secundario 093-13 (no está registrado en la base de datos del formulario).,13-08-25,,"0,30",,
si,14/8/2025,CALZADO DE BANQUINAS,093-13,"0,50","0,70",MOTONIVELADORA,O.I.,2066,PALA CARGADORA FRONTAL,O.I.,22127,CAMIÓN,R.O.,41020,CAMIÓN,R.O.,18785,CAMIONETA,R.O.,37073,Camino secundario 093-13 (no está registrado en la base de datos del formulario).,14-08-25,,"0,20",,
si,14/8/2025,CAMINOS RURALES,RP44,"30,00","31,70",MOTONIVELADORA,O.I.,22108,,,,,,,,,,,,,,14-08-25 Villa Moll,,"1,70",,
si,15/8/2025,CAMINOS RURALES,RP44,"31,70","34,40",MOTONIVELADORA,O.I.,22108,,,,,,,,,,,,,,15-08-25 Navarro,,"2,70",,
si,18/8/2025,CALZADO DE BANQUINAS,093-13,"0,50","0,70",MOTONIVELADORA,O.I.,2066,PALA CARGADORA FRONTAL,O.I.,22127,CAMIÓN,R.O.,41020,CAMIÓN,R.O.,18785,CAMIONETA,R.O.,37073,Camino secundario 093-13 (no está registrado en la base de datos del formulario).,,,"0,20",,
si,22/8/2025,MANTENIMIENTO DE PAVIMENTOS,RP51,"273,00","276,00",CAMIÓN,R.O.,41020,CAMIONETA,R.O.,26395,CAMIONETA,R.O.,31556,,,,,,,,22-08-25 RP51,,"3,00",,
si,25/8/2025,MANTENIMIENTO DE PAVIMENTOS,RP51,"229,00","235,00",CAMIÓN,R.O.,41020,CAMIONETA,R.O.,31556,CAMIONETA,R.O.,37073,,,,,,,,,,"6,00",,
si,26/8/2025,MANTENIMIENTO DE PAVIMENTOS,RP51,"220,00","225,00",CAMIÓN,R.O.,41020,CAMIONETA,R.O.,31556,CAMIONETA,R.O.,37073,,,,,,,,,,"5,00",,
si,27/8/2025,MANTENIMIENTO DE PAVIMENTOS,RP30,"422,00","425,00",CAMIÓN,R.O.,41020,CAMIONETA,R.O.,44808,CAMIONETA,R.O.,31556,,,,,,,,,,"3,00",,
si,27/8/2025,CALZADO DE BANQUINAS,093-13,"0,70","1,00",MOTONIVELADORA,O.I.,2066,PALA CARGADORA FRONTAL,O.I.,22127,CAMIÓN,R.O.,18785,CAMIONETA,R.O.,29792,,,,Camino secundario 093-13 (no está registrado en la base de datos del formulario).,27-08-25 093-13,,"0,30",,
si,28/8/2025,MANTENIMIENTO DE PAVIMENTOS,RP30,"425,00","427,00",CAMIÓN,R.O.,41020,CAMIONETA,R.O.,44808,CAMIONETA,R.O.,31556,,,,,,,,,,"2,00",,
si,28/8/2025,CALZADO DE BANQUINAS,093-13,"1,00","1,15",MOTONIVELADORA,O.I.,2066,PALA CARGADORA FRONTAL,O.I.,22127,CAMIÓN,R.O.,18785,CAMIONETA,R.O.,29792,,,,,,,"0,15",,
si,29/8/2025,CALZADO DE BANQUINAS,093-13,"1,10","1,20",MOTONIVELADORA,O.I.,2066,PALA CARGADORA FRONTAL,O.I.,22127,CAMIÓN,R.O.,18785,CAMIONETA,R.O.,29792,,,,Camino secundario 093-13 (no está registrado en la base de datos del formulario).,29-08-25 093-13,,"0,10",,
si,2/9/2025,MANTENIMIENTO DE PAVIMENTOS,RP30,"427,00","430,00",CAMIÓN,R.O.,41020,CAMIONETA,R.O.,26395,CAMIÓN,R.O.,31556,,,,,,,,02-09-25 RP30,,"3,00",,
si,3/9/2025,MANTENIMIENTO DE PAVIMENTOS,RP51,"340,00","345,00",CAMIÓN,R.O.,41020,CAMIONETA,R.O.,44808,CAMIONETA,R.O.,26395,,,,,,,,03-09-25 RP51,,"5,00",,
si,4/9/2025,MANTENIMIENTO DE PAVIMENTOS,RP30,"270,00","275,00",CAMIÓN,R.O.,41020,CAMIONETA,R.O.,44808,CAMIONETA,R.O.,26395,,,,,,,,04-09-25 RP30,,"5,00",,
si,5/9/2025,MANTENIMIENTO DE PAVIMENTOS,RP51,"278,00","279,00",CAMIÓN,R.O.,41020,CAMIONETA,R.O.,31556,CAMIONETA,R.O.,26395,,,,,,,,,,"1,00",,
si,5/9/2025,MANTENIMIENTO DE PAVIMENTOS,093-02,"0,00","4,00",CAMIÓN,R.O.,18785,CAMIONETA,R.O.,29792,,,,,,,,,,,,,"4,00",,
si,8/9/2025,MANTENIMIENTO DE PAVIMENTOS,RP30,"265,00","270,00",CAMIÓN,R.O.,41020,CAMIONETA,R.O.,31556,CAMIONETA,R.O.,26395,,,,,,,,,,"5,00",,
si,8/9/2025,CAMINOS RURALES,093-08,"0,00","4,00",MOTONIVELADORA,O.I.,2066,,,,,,,,,,,,,,,,"4,00",,
si,9/9/2025,CAMINOS RURALES,093-08,"4,00","8,00",MOTONIVELADORA,O.I.,2066,,,,,,,,,,,,,,09-09-25 093-08,,"4,00",,
si,9/9/2025,,RP51,"255,00","255,01",CAMIÓN,R.O.,41020,PALA CARGADORA FRONTAL,O.I.,22127,,,,,,,,,,Traslado de vehículo quemado en banquina con carretón (O.I.: 22121),09-09-25 RP51,,"0,01",,
si,9/9/2025,CALZADO DE BANQUINAS,RP51,"255,50","256,50",PALA CARGADORA FRONTAL,O.I.,22127,CAMIÓN,R.O.,41020,CAMIONETA,R.O.,44808,,,,,,,,09-09-25 RP51 Calzado banquinas,,"1,00",,
si,9/9/2025,SEÑALIZACIÓN Y DEMARCACIÓN (Horizontal y Vertical),RP51,"256,00","256,70",CAMIONETA,R.O.,26395,,,,,,,,,,,,,,09-09-25 RP51 Señalización curva,,"0,70",,
si,9/9/2025,CORTE DE PASTO,RP51,"266,00","276,00",TRACTOR,O.I.,21806,DESMALEZADORA,O.I.,21803,CAMIONETA,R.O.,29792,,,,,,,,,,"10,00",,
si,10/9/2025,CORTE DE PASTO,093-08,"1,00","2,00",CAMIONETA,R.O.,44808,,,,,,,,,,,,,Desmalezado manual.,,,"1,00",,
si,10/9/2025,CAMINOS RURALES,093-08,"8,00","12,00",MOTONIVELADORA,O.I.,2066,CAMIONETA,R.O.,52501,,,,,,,,,,,10-09-25 093-08,,"4,00",,
si,10/9/2025,CORTE DE PASTO,RP51,"255,00","266,00",TRACTOR,O.I.,21715,DESMALEZADORA,O.I.,21803,CAMIONETA,R.O.,31556,,,,,,,,10-09-25 RP51 Corte de Paso y Señalización,,"11,00",,
si,10/9/2025,,RP51,"338,00","338,10",CAMIÓN,R.O.,41020,PALA CARGADORA FRONTAL,O.I.,22127,,,,,,,,,,Traslado de vehículo quemado en banquina con carretón (O.I.: 22121),10-09-25 RP51,,"0,10",,
si,10/9/2025,SEÑALIZACIÓN Y DEMARCACIÓN (Horizontal y Vertical),RP51,"262,00","263,00",CAMIONETA,R.O.,26395,,,,,,,,,,,,,Colocación de señalización en curva.,10-09-25 RP51 Corte de Paso y Señalización,,"1,00",,
si,11/9/2025,CAMINOS RURALES,093-08,"12,00","14,00",MOTONIVELADORA,O.I.,2066,CAMIONETA,R.O.,52501,,,,,,,,,,,,,"2,00",,
si,11/9/2025,MANTENIMIENTO DE PAVIMENTOS,RP41,"139,00","145,00",CAMIÓN,R.O.,41020,CAMIONETA,R.O.,44808,CAMIONETA,O.I.,1307,,,,,,,,11-09-25 RP41,,"6,00",,
si,11/9/2025,CORTE DE PASTO,RP51,"250,00","255,00",TRACTOR,R.O.,21715,DESMALEZADORA,O.I.,21803,CAMIONETA,R.O.,31556,,,,,,,,,,"5,00",,
si,12/9/2025,CORTE DE PASTO,093-08,"1,00","1,20",CAMIONETA,R.O.,44808,,,,,,,,,,,,,Desmalezado manual.,12-09-25 093-08 ACC. EL CRISTO,,"0,20",,
si,12/9/2025,CORTE DE PASTO,RP51,"245,00","250,00",TRACTOR,O.I.,21715,DESMALEZADORA,O.I.,21803,CAMIONETA,R.O.,31556,,,,,,,No se registran imágenes fotográficas.,,,"5,00",,
si,12/9/2025,,RP51,"299,00","299,01",CAMIÓN,R.O.,41020,PALA CARGADORA FRONTAL,O.I.,22127,,,,,,,,,,Traslado de vehículo quemado en banquina con carretón (O.I.: 22121),12-09-25 RP51,,"0,01",,
si,12/9/2025,CAMINOS RURALES,093-08,"14,00","16,00",MOTONIVELADORA,O.I.,2066,CAMIONETA,R.O.,51423,,,,,,,,,,No se registran imágenes fotográficas.,,,"2,00",,
si,15/9/2025,CORTE DE PASTO,RP51,"240,00","245,00",TRACTOR,O.I.,21715,DESMALEZADORA,O.I.,21803,CAMIONETA,R.O.,31556,,,,,,,No se registran imágenes fotográficas.,,,"5,00",,
si,16/9/2025,CAMINOS RURALES,093-08,"16,00","18,00",MOTONIVELADORA,O.I.,2066,CAMIONETA,R.O.,51423,,,,,,,,,,,16-09-25 093-08,,"2,00",,
si,16/9/2025,CORTE DE PASTO,RP51,"220,00","240,00",TRACTOR,O.I.,21715,DESMALEZADORA,O.I.,21803,CAMIONETA,R.O.,31556,,,,,,,,16-09-25 RP51 y Cno. 093-08 Corte de pasto,,"20,00",,
si,16/9/2025,CORTE DE PASTO,093-08,"1,20","1,40",CAMIONETA,R.O.,29792,,,,,,,,,,,,,Desmalezado manual.,16-09-25 RP51 y Cno. 093-08 Corte de pasto,,"0,20",,
si,17/9/2025,CORTE DE PASTO,RP51,"214,00","220,00",TRACTOR,O.I.,21715,DESMALEZADORA,O.I.,21803,CAMIONETA,R.O.,31556,,,,,,,No se registran imágenes fotográficas.,,,"6,00",,
si,17/9/2025,CAMINOS RURALES,093-08,"18,00","20,00",MOTONIVELADORA,O.I.,2066,CAMIONETA,R.O.,51423,,,,,,,,,,No se registran imágenes fotográficas.,,,"2,00",,
si,17/9/2025,SEÑALIZACIÓN Y DEMARCACIÓN (Horizontal y Vertical),RP51,"244,00","244,01",CAMIONETA,R.O.,26395,,,,,,,,,,,,,No se registran imágenes fotográficas.,,,"0,01",,
si,17/9/2025,CORTE DE PASTO,093-08,"1,40","1,60",CAMIONETA,R.O.,44808,,,,,,,,,,,,,Desmalezado manual. No se registran imágenes fotográficas.,,,"0,20",,
si,18/9/2025,CAMINOS RURALES,093-08,"20,00","22,00",MOTONIVELADORA,O.I.,2066,CAMIONETA,R.O.,51423,,,,,,,,,,No se registran imágenes fotográficas.,,,"2,00",,
si,22/9/2025,SEÑALIZACIÓN Y DEMARCACIÓN (Horizontal y Vertical),RP51,"321,00","322,00",CAMIONETA,R.O.,26395,,,,,,,,,,,,,,22-09-25 RP51,,"1,00",,
si,22/9/2025,MANTENIMIENTO DE PAVIMENTOS,RP61,"138,00","142,00",CAMIÓN,R.O.,41020,CAMIONETA,R.O.,44808,CAMIONETA,R.O.,31556,,,,,,,,22-09-25 RP61,,"4,00",,
si,22/9/2025,MANTENIMIENTO DE PAVIMENTOS,RP51,"319,00","321,00",CAMIÓN,R.O.,41020,CAMIONETA,R.O.,44808,CAMIONETA,R.O.,31556,,,,,,,No se registran imágenes fotográficas.,,,"2,00",,
no,22/9/2025,CORTE DE PASTO,RP41,"160,00","164,00",TRACTOR,O.I.,9734,,,,,,,,,,,,,No se registran imágenes fotográficas.,,,"4,00",,
no,22/9/2025,SEÑALIZACIÓN Y DEMARCACIÓN (Horizontal y Vertical),RP51,"322,00","323,00",CAMIONETA,R.O.,26395,,,,,,,,,,,,,,22-09-25 RP51,,"1,00",,
no,23/9/2025,CAMINOS RURALES,093-08,"22,00","24,00",MOTONIVELADORA,O.I.,2066,CAMIONETA,R.O.,51423,,,,,,,,,,No se registran imágenes fotográficas.,,,"2,00",,
no,23/9/2025,MANTENIMIENTO DE PAVIMENTOS,RP51,"320,00","330,00",CAMIÓN,R.O.,41020,CAMIONETA,R.O.,31556,CAMIONETA,R.O.,44808,,,,,,,No se registran imágenes fotográficas.,,,"10,00",,
no,23/9/2025,CORTE DE PASTO,093-13,"6,00","10,00",TRACTOR,R.O.,21806,DESMALEZADORA,O.I.,21803,,,,,,,,,,,23-09-25 Cno. 093-13,,"4,00",,
no,24/9/2025,CAMINOS RURALES,093-08,"24,00","26,00",MOTONIVELADORA,O.I.,2066,CAMIONETA,R.O.,51423,,,,,,,,,,No se registran imágenes fotográficas.,,,"2,00",,
no,24/9/2025,MANTENIMIENTO DE PAVIMENTOS,RP51,"260,00","290,00",CAMIÓN,R.O.,41020,CAMIONETA,R.O.,44808,CAMIONETA,R.O.,31556,,,,,,,No se registran imágenes fotográficas.,,,"30,00",,
no,24/9/2025,CALZADO DE BANQUINAS,093-13,"0,00","4,00",TRACTOR,R.O.,21806,DESMALEZADORA,O.I.,21803,,,,,,,,,,,24-09-25 Cno. 093-13 Rot. La Campana,,"4,00",,
no,24/9/2025,SEÑALIZACIÓN Y DEMARCACIÓN (Horizontal y Vertical),093-13,"2,00","3,00",CAMIONETA,R.O.,26395,,,,,,,,,,,,,,,,"1,00",,
,,,,,,,,,,,,,,,,,,,,,,,,"0,00",,
,,,,,,,,,,,,,,,,,,,,,,,,"0,00",,
,,,,,,,,,,,,,,,,,,,,,,,,"0,00",,
,,,,,,,,,,,,,,,,,,,,,,,,"0,00",,
,,,,,,,,,,,,,,,,,,,,,,,,"0,00",,
,,,,,,,,,,,,,,,,,,,,,,,,"0,00",,
,,,,,,,,,,,,,,,,,,,,,,,,"0,00",,
,,,,,,,,,,,,,,,,,,,,,,,,"0,00",,
no,25/9/2025,,,,,,,,,,,,,,,,,,,,,,,"0,00",,
,,,,,,,,,,,,,,,,,,,,,,,,"0,00",,
,,,,,,,,,,,,,,,,,,,,,,,,"0,00",,
,,,,,,,,,,,,,,,,,,,,,,,,"0,00",,
,,,,,,,,,,,,,,,,,,,,,,,,"0,00",,
,,,,,,,,,,,,,,,,,,,,,,,,"0,00",,
,,,,,,,,,,,,,,,,,,,,,,,,"0,00",,
,,,,,,,,,,,,,,,,,,,,,,,,"0,00",,
,,,,,,,,,,,,,,,,,,,,,,,,"0,00",,
,,,,,,,,,,,,,,,,,,,,,,,,"0,00",,
,,,,,,,,,,,,,,,,,,,,,,,,"0,00",,
,,,,,,,,,,,,,,,,,,,,,,,,"0,00",,
,,,,,,,,,,,,,,,,,,,,,,,,"0,00",,
,,,,,,,,,,,,,,,,,,,,,,,,0,,
si,1/10/2025,CORTE DE PASTO,093-08,"1,00","4,00",TRACTOR,O.I.,21503,,,,,,,,,,,,,No se registran imágenes fotográficas.,,,"3,00",,
si,1/10/2025,CORTE DE PASTO,093-08,"1,00","2,00",CAMIONETA,R.O.,44808,,,,,,,,,,,,,Desmalezado manual en acceso. No se registran imágenes fotográficas.,,,"1,00",,
si,1/10/2025,CORTE DE PASTO,RP51,"277,00","284,00",TRACTOR,O.I.,21806,DESMALEZADORA,R.O.,21803,CAMIONETA,R.O.,41020,,,,,,,No se registran imágenes fotográficas.,,,"7,00",,
si,2/10/2025,CORTE DE PASTO,093-08,"2,00","3,00",CAMIONETA,R.O.,44808,,,,,,,,,,,,,Desmalezado manual en acceso.,02-10-25 corte pasto Cno 093-08,,"1,00",,
si,2/10/2025,CORTE DE PASTO,RP51,"245,00","260,00",TRACTOR,R.O.,21806,DESMALEZADORA,O.I.,21803,CAMIONETA,R.O.,31556,,,,,,,,02-10-25 corte pasto RP51,,"15,00",,
si,2/10/2025,CORTE DE PASTO,093-13,"0,00","4,00",TRACTOR,R.O.,21503,,,,,,,,,,,,,No se registran imágenes fotográficas. Camino secundario 093-13 (no está registrado en la base de datos del formulario).,,,"4,00",,
si,2/10/2025,REPARACIÓN DE ALCANTARILLAS,RP46,"13,00","13,10",PALA CARGADORA FRONTAL,O.I.,22127,CAMIÓN,R.O.,41020,CAMIÓN,R.O.,18785,,,,,,,No se registran imágenes fotográficas.,,,"0,10",,
si,6/10/2025,CORTE DE PASTO,RP51,"230,00","245,00",TRACTOR,R.O.,21806,DESMALEZADORA,O.I.,21803,CAMIONETA,R.O.,31556,,,,,,,No se registran imágenes fotográficas.,,,"15,00",,
si,6/10/2025,MANTENIMIENTO DE PAVIMENTOS,093-03,"1,00","5,00",CAMIONETA,R.O.,44808,CAMIÓN,R.O.,41020,,,,,,,,,,No se registran imágenes fotográficas.,,,"4,00",,
si,7/10/2025,MANTENIMIENTO DE PAVIMENTOS,093-03,"0,00","7,00",CAMIONETA,R.O.,44808,CAMIÓN,R.O.,41020,,,,,,,,,,,07-10-25 bacheo Cno 093-03,,"7,00",,
si,7/10/2025,CORTE DE PASTO,RP51,"213,00","230,00",TRACTOR,O.I.,21806,DESMALEZADORA,O.I.,21803,CAMIONETA,R.O.,31556,,,,,,,No se registran imágenes fotográficas.,,,"17,00",,
,,,,,,,,,,,,,,,,,,,,,,,,"0,00",,
,,,,,,,,,,,,,,,,,,,,,,,,"0,00",,
,,,,,,,,,,,,,,,,,,,,,,,,"0,00",,
,,,,,,,,,,,,,,,,,,,,,,,,"0,00",,
,,,,,,,,,,,,,,,,,,,,,,,,"0,00",,
,,,,,,,,,,,,,,,,,,,,,,,,"0,00",,
,,,,,,,,,,,,,,,,,,,,,,,,"0,00",,
,,,,,,,,,,,,,,,,,,,,,,,,"0,00",,
,,,,,,,,,,,,,,,,,,,,,,,,"0,00",,
,,,,,,,,,,,,,,,,,,,,,,,,"0,00",,
,,,,,,,,,,,,,,,,,,,,,,,,"0,00",,
,,,,,,,,,,,,,,,,,,,,,,,,"0,00",,
,,,,,,,,,,,,,,,,,,,,,,,,"0,00",,
,,,,,,,,,,,,,,,,,,,,,,,,"0,00",,
,,,,,,,,,,,,,,,,,,,,,,,,"0,00",,
,,,,,,,,,,,,,,,,,,,,,,,,"0,00",,
,,,,,,,,,,,,,,,,,,,,,,,,"0,00",,
,,,,,,,,,,,,,,,,,,,,,,,,"0,00",,
,,,,,,,,,,,,,,,,,,,,,,,,"0,00",,
,,,,,,,,,,,,,,,,,,,,,,,,"0,00",,
,,,,,,,,,,,,,,,,,,,,,,,,"0,00",,
,,,,,,,,,,,,,,,,,,,,,,,,"0,00",,
,,,,,,,,,,,,,,,,,,,,,,,,"0,00",,
,,,,,,,,,,,,,,,,,,,,,,,,"0,00",,
,,,,,,,,,,,,,,,,,,,,,,,,"0,00",,
,,,,,,,,,,,,,,,,,,,,,,,,"0,00",,
,,,,,,,,,,,,,,,,,,,,,,,,"0,00",,
,,,,,,,,,,,,,,,,,,,,,,,,"0,00",,
,,,,,,,,,,,,,,,,,,,,,,,,"0,00",,
,,,,,,,,,,,,,,,,,,,,,,,,"0,00",,
,,,,,,,,,,,,,,,,,,,,,,,,"0,00",,
,,,,,,,,,,,,,,,,,,,,,,,,"0,00",,
si,3/11/2025,CORTE DE PASTO,RP91,"0,00","10,00",TRACTOR,O.I.,9667,,,,,,,,,,,,,No se registran imágenes fotográficas.,,,"10,00",,
si,3/11/2025,CORTE DE PASTO,RP91,"10,00","25,00",TRACTOR,O.I.,21806,DESMALEZADORA,O.I.,21803,CAMIONETA,R.O.,31556,,,,,,,No se registran imágenes fotográficas.,,,"15,00",,
si,3/11/2025,SEÑALIZACIÓN Y DEMARCACIÓN (Horizontal y Vertical),RP91,"9,00","9,50",CAMIONETA,R.O.,26395,,,,,,,,,,,,,,03-11-25 RP91 alcantarilla y rot la campana,,"0,50",,
si,5/11/2025,CORTE DE PASTO,RP91,"25,00","35,00",TRACTOR,O.I.,21806,DESMALEZADORA,O.I.,21803,CAMIONETA,R.O.,31556,,,,,,,No se registran imágenes fotográficas.,,,"10,00",,
si,6/11/2025,CORTE DE PASTO,RP51,"279,00","284,00",TRACTOR,O.I.,9667,,,,,,,,,,,,,No se registran imágenes fotográficas.,,,"5,00",,
si,6/11/2025,CORTE DE PASTO,RP91,"35,00","45,00",TRACTOR,O.I.,21806,DESMALEZADORA,O.I.,21803,CAMIONETA,R.O.,31556,,,,,,,No se registran imágenes fotográficas.,,,"10,00",,
si,10/11/2025,MANTENIMIENTO DE PAVIMENTOS,RP51,"319,00","321,00",CAMIÓN,R.O.,41020,CAMIONETA,R.O.,44808,,,,,,,,,,,si,,"2,00",,
si,10/11/2025,CORTE DE PASTO,RP91,"45,00","52,00",TRACTOR,O.I.,21806,DESMALEZADORA,O.I.,21803,CAMIONETA,R.O.,31556,,,,,,,No se registran imágenes fotográficas.,,,"7,00",,
si,11/11/2025,MANTENIMIENTO DE PAVIMENTOS,RP91,"41,00","45,00",CAMIÓN,R.O.,41020,CAMIONETA,R.O.,44808,,,,,,,,,,No se registran imágenes fotográficas.,,,"4,00",,
si,11/11/2025,CORTE DE PASTO,RP61,"56,00","62,00",TRACTOR,O.I.,21806,DESMALEZADORA,O.I.,21803,CAMIONETA,R.O.,31556,,,,,,,No se registran imágenes fotográficas.,,,"6,00",,
si,11/11/2025,MANTENIMIENTO DE PAVIMENTOS,RP30,"282,00","288,00",CAMIÓN,R.O.,41020,CAMIONETA,R.O.,44808,,,,,,,,,,,si,,"6,00",,
si,12/11/2025,CORTE DE PASTO,RP30,"280,00","288,00",TRACTOR,O.I.,21806,DESMALEZADORA,O.I.,21803,CAMIONETA,R.O.,31556,,,,,,,El tramo ejecutado es en RP30 aunque el tag de la fotografía indica RP61 por referencias erróneas de Google Maps.,si,,"8,00",,
si,12/11/2025,CORTE DE PASTO,RP51,"283,00","293,00",TRACTOR,O.I.,9667,CAMIONETA,R.O.,44808,,,,,,,,,,La desmalezadora no cuenta con RO/OI indentificable,si,,"10,00",,
si,13/11/2025,REPARACIÓN DE ALCANTARILLAS,RP46,"16,00","16,01",CAMIÓN,R.O.,41020,PALA CARGADORA FRONTAL,O.I.,22127,CAMIONETA,R.O.,44808,,,,,,,,si,,"0,01",,
si,13/11/2025,CAMINOS RURALES,093-08,"4,00","7,00",MOTONIVELADORA,O.I.,2066,,,,,,,,,,,,,,si,,"3,00",,
si,13/11/2025,CORTE DE PASTO,RP91,"42,00","52,00",TRACTOR,O.I.,21806,DESMALEZADORA,O.I.,21803,CAMIONETA,R.O.,31556,,,,,,,Trayecto por mano opuesta (de progresiva superior a inferior),no,,"10,00",,
si,13/11/2025,CORTE DE PASTO,RP51,"293,00","303,00",TRACTOR,O.I.,9667,CAMIONETA,R.O.,29792,,,,,,,,,,,no,,"10,00",,
si,14/11/2025,CAMINOS RURALES,093-08,"7,00","10,00",MOTONIVELADORA,O.I.,2066,,,,,,,,,,,,,,si,,"3,00",,
si,14/11/2025,CORTE DE PASTO,RP91,"26,00","42,00",TRACTOR,O.I.,21806,DESMALEZADORA,O.I.,21803,CAMIONETA,R.O.,31556,,,,,,,,no,,"16,00",,
si,14/11/2025,CORTE DE PASTO,RP51,"303,00","313,00",TRACTOR,O.I.,9667,CAMIONETA,R.O.,29792,,,,,,,,,,,no,,"10,00",,
si,14/11/2025,REPARACIÓN DE ALCANTARILLAS,RP46,"16,00","16,01",CAMIÓN,R.O.,41020,PALA CARGADORA FRONTAL,O.I.,22127,CAMIONETA,R.O.,44808,,,,,,,,si,,"0,01",,
si,17/11/2025,CORTE DE PASTO,RP91,"10,00","26,00",TRACTOR,O.I.,21806,DESMALEZADORA,O.I.,21803,CAMIONETA,R.O.,29792,,,,,,,,no,,"16,00",,
si,18/11/2025,MANTENIMIENTO DE PAVIMENTOS,RP30,"415,00","425,00",CAMIÓN,R.O.,41020,CAMIONETA,R.O.,44808,,,,,,,,,,,si,,"10,00",,
si,18/11/2025,CORTE DE PASTO,RP91,"0,00","10,00",TRACTOR,O.I.,21806,DESMALEZADORA,O.I.,21803,CAMIONETA,R.O.,29792,,,,,,,,no,,"10,00",,
si,19/11/2025,CAMINOS RURALES,093-08,"10,00","13,00",MOTONIVELADORA,O.I.,2066,CAMIONETA,R.O.,51426,,,,,,,,,,,si,,"3,00",,
si,19/11/2025,CORTE DE PASTO,093-13,"0,00","11,00",TRACTOR,O.I.,21806,DESMALEZADORA,O.I.,21803,CAMIONETA,R.O.,29792,,,,,,,Camino secundario 093-13 (no está registrado en la base de datos del formulario).,no,,"11,00",,
si,19/11/2025,MANTENIMIENTO DE PAVIMENTOS,RP30,"423,00","430,00",CAMIÓN,R.O.,41020,CAMIONETA,R.O.,44808,,,,,,,,,,,si,,"7,00",,
si,19/11/2025,MANTENIMIENTO DE PAVIMENTOS,062-02,"0,00","4,00",CAMIÓN,R.O.,18736,,,,,,,,,,,,,,no,,"4,00",,
si,20/11/2025,CAMINOS RURALES,093-08,"13,00","15,00",MOTONIVELADORA,O.I.,2066,CAMIONETA,R.O.,51423,,,,,,,,,,,no,,"2,00",,
si,20/11/2025,MANTENIMIENTO DE PAVIMENTOS,RP51,"278,00","279,00",CAMIÓN,R.O.,41020,CAMIONETA,R.O.,44808,,,,,,,,,,,si,,"1,00",,
si,25/11/2025,CORTE DE PASTO,RP51,"313,00","323,00",TRACTOR,O.I.,9667,CAMIONETA,R.O.,29792,,,,,,,,,,,no,,"10,00",,
si,25/11/2025,CAMINOS RURALES,093-08,"15,00","18,00",MOTONIVELADORA,O.I.,2066,CAMIONETA,R.O.,51423,,,,,,,,,,,si,,"3,00",,
si,26/11/2025,CAMINOS RURALES,093-08,"18,00","22,00",MOTONIVELADORA,O.I.,2066,CAMIONETA,R.O.,51423,,,,,,,,,,,no,,"4,00",,
si,26/11/2025,MANTENIMIENTO DE PAVIMENTOS,RP40,"27,00","37,00",CAMIÓN,R.O.,41020,CAMIONETA,R.O.,44808,,,,,,,,,,,si,,"10,00",,
si,26/11/2025,SEÑALIZACIÓN Y DEMARCACIÓN (Horizontal y Vertical),RP41,"193,00","193,10",CAMIONETA,R.O.,26395,,,,,,,,,,,,,,no,,"0,10",,
si,26/11/2025,CORTE DE PASTO,RP30,"272,00","282,00",TRACTOR,O.I.,21806,DESMALEZADORA,O.I.,21803,CAMIONETA,R.O.,29792,,,,,,,,no,,"10,00",,
si,27/11/2025,CORTE DE PASTO,RP30,"265,00","272,00",TRACTOR,O.I.,21806,DESMALEZADORA,O.I.,21803,CAMIONETA,R.O.,29792,,,,,,,,no,,"7,00",,
si,27/11/2025,CAMINOS RURALES,093-08,"18,00","22,00",MOTONIVELADORA,O.I.,2066,CAMIONETA,R.O.,51423,,,,,,,,,,,no,,"4,00",,
si,27/11/2025,MANTENIMIENTO DE PAVIMENTOS,RP40,"27,00","37,00",CAMIÓN,R.O.,41020,CAMIONETA,R.O.,44808,,,,,,,,,,,si,,"10,00",,
si,28/11/2025,CAMINOS RURALES,093-08,"22,00","24,00",MOTONIVELADORA,O.I.,2066,CAMIONETA,R.O.,51423,,,,,,,,,,,no,,"2,00",,
si,28/11/2025,CORTE DE PASTO,093-08,"1,00","4,00",TRACTOR,O.I.,21503,,,,,,,,,,,,,,si,,"3,00",,
si,28/11/2025,CORTE DE PASTO,RP30,"265,00","272,00",TRACTOR,O.I.,21806,DESMALEZADORA,O.I.,21803,CAMIONETA,R.O.,29792,,,,,,,Trayecto por mano opuesta (de progresiva superior a inferior),no,,"7,00",,
si,2/12/2025,MANTENIMIENTO DE PAVIMENTOS,RP51,"214,00","225,00",CAMIÓN,R.O.,41020,CAMIONETA,R.O.,44808,,,,,,,,,,,no,,"11,00",,
si,2/12/2025,CORTE DE PASTO,RP30,"272,00","287,00",TRACTOR,O.I.,21806,DESMALEZADORA,R.O.,21803,CAMIONETA,R.O.,29792,,,,,,,Trayecto por mano opuesta (de progresiva superior a inferior),no,,"15,00",,
si,2/12/2025,CAMINOS RURALES,093-08,"24,00","26,00",MOTONIVELADORA,O.I.,2066,CAMIONETA,R.O.,51423,,,,,,,,,,,si,,"2,00",,
si,2/12/2025,CORTE DE PASTO,RP51,"323,00","333,00",TRACTOR,O.I.,9667,CAMIONETA,R.O.,26395,,,,,,,,,,,no,,"10,00",,
si,3/12/2025,CAMINOS RURALES,093-08,"26,00","27,50",MOTONIVELADORA,O.I.,2066,CAMIONETA,R.O.,51423,,,,,,,,,,,no,,"1,50",,
si,3/12/2025,MANTENIMIENTO DE PAVIMENTOS,RP51,"240,00","250,00",CAMIÓN,R.O.,41020,CAMIONETA,R.O.,44808,,,,,,,,,,,si,,"10,00",,
si,3/12/2025,CORTE DE PASTO,RP51,"333,00","340,00",TRACTOR,O.I.,9667,CAMIONETA,R.O.,26395,,,,,,,,,,,no,,"7,00",,
si,4/12/2025,CAMINOS RURALES,093-08,"27,50","29,00",MOTONIVELADORA,O.I.,2066,CAMIONETA,R.O.,51423,,,,,,,,,,,no,,"1,50",,
si,4/12/2025,MANTENIMIENTO DE PAVIMENTOS,RP51,"318,00","320,00",CAMIÓN,R.O.,41020,CAMIONETA,R.O.,44808,,,,,,,,,,,si,,"2,00",,
si,4/12/2025,MANTENIMIENTO DE PAVIMENTOS,RP61,"138,00","145,00",CAMIÓN,R.O.,41020,CAMIONETA,R.O.,44808,,,,,,,,,,,si,,"7,00",,
si,4/12/2025,CAMINOS RURALES,093-08,"29,00","31,00",MOTONIVELADORA,O.I.,2066,CAMIONETA,R.O.,51423,,,,,,,,,,Regreso por mano opuesta,no,,"2,00",,
si,4/12/2025,CORTE DE PASTO,RP51,"319,00","321,00",TRACTOR,O.I.,9667,CAMIONETA,R.O.,26395,,,,,,,,,,Desmalezado en Rotonda RP51-RP61,no,,"2,00",,
si,4/12/2025,CORTE DE PASTO,RP51,"265,00","276,00",TRACTOR,O.I.,21806,DESMALEZADORA,R.O.,21803,CAMIONETA,R.O.,29792,,,,,,,,no,,"11,00",,
si,9/12/2025,CORTE DE PASTO,RP51,"250,00","265,00",TRACTOR,O.I.,21806,DESMALEZADORA,R.O.,21803,CAMIONETA,R.O.,31556,,,,,,,,no,,"15,00",,
si,9/12/2025,CORTE DE PASTO,RP51,"319,00","321,00",TRACTOR,O.I.,9667,CAMIONETA,R.O.,29792,,,,,,,,,,,no,,"2,00",,
si,9/12/2025,MANTENIMIENTO DE PAVIMENTOS,RP51,"279,00","280,00",CAMIÓN,R.O.,41020,CAMIONETA,R.O.,44808,,,,,,,,,,,no,,"1,00",,
si,10/12/2025,CORTE DE PASTO,RP51,"321,00","331,00",TRACTOR,O.I.,9667,CAMIONETA,R.O.,29792,,,,,,,,,,,no,,"10,00",,
si,10/12/2025,CORTE DE PASTO,RP51,"277,00","283,00",TRACTOR,O.I.,21806,DESMALEZADORA,R.O.,21803,CAMIONETA,R.O.,31556,,,,,,,,no,,"6,00",,
si,11/12/2025,CALZADO DE BANQUINAS,RP51,"264,00","265,00",MOTONIVELADORA,O.I.,2066,,,,,,,,,,,,,,no,,"1,00",,
si,11/12/2025,CORTE DE PASTO,RP91,"0,50","9,00",TRACTOR,O.I.,21806,DESMALEZADORA,R.O.,21803,CAMIONETA,R.O.,31556,,,,,,,,no,,"8,50",,
si,11/12/2025,CORTE DE PASTO,RP51,"331,00","339,00",TRACTOR,O.I.,9667,CAMIONETA,R.O.,52501,,,,,,,,,,,no,,"8,00",,
si,11/12/2025,,RP91,"42,00","42,10",CAMIÓN,R.O.,41020,PALA CARGADORA FRONTAL,O.I.,22127,,,,,,,,,,Retiro de vehículos abandonados,no,,"0,10",,
si,12/12/2025,CALZADO DE BANQUINAS,RP51,"264,00","265,00",MOTONIVELADORA,O.I.,2066,CAMIONETA,R.O.,51423,,,,,,,,,,,no,,"1,00",,
si,12/12/2025,CORTE DE PASTO,RP91,"0,00","0,50",TRACTOR,O.I.,21806,DESMALEZADORA,R.O.,21803,,,,,,,,,,Desmalezado en Rotonda RP51-RP91,no,,"0,50",,
si,12/12/2025,CORTE DE PASTO,RP51,"339,00","346,00",TRACTOR,O.I.,9667,CAMIONETA,R.O.,52501,,,,,,,,,,,no,,"7,00",,
si,12/12/2025,CORTE DE PASTO,093-13,"10,00","15,00",TRACTOR,O.I.,21503,,,,,,,,,,,,,Camino secundario 093-13 (no está registrado en la base de datos del formulario).,no,,"5,00",,
si,16/12/2025,CORTE DE PASTO,RP51,"336,00","346,00",TRACTOR,O.I.,9667,CAMIONETA,R.O.,44808,,,,,,,,,,Trayecto por mano opuesta (de progresiva superior a inferior),no,,"10,00",,
si,16/12/2025,CORTE DE PASTO,RP51,"244,00","256,00",TRACTOR,O.I.,21806,DESMALEZADORA,R.O.,21803,CAMIONETA,R.O.,31556,,,,,,,,no,,"12,00",,
si,16/12/2025,SEÑALIZACIÓN Y DEMARCACIÓN (Horizontal y Vertical),RP51,"279,50","279,60",CAMIONETA,O.I.,2918,,,,,,,,,,,,,,si,,"0,10",,
si,17/12/2025,CORTE DE PASTO,RP51,"230,00","244,00",TRACTOR,O.I.,21806,DESMALEZADORA,R.O.,21803,CAMIONETA,R.O.,31556,,,,,,,,no,,"14,00",,
si,17/12/2025,MANTENIMIENTO DE PAVIMENTOS,RP30,"386,00","420,00",CAMIÓN,R.O.,41020,CAMIONETA,R.O.,44808,,,,,,,,,,,no,,"34,00",,
si,17/12/2025,SEÑALIZACIÓN Y DEMARCACIÓN (Horizontal y Vertical),093-08,"9,50","9,60",CAMIONETA,O.I.,2918,,,,,,,,,,,,,,si,,"0,10",,
si,18/12/2025,CORTE DE PASTO,RP51,"230,00","244,00",TRACTOR,O.I.,21806,DESMALEZADORA,R.O.,21803,CAMIONETA,R.O.,31556,,,,,,,,no,,"14,00",,
si,18/12/2025,MANTENIMIENTO DE PAVIMENTOS,RP30,"390,00","400,00",CAMIÓN,R.O.,41020,CAMIONETA,R.O.,29792,,,,,,,,,,,no,,"10,00",,
si,18/12/2025,CORTE DE PASTO,RP51,"326,00","336,00",TRACTOR,O.I.,9667,CAMIONETA,R.O.,44808,,,,,,,,,,Trayecto por mano opuesta (de progresiva superior a inferior),no,,"10,00",,
si,19/12/2025,CORTE DE PASTO,RP51,"215,00","230,00",TRACTOR,O.I.,21806,DESMALEZADORA,R.O.,21803,CAMIONETA,R.O.,31556,,,,,,,,no,,"15,00",,
si,19/12/2025,MANTENIMIENTO DE PAVIMENTOS,RP61,"130,00","140,00",CAMIÓN,R.O.,41020,CAMIONETA,R.O.,44808,,,,,,,,,,,no,,"10,00",,
si,22/12/2025,MANTENIMIENTO DE PAVIMENTOS,093-03,"0,00","7,00",CAMIÓN,R.O.,41020,CAMIONETA,R.O.,44808,,,,,,,,,,,no,,"7,00",,
si,22/12/2025,CORTE DE PASTO,RP51,"225,00","240,00",TRACTOR,O.I.,21806,DESMALEZADORA,R.O.,21803,CAMIONETA,R.O.,31556,,,,,,,,no,,"15,00",,
si,22/12/2025,SEÑALIZACIÓN Y DEMARCACIÓN (Horizontal y Vertical),RP51,"255,50","256,00",CAMIONETA,O.I.,2918,,,,,,,,,,,,,,si,,"0,50",,
si,23/12/2025,CORTE DE PASTO,093-08,"0,00","4,00",TRACTOR,O.I.,21503,,,,,,,,,,,,,,no,,"4,00",,
si,23/12/2025,CORTE DE PASTO,RP46,"23,00","34,00",TRACTOR,O.I.,21806,DESMALEZADORA,R.O.,21803,CAMIONETA,R.O.,31556,,,,,,,,no,,"11,00",,
si,29/12/2025,CORTE DE PASTO,RP46,"10,00","23,00",TRACTOR,O.I.,21806,DESMALEZADORA,R.O.,21803,CAMIONETA,R.O.,31556,,,,,,,,no,,"13,00",,
si,29/12/2025,MANTENIMIENTO DE PAVIMENTOS,RP51,"279,00","280,00",CAMIÓN,R.O.,41020,CAMIONETA,R.O.,44808,,,,,,,,,,,no,,"1,00",,
SI,5/1/2026,MANTENIMIENTO DE PAVIMENTOS,RP61,"138,00","148,00",CAMIÓN,R.O.,41020,CAMIONETA,R.O.,44808,,,,,,,,,,,NO,,"10,00",,
SI,5/1/2026,CORTE DE PASTO,RP41,"145,00","160,00",TRACTOR,O.I.,9734,,,,,,,,,,,,,,NO,,"15,00",,
SI,5/1/2026,CORTE DE PASTO,093-08,"3,00","4,00",CAMIONETA,O.I.,2918,,,,,,,,,,,,,Desmalezado manual,SI,,"1,00",,
SI,6/1/2026,MANTENIMIENTO DE PAVIMENTOS,RP51,"320,00","340,00",CAMIÓN,R.O.,41020,CAMIONETA,R.O.,44808,PALA CARGADORA FRONTAL,O.I.,22127,,,,,,,,NO,,"20,00",,
SI,6/1/2026,CORTE DE PASTO,RP41,"145,00","160,00",TRACTOR,O.I.,9734,,,,,,,,,,,,,Trayecto por mano opuesta (de progresiva superior a inferior),NO,,"15,00",,
SI,6/1/2026,CORTE DE PASTO,093-08,"1,50","3,00",CAMIONETA,O.I.,2918,,,,,,,,,,,,,Desmalezado manual,SI,,"1,50",,
SI,7/1/2026,CORTE DE PASTO,093-08,"0,50","1,50",CAMIONETA,O.I.,2918,,,,,,,,,,,,,Desmalezado manual,SI,,"1,00",,
SI,7/1/2026,MANTENIMIENTO DE PAVIMENTOS,RP51,"285,00","320,00",CAMIÓN,R.O.,41020,CAMIONETA,R.O.,44808,,,,,,,,,,,NO,,"35,00",,
SI,8/1/2026,MANTENIMIENTO DE PAVIMENTOS,093-03,"0,00","4,00",CAMIÓN,R.O.,41020,CAMIONETA,R.O.,44808,,,,,,,,,,,NO,,"4,00",,
SI,8/1/2026,CORTE DE PASTO,093-13,"7,00","10,00",TRACTOR,O.I.,21503,,,,,,,,,,,,,Camino secundario 093-13 (no está registrado en la base de datos del formulario).,NO,,"3,00",,
SI,8/1/2026,CORTE DE PASTO,093-13,"7,00","8,00",CAMIONETA,O.I.,2918,,,,,,,,,,,,,Desmalezado manual. Camino secundario 093-13 (no está registrado en la base de datos del formulario).,NO,,"1,00",,
SI,9/1/2026,CORTE DE PASTO,093-13,"8,00","9,00",CAMIONETA,O.I.,2918,,,,,,,,,,,,,Desmalezado manual. Camino secundario 093-13 (no está registrado en la base de datos del formulario).,NO,,"1,00",,
SI,9/1/2026,MANTENIMIENTO DE PAVIMENTOS,093-03,"6,00","8,00",CAMIÓN,R.O.,41020,CAMIONETA,R.O.,44808,,,,,,,,,,,NO,,"2,00",,
SI,9/1/2026,CORTE DE PASTO,093-13,"4,00","7,00",TRACTOR,O.I.,21503,,,,,,,,,,,,,Camino secundario 093-13 (no está registrado en la base de datos del formulario).,NO,,"3,00",,
SI,12/1/2026,MANTENIMIENTO DE PAVIMENTOS,RP51,"279,00","280,00",CAMIÓN,R.O.,41020,CAMIONETA,R.O.,44808,,,,,,,,,,,NO,,"1,00",,
SI,12/1/2026,CORTE DE PASTO,093-13,"1,00","4,00",TRACTOR,O.I.,21503,,,,,,,,,,,,,Camino secundario 093-13 (no está registrado en la base de datos del formulario).,NO,,"3,00",,
SI,12/1/2026,CORTE DE PASTO,093-13,"6,00","8,00",CAMIONETA,O.I.,2918,,,,,,,,,,,,,Desmalezado manual. Camino secundario 093-13 (no está registrado en la base de datos del formulario).,SI,,"2,00",,
SI,13/1/2026,CORTE DE PASTO,093-05,"0,00","2,00",CAMIONETA,O.I.,2918,,,,,,,,,,,,,Desmalezado manual,SI,,"2,00",,
SI,13/1/2026,MANTENIMIENTO DE PAVIMENTOS,RP51,"250,00","275,00",CAMIÓN,R.O.,41020,CAMIONETA,R.O.,44808,,,,,,,,,,,NO,,"25,00",,
SI,14/1/2026,MANTENIMIENTO DE PAVIMENTOS,RP30,"380,00","430,00",CAMIÓN,R.O.,41020,CAMIONETA,R.O.,44808,,,,,,,,,,,NO,,"50,00",,
SI,15/1/2026,CORTE DE PASTO,RP91,"9,00","20,00",CAMIONETA,O.I.,2918,,,,,,,,,,,,,Desmalezado manual de señalizaciones y alcantarillas.,NO,,"11,00",,
SI,15/1/2026,MANTENIMIENTO DE PAVIMENTOS,RP30,"380,00","430,00",CAMIÓN,R.O.,41020,CAMIONETA,R.O.,44808,,,,,,,,,,,NO,,"50,00",,
SI,16/1/2026,CORTE DE PASTO,093-13,"12,00","13,00",CAMIONETA,O.I.,2918,,,,,,,,,,,,,Desmalezado manual. Camino secundario 093-13 (no está registrado en la base de datos del formulario).,NO,,"1,00",,
SI,19/1/2026,MANTENIMIENTO DE PAVIMENTOS,RP30,"390,00","410,00",CAMIÓN,R.O.,41020,CAMIONETA,R.O.,44808,,,,,,,,,,,NO,,"20,00",,
SI,19/1/2026,CORTE DE PASTO,093-13,"11,50","13,00",CAMIONETA,O.I.,2918,,,,,,,,,,,,,Desmalezado manual. Camino secundario 093-13 (no está registrado en la base de datos del formulario).,SI,,"1,50",,
SI,19/1/2026,CAMINOS RURALES,093-08,"18,00","20,00",MOTONIVELADORA,O.I.,2066,,,,,,,,,,,,,,NO,,"2,00",,
SI,19/1/2026,CORTE DE PASTO,093-05,"0,00","5,00",TRACTOR,O.I.,21806,DESMALEZADORA,O.I.,21803,,,,,,,,,,,NO,,"5,00",,
SI,20/1/2026,MANTENIMIENTO DE PAVIMENTOS,RP51,"279,00","280,00",CAMIÓN,R.O.,41020,CAMIONETA,R.O.,44808,,,,,,,,,,,NO,,"1,00",,
SI,20/1/2026,CAMINOS RURALES,093-08,"20,00","22,00",MOTONIVELADORA,O.I.,2066,CAMIONETA,R.O.,51385,,,,,,,,,,,NO,,"2,00",,
SI,20/1/2026,CORTE DE PASTO,093-13,"10,00","14,00",TRACTOR,O.I.,21503,,,,,,,,,,,,,,SI,,"4,00",,
SI,20/1/2026,CORTE DE PASTO,093-13,"10,00","11,50",CAMIONETA,O.I.,2918,,,,,,,,,,,,,Desmalezado manual.,SI,,"1,50",,
SI,21/1/2026,CAMINOS RURALES,093-08,"22,00","24,00",MOTONIVELADORA,O.I.,2066,CAMIONETA,R.O.,51385,,,,,,,,,,,NO,,"2,00",,
SI,21/1/2026,CORTE DE PASTO,093-13,"13,00","14,00",CAMIONETA,O.I.,2918,,,,,,,,,,,,,Desmalezado manual.,SI,,"1,00",,
SI,21/1/2026,CORTE DE PASTO,093-13,"13,00","14,00",TRACTOR,O.I.,21503,,,,,,,,,,,,,,SI,,"1,00",,
SI,21/1/2026,CORTE DE PASTO,093-13,"0,00","5,00",TRACTOR,O.I.,21806,DESMALEZADORA,O.I.,21803,,,,,,,,,,,NO,,"5,00",,
SI,22/1/2026,CAMINOS RURALES,093-08,"24,00","26,00",MOTONIVELADORA,O.I.,2066,CAMIONETA,R.O.,51423,,,,,,,,,,,NO,,"2,00",,
SI,22/1/2026,CORTE DE PASTO,RP30,"284,50","285,50",CAMIONETA,O.I.,2918,,,,,,,,,,,,,Desmalezado manual de flex beam y señalizaciones en puente. Corte de arbustos en cunetas.,SI,,"1,00",,
SI,22/1/2026,MANTENIMIENTO DE PAVIMENTOS,RP40,"70,00","72,00",MINI CARGADORA,O.I.,21202,CAMIÓN,R.O.,41020,,,,,,,,,,,NO,,"2,00",,
SI,23/1/2026,CAMINOS RURALES,093-08,"26,00","28,00",MOTONIVELADORA,O.I.,2066,CAMIONETA,R.O.,51385,,,,,,,,,,,NO,,"2,00",,
SI,23/1/2026,CORTE DE PASTO,RP30,"285,50","287,00",CAMIONETA,R.O.,44808,,,,,,,,,,,,,Desmalezado manual,NO,,"1,50",,
SI,23/1/2026,MANTENIMIENTO DE PAVIMENTOS,RP40,"70,00","72,00",MINI CARGADORA,O.I.,21202,CAMIÓN,R.O.,41020,,,,,,,,,,,NO,,"2,00",,
SI,26/1/2026,CORTE DE PASTO,RP61,"55,00","62,00",CAMIONETA,R.O.,44808,,,,,,,,,,,,,"Desmalezado manual de señalizaciones, alcantarilas y cruces.",SI,,"7,00",,
SI,26/1/2026,SEÑALIZACIÓN Y DEMARCACIÓN (Horizontal y Vertical),RP40,"70,00","71,00",CAMIONETA,R.O.,51385,,,,,,,,,,,,,,NO,,"1,00",,
SI,27/1/2026,CORTE DE PASTO,RP51,"333,00","340,00",TRACTOR,O.I.,9667,CAMIONETA,O.I.,2918,,,,,,,,,,"Coords.: -36.1536769054435, -59.93886438786027",NO,,"7,00",,
SI,27/1/2026,CORTE DE PASTO,RP91,"25,00","40,00",TRACTOR,O.I.,21806,DESMALEZADORA,O.I.,21803,CAMIONETA,R.O.,51426,,,,,,,"Coords.: -35.83057, -59.52566",NO,,"15,00",,
SI,27/1/2026,CORTE DE PASTO,RP91,"10,00","15,00",CAMIONETA,R.O.,44808,CAMIONETA,R.O.,51385,,,,,,,,,,"Desmalezado manual de señalizaciones y alcantarilas. Coords.: -35.746840742824325, -59.642114677316776",NO,,"5,00",,
SI,27/1/2026,CAMINOS RURALES,093-08,"28,00","30,00",MOTONIVELADORA,O.I.,2066,CAMIONETA,R.O.,51423,,,,,,,,,,"Ejecución de tramo por mano contraria (regreso). Coords.: -35.87039950391094, -59.93921884861424",NO,,"2,00",,
SI,28/1/2026,CAMINOS RURALES,093-08,"26,00","30,00",MOTONIVELADORA,O.I.,2066,CAMIONETA,R.O.,51426,,,,,,,,,,"Ejecución de tramo (progresiva descendente) y repaso. Coords.: -35.86887459010237, -59.93870614116624",SI,,"4,00",,
SI,28/1/2026,CORTE DE PASTO,RP91,"40,00","52,00",TRACTOR,O.I.,21806,DESMALEZADORA,O.I.,21803,CAMIONETA,R.O.,44808,,,,,,,"Coords.: -35.862771082170624, -59.4278131681477",NO,,"12,00",,
SI,28/1/2026,CORTE DE PASTO,RP51,"340,00","344,00",TRACTOR,O.I.,9667,CAMIONETA,O.I.,2918,,,,,,,,,,"Regreso progresiva descendente. Coords.: -36.19393, -59.95525",NO,,"4,00",,
SI,28/1/2026,CORTE DE PASTO,RP91,"30,00","42,00",CAMIONETA,R.O.,44808,,,,,,,,,,,,,"Desmalezado manual de señalizaciones y alcantarilas. Coords.: -35.83057, -59.52566",NO,,"12,00",,
SI,28/1/2026,CORTE DE PASTO,RP91,"42,00","47,00",CAMIONETA,R.O.,51385,,,,,,,,,,,,,"Desmalezado manual de señalizaciones y alcantarilas. Coords.: -35.87745, -59.40134",NO,,"5,00",,
SI,29/1/2026,CORTE DE PASTO,RP51,"344,00","348,00",TRACTOR,O.I.,9667,CAMIONETA,O.I.,2918,,,,,,,,,,Regreso progresiva descendente.,SI," Coords.: -36.23082, -59.96762","4,00",,
SI,29/1/2026,CORTE DE PASTO,RP61,"50,00","63,00",TRACTOR,O.I.,21806,DESMALEZADORA,O.I.,21803,CAMIONETA,R.O.,51385,,,,,,,"Coords.: -36.01197026859618, -59.194886021892025",NO,,"13,00",,
Si,29/1/2026,CORTE DE PASTO,RP61,"56,00","63,00",CAMIONETA,R.O.,44808,,,,,,,,,,,,,"Desmalezado manual de señalizaciones y alcantarilas. Coords.: -36.00279011119007, -59.21716950382905",NO,,"7,00",,
SI,29/1/2026,CORTE DE PASTO,RP91,"47,00","51,00",CAMIONETA,R.O.,51385,,,,,,,,,,,,,"Desmalezado manual de señalizaciones y alcantarilas. Coords.: -35.90424840172229, -59.37610572717161",NO,,"4,00",,
SI,30/1/2026,CORTE DE PASTO,RP30,"270,00","282,00",CAMIONETA,R.O.,51385,,,,,,,,,,,,,"Desmalezado manual de señalizaciones y alcantarilas. Coords.: -36.095688243269876, -59.08714325860155",NO,,"12,00",,
SI,30/1/2026,CORTE DE PASTO,RP91,"29,00","40,00",CAMIONETA,R.O.,44808,,,,,,,,,,,,,"Desmalezado manual de señalizaciones y alcantarilas. Coords.: -35.83079690670953, -59.52551661186518",SI,,"11,00",,
,,,,,,,,,,,,,,,,,,,,,,,,"0,00",,
,,,,,,,,,,,,,,,,,,,,,,,,"0,00",,
SI,2/3/2026,CORTE DE PASTO,RP51,"340,00","346,00",CAMIONETA,O.I.,1307,,,,,,,,,,,,,"Desmalezado manual de señalizaciones y alcantarilas. Coords.: -36.23082, -59.96762",NO,,"6,00",,
SI,2/3/2026,CORTE DE PASTO,RP51,"277,00","280,00",TRACTOR,O.I.,21503,CAMIONETA,O.I.,2918,,,,,,,,,,"Coords.: -35.65158, -59.83706",NO,,"3,00",,
SI,2/3/2026,CALZADO DE BANQUINAS,RP51,"278,00","279,00",MOTONIVELADORA,O.I.,2066,CAMIÓN,R.O.,41020,PALA CARGADORA FRONTAL,O.I.,22127,,,,,,,,SI,,"1,00",,
SI,3/3/2026,CORTE DE PASTO,RP46,"0,00","10,00",TRACTOR,O.I.,21806,DESMALEZADORA,R.O.,21803,CAMIONETA,O.I.,2918,,,,,,,"No se registran imágenes fotográficas. Coords.: -35.41633, -60.14242",,,"10,00",,
SI,4/3/2026,CAMINOS RURALES,093-08,"4,00","7,00",MOTONIVELADORA,O.I.,2066,,,,,,,,,,,,,,SI,,"3,00",,
SI,4/3/2026,CORTE DE PASTO,RP46,"10,00","20,00",TRACTOR,O.I.,21806,DESMALEZADORA,R.O.,21803,CAMIONETA,O.I.,2918,,,,,,,"No se registran imágenes fotográficas. Coords.: -35.37799, -60.21091",,,"10,00",,
SI,4/3/2026,CORTE DE PASTO,RP51,"335,00","340,00",CAMIONETA,O.I.,1307,,,,,,,,,,,,,"Desmalezado manual de señalizaciones y alcantarilas. Coords.: -36.14176, -59.93317",,,"5,00",,
SI,4/3/2026,SEÑALIZACIÓN Y DEMARCACIÓN (Horizontal y Vertical),RP51,"254,00","256,00",CAMIONETA,R.O.,44808,,,,,,,,,,,,,"Coords de fotografías no coinciden con las verdaderas. Coords.: -35.55883, -60.01975",SI,,"2,00",,
SI,5/3/2026,MANTENIMIENTO DE PAVIMENTOS,RP41,"164,00","186,00",CAMIÓN,R.O.,41020,CAMIONETA,R.O.,44808,,,,,,,,,,"No se registran imágenes fotográficas. Coords.: -35.13002, -59.17305",,,"22,00",,
SI,5/3/2026,CORTE DE PASTO,RP51,"335,00","340,00",CAMIONETA,O.I.,1307,,,,,,,,,,,,,"Desmalezado manual de señalizaciones y alcantarilas. No se registran imágenes fotográficas. Coords.: -36.16643, -59.94724",,,"5,00",,
SI,5/3/2026,CORTE DE PASTO,RP46,"20,00","30,00",TRACTOR,O.I.,21806,DESMALEZADORA,R.O.,21803,CAMIONETA,R.O.,29792,,,,,,,"No se registran imágenes fotográficas. Coords.: -35.30308, -60.30979",,,"10,00",,
SI,5/3/2026,CAMINOS RURALES,093-08,"10,00","13,00",MOTONIVELADORA,O.I.,2066,,,,,,,,,,,,,"Coords.: -35.74430, -59.87153",,,"3,00",,
SI,6/3/2026,CAMINOS RURALES,093-08,"7,00","10,00",MOTONIVELADORA,O.I.,2066,,,,,,,,,,,,,"Coords.: -35.72959, -59.86282",SI,,"3,00",,
SI,6/3/2026,CORTE DE PASTO,RP51,"330,00","335,00",CAMIONETA,O.I.,1307,,,,,,,,,,,,,"Desmalezado manual de señalizaciones y alcantarilas. No se registran imágenes fotográficas. Coords.: -36.11292, -59.92390",,,"5,00",,
Si,6/3/2026,CAMINOS RURALES,093-08,"13,00","16,00",MOTONIVELADORA,O.I.,2066,CAMIONETA,R.O.,51426,,,,,,,,,,"Coords.: -35.76287, -59.88153",,,"3,00",,
SI,6/3/2026,CORTE DE PASTO,109-01,"0,00","10,00",TRACTOR,O.I.,21806,DESMALEZADORA,R.O.,21803,CAMIONETA,R.O.,29792,,,,,,,"Coords.: -35.43692, -60.22403",,,"10,00",,
SI,6/3/2026,MANTENIMIENTO DE PAVIMENTOS,RP51,"278,00","279,00",CAMIÓN,R.O.,41020,CAMIONETA,R.O.,44808,,,,,,,,,,"Coords.: -35.66725, -59.81844",,,"1,00",,
SI,9/3/2026,MANTENIMIENTO DE PAVIMENTOS,093-03,"0,00","8,00",CAMIÓN,R.O.,41020,CAMIONETA,R.O.,44808,,,,,,,,,,"Coords.: -35.47083, -59.570616",,,"8,00",,
SI,9/3/2026,CORTE DE PASTO,RP51,"325,00","330,00",CAMIONETA,O.I.,1307,,,,,,,,,,,,,"Desmalezado manual de señalizaciones y alcantarilas. No se registran imágenes fotográficas. Coords.: -36.07352, -59.91119",,,"5,00",,
SI,9/3/2026,CORTE DE PASTO,109-01,"10,00","25,00",TRACTOR,O.I.,21806,DESMALEZADORA,R.O.,21803,CAMIONETA,R.O.,29792,,,,,,,"Coords.: -35.52033, -60.32179",,,"15,00",,
SI,9/3/2026,CAMINOS RURALES,093-08,"16,00","20,00",MOTONIVELADORA,O.I.,2066,CAMIONETA,R.O.,51426,,,,,,,,,,"Coords.: -35.79863, -59.90082",,,"4,00",,
SI,10/3/2026,CORTE DE PASTO,RP51,"320,00","325,00",CAMIONETA,O.I.,1307,,,,,,,,,,,,,"Desmalezado manual de señalizaciones y alcantarilas. No se registran imágenes fotográficas. Coords.: -36.04133, -59.90021",,,"5,00",,
Si,10/3/2026,CORTE DE PASTO,RP51,"276,00","279,00",TRACTOR,O.I.,21503,,,,,,,,,,,,,"Coords.: -35.65134, -59.83753",,,"3,00",,
SI,10/3/2026,CORTE DE PASTO,109-01,"25,00","37,00",TRACTOR,O.I.,21806,DESMALEZADORA,R.O.,21803,CAMIONETA,R.O.,29792,,,,,,,"Coords.: -35.62712, -60.43865",,,"12,00",,
SI,10/3/2026,CAMINOS RURALES,093-08,"20,00","24,00",MOTONIVELADORA,O.I.,2066,CAMIONETA,R.O.,51426,,,,,,,,,,"Coords.: -35.82605, -59.91564",,,"4,00",,
SI,11/3/2026,CAMINOS RURALES,093-08,"24,00","29,00",MOTONIVELADORA,O.I.,2066,CAMIONETA,R.O.,51426,,,,,,,,,,"Coords.: -35.86646, -59.93735",,,"5,00",,
SI,11/3/2026,SEÑALIZACIÓN Y DEMARCACIÓN (Horizontal y Vertical),RP51,"270,00","279,00",CAMIONETA,R.O.,44808,,,,,,,,,,,,,,SI,,"9,00",,
Si,11/3/2026,CORTE DE PASTO,RP51,"245,00","260,00",TRACTOR,O.I.,21806,DESMALEZADORA,R.O.,21803,CAMIONETA,R.O.,29792,,,,,,,"Coords.: -35.51001, -60.04921",,,"15,00",,
Si,12/3/2026,CORTE DE PASTO,RP51,"260,00","276,00",TRACTOR,O.I.,21806,DESMALEZADORA,R.O.,21803,CAMIONETA,R.O.,29792,,,,,,,"Coors.: -35.59953, -59.92081",,,"16,00",,
Si,12/3/2026,CORTE DE PASTO,RP51,"270,00","276,00",CAMIONETA,O.I.,1307,,,,,,,,,,,,,"Desmalezado manual de señalizaciones y alcantarilas. No se registran imágenes fotográficas. Coords.: -35.62967, -59.86708",,,"6,00",,
Si,12/3/2026,SEÑALIZACIÓN Y DEMARCACIÓN (Horizontal y Vertical),RP40,"78,00","82,00",CAMIONETA,R.O.,44808,,,,,,,,,,,,,"Coords.: -34.97779, -59.21468",,,"4,00",,
SI,13/3/2026,CAMINOS RURALES,109-14,"0,00","9,00",CAMIONETA,O.I.,2918,APLANADORA,,,,,,,,,,,,"Aplanadora sin ID (marca Iron). Coords.: -35.61088, -60.53622",,,"9,00",,
SI,13/3/2026,SEÑALIZACIÓN Y DEMARCACIÓN (Horizontal y Vertical),RP40,"75,00","82,00",CAMIONETA,R.O.,44808,,,,,,,,,,,,,"Coords.: -34.95483, -59.17288",,,"7,00",,
SI,13/3/2026,CORTE DE PASTO,RP51,"265,00","270,00",CAMIONETA,O.I.,1307,,,,,,,,,,,,,"Desmalezado manual de señalizaciones y alcantarilas. Coords.: -35.57915, -59.97093",,,"5,00",,
SI,16/3/2026,CORTE DE PASTO,RP51,"255,00","265,00",CAMIONETA,O.I.,1307,,,,,,,,,,,,,"Desmalezado manual de señalizaciones y alcantarilas. Coords.: -35.55430, -60.02672",,,"10,00",,
SI,16/3/2026,CORTE DE PASTO,RP51,"245,00","260,00",TRACTOR,O.I.,21806,DESMALEZADORA,R.O.,21803,CAMIONETA,R.O.,29792,,,,,,,"Coords.: -35.51267, -60.04784",,,"15,00",,
SI,16/3/2026,SEÑALIZACIÓN Y DEMARCACIÓN (Horizontal y Vertical),RP40,"70,00","75,00",CAMIONETA,R.O.,44808,,,,,,,,,,,,,"Coords.: -34.95539, -59.15228",,,"5,00",,
Si,17/3/2026,SEÑALIZACIÓN Y DEMARCACIÓN (Horizontal y Vertical),RP40,"45,00","55,00",CAMIONETA,R.O.,44808,,,,,,,,,,,,,"Coords.: -34.94519, -59.08267",,,"10,00",,
SI,17/3/2026,CAMINOS RURALES,093-08,"4,00","7,00",MOTONIVELADORA,O.I.,2066,,,,,,,,,,,,,,,,"3,00",,
SI,17/3/2026,CORTE DE PASTO,RP51,"250,00","255,00",CAMIONETA,O.I.,1307,,,,,,,,,,,,,"Desmalezado manual de señalizaciones y alcantarilas. Coords.: -35.55217, -60.02788",,,"5,00",,
SI,17/3/2026,CAMINOS RURALES,109-14,"0,00","9,00",CAMIONETA,R.O.,51426,APLANADORA,,,,,,,,,,,,"Aplanadora sin ID (marca Iron). Coords.: -35.60306, -60.54607",,,"9,00",,
Si,18/3/2026,CORTE DE PASTO,RP51,"279,00","280,00",CAMIONETA,O.I.,1307,,,,,,,,,,,,,"Coords.: -35.66894, -59.81644",,,"1,00",,
Si,18/3/2026,MANTENIMIENTO DE PAVIMENTOS,RP51,"279,00","279,50",MOTONIVELADORA,R.O.,2066,CAMIÓN,R.O.,41020,CAMIONETA,R.O.,44808,,,,,,,"Coords.: -35.66472, -59.82155",,,"0,50",,
SI,19/3/2026,CAMINOS RURALES,109-14,"0,00","9,00",CAMIONETA,R.O.,51426,APLANADORA,,,,,,,,,,,,"Aplanadora sin ID (marca Iron). Coords. PROG. INTERMEDIA: -35.63956, -60.49174. PROG. INICIAL: -35.65372, -60.47382. PROG. FINAL: -35.60262, -60.54671",,,"9,00",,
SI,19/3/2026,CAMINOS RURALES,093-08,"7,00","10,00",MOTONIVELADORA,O.I.,2066,,,,,,,,,,,,,"PROG. INICIAL: -35.68572, -59.83831; PROG. FINAL: -35.70977, -59.85299",,,"3,00",,
SI,19/3/2026,CORTE DE PASTO,RP30,"376,00","382,00",TRACTOR,O.I.,21806,DESMALEZADORA,R.O.,21803,CAMIONETA,R.O.,29792,,,,,,,"Coords. PROG. INTERMEDIA: -35.35476, -59.47140. ",,,"6,00",,
SI,19/3/2026,CORTE DE PASTO,RP51,"240,00","250,00",CAMIONETA,O.I.,1307,,,,,,,,,,,,,"Desmalezado manual de señalizaciones y alcantarilas. Coords. PROG. INTERMEDIA: -35.44920, -60.08320; PROG. INICIAL:  -35.41794, -60.08436; PROG. FINAL: -35.50233, -60.05290",,,"10,00",,
SI,19/3/2026,MANTENIMIENTO DE PAVIMENTOS,RP30,"376,00","385,00",CAMIÓN,R.O.,41020,CAMIONETA,R.O.,44808,,,,,,,,,,"Coords. PROG. INTERMEDIA: -35.34790, -59.48101",,,"9,00",,
SI,20/3/2026,CAMINOS RURALES,093-08,"10,00","13,00",MOTONIVELADORA,O.I.,2066,CAMIONETA,R.O.,51426,,,,,,,,,,,,,"3,00",,
SI,20/3/2026,MANTENIMIENTO DE PAVIMENTOS,RP30,"382,00","390,00",CAMIÓN,R.O.,41020,CAMIONETA,R.O.,44808,,,,,,,,,,"Coords. PROG. INTERMEDIA: -35.33620, -59.49749",,,"8,00",,
SI,20/3/2026,CAMINOS RURALES,109-14,"5,00","9,00",CAMIONETA,R.O.,51426,APLANADORA,,,,,,,,,,,,"Aplanadora sin ID (marca Iron). Coords.: -35.614522, -60.53149; PROG. INICIAL: -35.62259, -60.51363; PROG. FINAL: -35.60262, -60.54671",,,"4,00",,
SI,20/3/2026,CORTE DE PASTO,RP30,"382,00","400,00",TRACTOR,O.I.,21806,DESMALEZADORA,R.O.,21803,CAMIONETA,R.O.,29792,,,,,,,"Coords. PROG. INTERMEDIA: -35.33715, -59.53856",,,"18,00",,
SI,20/3/2026,CORTE DE PASTO,RP51,"280,00","282,00",CAMIONETA,O.I.,1307,,,,,,,,,,,,,"Desmalezado manual de señalizaciones y alcantarilas. Coords. PROG. INTERMEDIA: -35.68135, -59.80077; PROG. INICIAL:  -35.67201, -59.81236; PROG. FINAL:  -35.68494, -59.79618",,,"2,00",,
SI,25/3/2026,CAMINOS RURALES,093-08,"13,00","15,00",MOTONIVELADORA,O.I.,2066,CAMIONETA,R.O.,51426,,,,,,,,,,,,,"2,00",,
SI,25/3/2026,CALZADO DE BANQUINAS,RP51,"279,00","279,50",MOTONIVELADORA,O.I.,2066,CAMIONETA,R.O.,51426,,,,,,,,,,"PROG. INICIAL: -35.66865, -59.81667; PROG. FINAL: -35.66582, -59.82017",,,"0,50",,
SI,25/3/2026,CORTE DE PASTO,RP51,"230,00","240,00",CAMIONETA,O.I.,1307,,,,,,,,,,,,,"Desmalezado manual de señalizaciones y alcantarilas. Coords. PROG. INICIAL: -35.32759, -60.09830; PROG. FINAL:  -35.41794, -60.08436;",,,"10,00",,
SI,25/3/2026,CORTE DE PASTO,RP30,"400,00","415,00",TRACTOR,O.I.,21806,DESMALEZADORA,R.O.,21803,CAMIONETA,R.O.,29792,,,,,,,"PROG. INICIAL: -35.33750, -59.53373; PROG. FINAL: -35.24218, -59.70443",,,"15,00",,
SI,25/3/2026,SEÑALIZACIÓN Y DEMARCACIÓN (Horizontal y Vertical),RP40,"55,00","57,00",CAMIONETA,R.O.,44808,,,,,,,,,,,,,"Coords. PROG. INTERMEDIA: -34.95560, -59.15374",,,"2,00",,
SI,26/3/2026,CORTE DE PASTO,RP51,"215,00","230,00",CAMIONETA,O.I.,1307,,,,,,,,,,,,,"Desmalezado manual de señalizaciones y alcantarilas. Coords. PROG. INICIAL: 34.92028, -58.95641; PROG. FINAL: -35.32759, -60.09830",,,"15,00",,
SI,26/3/2026,CORTE DE PASTO,RP30,"415,00","430,00",TRACTOR,O.I.,21806,DESMALEZADORA,R.O.,21803,CAMIONETA,R.O.,29792,,,,,,,"PROG. INICIAL: -35.24218, -59.70443; PROG. FINAL: -35.12777, -59.74606",,,"15,00",,
SI,26/3/2026,CAMINOS RURALES,093-08,"15,00","18,00",MOTONIVELADORA,O.I.,2066,CAMIONETA,R.O.,51426,,,,,,,,,,,,,"3,00",,
SI,26/3/2026,SEÑALIZACIÓN Y DEMARCACIÓN (Horizontal y Vertical),RP40,"47,00","50,00",CAMIONETA,R.O.,44808,,,,,,,,,,,,,"Coords. PROG. INTERMEDIA: -34.93995, -59.05932",,,"3,00",,
SI,26/3/2026,CORTE DE PASTO,093-13,"11,00","13,00",TRACTOR,O.I.,21503,,,,,,,,,,,,,"Coords. PROG. INTERMEDIA: -35.61975,-59.78540",,,"2,00",,
SI,27/3/2026,CORTE DE PASTO,RP30,"400,00","415,00",TRACTOR,O.I.,21806,DESMALEZADORA,R.O.,21803,CAMIONETA,R.O.,29792,,,,,,,"CORTE DE PASTO Y TRASLADO DE EQUIPOS CON CAMION Y CARRETÓN DEL MUNIICPIO DE ROQUE PÉREZ. PROG. INICIAL: -35.33750, -59.53373; PROG. FINAL: -35.24218, -59.70443",,,"15,00",,
SI,27/3/2026,SEÑALIZACIÓN Y DEMARCACIÓN (Horizontal y Vertical),RP40,"45,00","47,00",CAMIONETA,R.O.,44808,,,,,,,,,,,,,"PROG. INICIAL: -34.93232, -58.99285; PROG. FINAL: -34.94280, -59.03109",,,"2,00",,
SI,27/3/2026,REPARACIÓN DE ALCANTARILLAS,RP51,"215,00","216,00",CAMIÓN,R.O.,41020,CAMIONETA,O.I.,1307,,,,,,,,,,"PROG. INICIAL: -35.19191, -60.11375; PROG. FINAL: -35.20127, -60.11285",,,"1,00",,
SI,27/3/2026,CAMINOS RURALES,093-08,"18,00","21,00",MOTONIVELADORA,O.I.,2066,CAMIONETA,R.O.,51426,,,,,,,,,,,,,"3,00",,
SI,6/4/2026,MANTENIMIENTO DE PAVIMENTOS,RP51,"230,00","240,00",CAMIÓN,R.O.,41020,CAMIONETA,R.O.,44808,,,,,,,,,,"PROG. INICIAL: -35.33095, -60.09693; PROG. FINAL: -35.41745, -60.08440",,,"10,00",,
SI,6/4/2026,CORTE DE PASTO,093-13,"6,00","10,00",TRACTOR,R.O.,21503,,,,,,,,,,,,,"-35.66847, -59.73787; -35.64573, -59.76882",,,"4,00",,
SI,6/4/2026,CORTE DE PASTO,RP91,"0,00","9,00",CAMIONETA,O.I.,1307,,,,,,,,,,,,,"Desmalezado manual de señalizaciones y alcantarilas. Coords. PROG. INICIAL: -35.69216, -59.78670; PROG. FINAL: -35.71016, -59.69311",,,"9,00",,
SI,6/4/2026,CORTE DE PASTO,RP91,"0,00","10,00",TRACTOR,O.I.,21806,DESMALEZADORA,R.O.,21803,CAMIONETA,R.O.,29792,,,,,,,"Coords. PROG. INICIAL: -35.69216, -59.78670; PROG. FINAL: -35.71016, -59.69311",,,"10,00",,
SI,6/4/2026,CALZADO DE BANQUINAS,RP51,"279,00","279,50",MOTONIVELADORA,O.I.,2066,,,,,,,,,,,,,"-35.66575, -59.82023; -35.66856, -59.81689",,,"0,50",,
SI,7/4/2026,CORTE DE PASTO,RP91,"0,00","10,00",TRACTOR,O.I.,21806,DESMALEZADORA,R.O.,21803,CAMIONETA,R.O.,29792,,,,,,,"Continuación por traza descendente. Coords. PROG. INICIAL: -35.69216, -59.78670; PROG. FINAL: -35.71016, -59.69311",,,"10,00",,
SI,7/4/2026,SEÑALIZACIÓN Y DEMARCACIÓN (Horizontal y Vertical),093-13,"4,00","10,00",CAMIONETA,R.O.,44808,,,,,,,,,,,,,"-35.68428, -59.71838; -35.64573, -59.76882",,,"6,00",,
SI,8/4/2026,CORTE DE PASTO,093-13,"4,50","7,50",TRACTOR,R.O.,21503,,,,,,,,,,,,,"-35.6797, -59.72325 ; -35.66101, -59.74785",si,,"3,00",,
SI,8/4/2026,CORTE DE PASTO,093-08,"1,00","4,00",CAMIONETA,O.I.,1307,,,,,,,,,,,,,"Desmalezado manual de señalizaciones y alcantarilas. Coords. PROG. INICIAL: -35.64943, -59.79201; PROG. FINAL: -35.67007, -59.81488",,,"3,00",,
SI,8/4/2026,CORTE DE PASTO,093-08,"1,00","4,00",TRACTOR,R.O.,21503,,,,,,,,,,,,,"Coords. PROG. INICIAL: -35.64943, -59.79201; PROG. FINAL: -35.67007, -59.81488",,,"3,00",,
SI,8/4/2026,CORTE DE PASTO,RP51,"230,00","244,00",TRACTOR,O.I.,21806,DESMALEZADORA,R.O.,21803,CAMIONETA,R.O.,29792,,,,,,,"-35.32972, -60.09711; -35.45424, -60.08389",si,,"14,00",,
SI,8/4/2026,MANTENIMIENTO DE PAVIMENTOS,RP46,"0,00","20,00",CAMIÓN,R.O.,41020,CAMIONETA,R.O.,44808,,,,,,,,,,"-35.45773, -60.08286; -35.27197, -60.35065",si,,"20,00",,
SI,8/4/2026,CORTE DE PASTO,093-02,"0,00","4,00",CAMIONETA,R.O.,51426,RETROEXCAVADORA,O.I.,2084,,,,,,,,,,"Desmonte y limpieza de malezas. Coords.: -35.53987, -59.6969; -35.56374, -59.66437",si,,"4,00",,
SI,8/4/2026,ALUMBRADO,RP40,"30,00","42,00",CAMIONETA,R.O.,58191,,,,,,,,,,,,,"Relevamiento luminarias. Coords. -34.85509, -58.89565; -34.93538, -59.00336",si,,"12,00",,
SI,8/4/2026,ALUMBRADO,RP6,"120,00","130,00",CAMIONETA,R.O.,58191,,,,,,,,,,,,,Relevamiento luminarias.,si,,"10,00",,
SI,9/4/2026,CORTE DE PASTO,093-08,"1,00","4,00",CAMIONETA,O.I.,1307,,,,,,,,,,,,,"Continuación de tareas de desmalezado manual de señalizaciones y alcantarilas. Coords. PROG. INICIAL: -35.64943, -59.79201; PROG. FINAL: -35.67007, -59.81488",si,,"3,00",,
SI,9/4/2026,CORTE DE PASTO,093-08,"1,00","4,00",TRACTOR,O.I.,21503,,,,,,,,,,,,,"Continuación de tareas. Coords. PROG. INICIAL: -35.64943, -59.79201; PROG. FINAL: -35.67007, -59.81488",si,,"3,00",,
SI,9/4/2026,CORTE DE PASTO,RP51,"215,00","230,00",TRACTOR,O.I.,21806,DESMALEZADORA,R.O.,21803,CAMIONETA,R.O.,29792,,,,,,,"-35.19233, -60.11307; -35.32717, -60.09779",si,,"15,00",,
SI,9/4/2026,CORTE DE PASTO,093-02,"0,00","4,00",CAMIONETA,R.O.,51426,RETROEXCAVADORA,O.I.,2084,,,,,,,,,,"Continuación de tareas de desmonte y limpieza de malezas. Coords.: -35.53987, -59.6969; -35.56374, -59.66437",,,"4,00",,
SI,9/4/2026,MANTENIMIENTO DE PAVIMENTOS,RP51,"258,00","275,00",CAMIÓN,R.O.,41020,CAMIONETA,R.O.,44808,,,,,,,,,,"-35.56337, -60.00890; -35.64422, -59.84734",,,"17,00",,
SI,10/4/2026,CORTE DE PASTO,RP51,"215,00","230,00",TRACTOR,O.I.,21806,DESMALEZADORA,R.O.,21803,CAMIONETA,R.O.,29792,,,,,,,"Retorno por mano progresiva creciente. -35.19233, -60.11307; -35.32717, -60.09779",,,"15,00",,
SI,10/4/2026,CORTE DE PASTO,093-08,"3,00","4,00",CAMIONETA,O.I.,1307,,,,,,,,,,,,,"Continuación de tareas de desmalezado manual de señalizaciones y alcantarilas. Coords. PROG. INICIAL: -35.64943, -59.79201; PROG. FINAL: -35.67007, -59.81488",,,"1,00",,
SI,10/4/2026,CORTE DE PASTO,093-08,"2,00","4,00",TRACTOR,O.I.,21503,,,,,,,,,,,,,"Continuación de tareas. Coords. PROG. INICIAL: -35.64943, -59.79201; PROG. FINAL: -35.67007, -59.81488",,,"2,00",,
SI,10/4/2026,MANTENIMIENTO DE PAVIMENTOS,RP30,"267,00","280,00",CAMIÓN,R.O.,41020,CAMIONETA,R.O.,44808,,,,,,,,,,"-36.21866, -59.04482; -36.09100, -59.08894",,,"13,00",,
SI,13/4/2026,CORTE DE PASTO,093-13,"10,00","13,00",CAMIONETA,O.I.,1307,,,,,,,,,,,,,"-35.62458, -59.77885; -35.60578, -59.80432",,,"3,00",,
SI,13/4/2026,MANTENIMIENTO DE PAVIMENTOS,RP91,"0,00","9,00",CAMIÓN,R.O.,41020,CAMIONETA,R.O.,44808,,,,,,,,,,"-35.69308, -59.78524; -35.70894, -59.69681",,,"9,00",,
SI,13/4/2026,MANTENIMIENTO DE PAVIMENTOS,RP51,"318,00","319,00",CAMIONETA,R.O.,51426,,,,,,,,,,,,,"Relevamiento de pavimento rígido. -36.00419, -59.88765; -36.00646, -59.88843",si,,"1,00",,
SI,14/4/2026,CORTE DE PASTO,093-05,"0,00","10,00",TRACTOR,O.I.,9667,CAMIONETA,R.O.,29792,,,,,,,,,,"-35.6797, -59.72325 ; -35.63436, -59.626",,,"10,00",,
SI,14/4/2026,CORTE DE PASTO,093-13,"10,00","13,00",CAMIONETA,O.I.,1307,,,,,,,,,,,,,"Continuación de tareas en la misma traza. -35.62458, -59.77885; -35.60578, -59.80432",,,"3,00",,
SI,14/4/2026,CORTE DE PASTO,093-02,"0,00","4,00",CAMIONETA,R.O.,51426,RETROEXCAVADORA,O.I.,2084,,,,,,,,,,"Continuación de tareas de desmonte y limpieza de malezas. Coords.: -35.53987, -59.6969; -35.56374, -59.66437",,,"4,00",,
SI,14/4/2026,MANTENIMIENTO DE PAVIMENTOS,RP51,"285,00","300,00",CAMIÓN,R.O.,41020,CAMIONETA,R.O.,44808,,,,,,,,,,"-35.70972, -59.79172; -35.84537, -59.83601",,,"15,00",,
SI,15/4/2026,MANTENIMIENTO DE PAVIMENTOS,RP51,"320,00","345,00",CAMIÓN,R.O.,41020,CAMIONETA,R.O.,44808,,,,,,,,,,"-36.01287, -59.89231; -36.01287, -59.89231",,,"25,00",,
SI,15/4/2026,CORTE DE PASTO,093-05,"0,00","10,00",TRACTOR,O.I.,9667,CAMIONETA,R.O.,29792,,,,,,,,,,"Continuación de tareas. -35.6797, -59.72325 ; -35.63436, -59.626",,,"10,00",,
SI,15/4/2026,CORTE DE PASTO,093-13,"10,00","13,00",CAMIONETA,O.I.,1307,,,,,,,,,,,,,"Continuación de tareas en la misma traza. -35.62458, -59.77885; -35.60578, -59.80432",,,"3,00",,
SI,15/4/2026,CORTE DE PASTO,093-02,"0,00","4,00",CAMIONETA,R.O.,51426,RETROEXCAVADORA,O.I.,2084,,,,,,,,,,"Continuación de tareas de desmonte y limpieza de malezas. Coords.: -35.53987, -59.6969; -35.56374, -59.66437",,,"4,00",,
SI,16/4/2026,MANTENIMIENTO DE PAVIMENTOS,RP51,"320,00","345,00",CAMIÓN,R.O.,41020,CAMIONETA,R.O.,44808,,,,,,,,,,"Continuación de tareas. -36.01287, -59.89231; -36.01287, -59.89231",,,"25,00",,
SI,16/4/2026,CORTE DE PASTO,093-05,"0,00","10,00",TRACTOR,O.I.,9667,CAMIONETA,R.O.,29792,,,,,,,,,,"Continuación de tareas. -35.6797, -59.72325 ; -35.63436, -59.626",,,"10,00",,
SI,16/4/2026,CORTE DE PASTO,093-13,"10,00","13,00",CAMIONETA,O.I.,1307,,,,,,,,,,,,,"Continuación de tareas en la misma traza. -35.62458, -59.77885; -35.60578, -59.80432",,,"3,00",,
SI,17/4/2026,CORTE DE PASTO,093-05,"0,00","10,00",TRACTOR,O.I.,9667,CAMIONETA,R.O.,29792,,,,,,,,,,"Continuación de tareas. -35.6797, -59.72325 ; -35.63436, -59.626",,,"10,00",,
SI,17/4/2026,MANTENIMIENTO DE PAVIMENTOS,093-13,"10,00","13,00",CAMIÓN,R.O.,41020,CAMIONETA,R.O.,44808,,,,,,,,,,"Tareas de bacheo en el tramo comprendido entre las coords.: -35.62458, -59.77885; -35.60578, -59.80432",,,"3,00",,
SI,22/4/2026,SEÑALIZACIÓN Y DEMARCACIÓN (Horizontal y Vertical),RP30,"267,50","282,60",CAMIONETA,R.O.,44808,,,,,,,,,,,,,"PROG. INICIAL: -36.21450, -59.04533; PROG. FINAL: -36.06652, -59.09640",,,"15,10",,
SI,22/4/2026,CORTE DE PASTO,RP30,"418,10","419,10",CAMIONETA,O.I.,1307,,,,,,,,,,,,,"DESMALEZADO MANUAL. PROG. INICIAL: -35.22297, -59.71807; PROG. FINAL: -35.21554, -59.72125",,,"1,00",,
SI,22/4/2026,MANTENIMIENTO DE PAVIMENTOS,093-03,"0,00","6,00",CAMIÓN,R.O.,41020,CAMIONETA,R.O.,44808,,,,,,,,,,"PROG. INICIAL: -35.46248, -59.58209; PROG. FINAL: -35.49804, -59.53365",,,"6,00",,
SI,23/4/2026,CORTE DE PASTO,RP30,"419,20","421,50",CAMIONETA,O.I.,1307,,,,,,,,,,,,,"DESMALEZADO MANUAL. PROG. INICIAL: -35.20615, -59.72340; PROG. FINAL: -35.19506, -59.72580",,,"2,30",,
SI,23/4/2026,CORTE DE PASTO,093-05,"0,00","8,00",TRACTOR,O.I.,9667,,,,,,,,,,,,,"-35.6797, -59.72325; -35.64408, -59.64729",,,"8,00",,
SI,23/4/2026,CORTE DE PASTO,093-02,"0,00","4,00",CAMIONETA,R.O.,51426,RETROEXCAVADORA,O.I.,2084,,,,,,,,,,"Continuación de tareas de desmonte y limpieza de malezas. Coords.: -35.53987, -59.6969; -35.56374, -59.66437",,,"4,00",,
SI,24/4/2026,CORTE DE PASTO,RP30,"417,10","418,10",CAMIONETA,O.I.,1307,,,,,,,,,,,,,"DESMALEZADO MANUAL. PROG. INICIAL: -35.23006, -59.71464; PROG. FINAL: -35.21554, -59.72125",,,"1,00",,
SI,24/4/2026,CORTE DE PASTO,RP91,"1,00","9,00",TRACTOR,O.I.,9667,,,,,,,,,,,,,"PROG. INICIAL: -35.69338, -59.78584; PROG. FINAL: -35.70960, -59.69470",,,"8,00",,
SI,24/4/2026,CORTE DE PASTO,093-13,"0,00","4,50",TRACTOR,O.I.,9667,,,,,,,,,,,,,"PROG. INICIAL: -35.70965, -59.69278; PROG. FINAL: -35.6797, -59.72325",,,"4,50",,
SI,27/4/2026,CORTE DE PASTO,RP30,"415,00","417,10",CAMIONETA,O.I.,1307,,,,,,,,,,,,,"DESMALEZADO MANUAL. PROG. INICIAL: -35.24204, -59.70443; PROG. FINAL: -35.23006, -59.71464",,,"2,10",,
SI,27/4/2026,CORTE DE PASTO,RP91,"1,00","9,00",TRACTOR,O.I.,9667,,,,,,,,,,,,,"Regreso por mano opuesta en progresiva descendendete. PROG. INICIAL: -35.69338, -59.78584; PROG. FINAL: -35.70960, -59.69470",,,"8,00",,
SI,27/4/2026,CORTE DE PASTO,093-02,"0,00","4,00",CAMIONETA,R.O.,51426,RETROEXCAVADORA,O.I.,2084,,,,,,,,,,"Continuación de tareas de desmonte y limpieza de malezas. Coords.: -35.53987, -59.6969; -35.56374, -59.66437",,,"4,00",,
SI,27/4/2026,CALZADO DE BANQUINAS,RP51,"279,00","279,40",MOTONIVELADORA,O.I.,2066,,,,,,,,,,,,,"PROG. INICIAL: -35.66566, -59.82045; PROG. FINAL: -35.66851, -59.81695",,,"0,40",,
SI,27/4/2026,CAMINOS RURALES,093-08,"4,00","7,00",MOTONIVELADORA,O.I.,2066,,,,,,,,,,,,,"PROG. INICIAL: -35.66759, -59.81826; PROG. FINAL: -35.68808, -59.84097",,,"3,00",,
SI,27/4/2026,MANTENIMIENTO DE PAVIMENTOS,RP51,"278,00","279,40",CAMIÓN,R.O.,41020,CAMIONETA,R.O.,44808,,,,,,,,,,"PROG. INICIAL: -35.65939, -59.82820; PROG. FINAL: -35.66851, -59.81695",,,"1,40",,
SI,27/4/2026,MANTENIMIENTO DE PAVIMENTOS,RP91,"1,00","9,00",CAMIÓN,R.O.,41020,CAMIONETA,R.O.,44808,,,,,,,,,,"PROG. INICIAL: -35.69338, -59.78584; PROG. FINAL: -35.70960, -59.69470",,,"8,00",,
SI,27/4/2026,MANTENIMIENTO DE PAVIMENTOS,093-08,"2,00","4,00",CAMIÓN,R.O.,41020,CAMIONETA,R.O.,44808,,,,,,,,,,"PROG. INICIAL: -35.65513, -59.79819; PROG. FINAL: -35.67007, -59.81488",,,"2,00",,
SI,28/4/2026,CORTE DE PASTO,093-02,"0,00","4,00",CAMIONETA,R.O.,51426,RETROEXCAVADORA,O.I.,2084,,,,,,,,,,"Continuación de tareas de desmonte y limpieza de malezas. Coords.: -35.53987, -59.6969; -35.56374, -59.66437",,,"4,00",,
SI,28/4/2026,CORTE DE PASTO,RP51,"282,20","283,60",TRACTOR,O.I.,9667,,,,,,,,,,,,,"ROTONDA ""LA GALLARETA"" (NODO RP51 - RP91). PROG. INICIAL: -35.69028, -59.78955; PROG. FINAL: 35.69651, -59.78689",,,"1,40",,
SI,28/4/2026,CORTE DE PASTO,RP30,"419,10","422,10",CAMIONETA,O.I.,1307,,,,,,,,,,,,,"DESMALEZADO MANUAL. PROG. INICIAL: -35.21554, -59.72125; PROG. FINAL: -35.19114, -59.72752",,,"3,00",,
SI,28/4/2026,CAMINOS RURALES,093-08,"7,00","10,00",MOTONIVELADORA,O.I.,2066,,,,,,,,,,,,,"PROG. INICIAL: -35.68808, -59.84097 ; PROG. FINAL: -35.71308, -59.85472",,,"3,00",,
SI,28/4/2026,MANTENIMIENTO DE PAVIMENTOS,RP47,"5,00","20,00",CAMIÓN,R.O.,41020,CAMIONETA,R.O.,44808,,,,,,,,,,"-34.97059, -59.26802; -34.86016, -59.21288",,,"15,00",,
SI,29/4/2026,MANTENIMIENTO DE PAVIMENTOS,RP47,"5,00","20,00",CAMIÓN,R.O.,41020,CAMIONETA,R.O.,44808,,,,,,,,,,"CONTINUACIÓN DE TAREAS. -34.97059, -59.26802; -34.86016, -59.21288",,,"15,00",,
SI,29/4/2026,CORTE DE PASTO,RP30,"422,10","432,00",CAMIONETA,O.I.,1307,,,,,,,,,,,,,"DESMALEZADO MANUAL. -35.19114, -59.72752; -35.11261, -59.74760",,,"9,90",,
SI,29/4/2026,CORTE DE PASTO,093-01,"11,00","12,00",CAMIONETA,R.O.,51426,RETROEXCAVADORA,O.I.,2084,,,,,,,,,,"Tareas de desmonte y limpieza de malezas. Coords.: -35.58053, -59.67379; -35.57823, -59.66534",,,"1,00",,
SI,29/4/2026,CAMINOS RURALES,093-08,"10,00","14,00",MOTONIVELADORA,O.I.,2066,CAMIONETA,R.O.,29792,,,,,,,,,,"-35.71206, -59.85423; -35.74396, -59.87136",,,"4,00",,
SI,30/4/2026,CORTE DE PASTO,RP30,"422,10","432,00",CAMIONETA,O.I.,1307,,,,,,,,,,,,,"CONTINUACIÓN DE TAREAS DE DESMALEZADO MANUAL. -35.19114, -59.72752; -35.11261, -59.74760",,,"9,90",,
SI,30/4/2026,CAMINOS RURALES,093-08,"14,00","18,00",MOTONIVELADORA,O.I.,2066,CAMIONETA,R.O.,51426,,,,,,,,,,"-35.74396, -59.87136; -35.77834, -59.88974",,,"4,00",,
SI,30/4/2026,MANTENIMIENTO DE PAVIMENTOS,RP51,"246,00","250,00",CAMIONETA,R.O.,26395,,,,,,,,,,,,,"-35.50244, -60.05289; -35.50244, -60.05289",,,"4,00",,
SI,4/5/2026,CORTE DE PASTO,RP51,"284,00","289,30",CAMIONETA,O.I.,1307,,,,,,,,,,,,,"TAREAS DE DESMALEZADO MANUAL. COORDS: -35.70017, -59.78824; -35.74679, -59.80322",,,"5,30",,
SI,4/5/2026,CORTE DE PASTO,RP91,"10,00","25,00",TRACTOR,O.I.,21806,DESMALEZADORA,O.I.,21803,CAMIONETA,R.O.,29792,,,,,,,"-35.71028, -59.69271; -35.80215, -59.56641",,,"15,00",,
SI,4/5/2026,CORTE DE PASTO,RP51,"284,00","290,20",TRACTOR,O.I.,9667,,,,,,,,,,,,,"-35.70017, -59.78824; -35.75459, -59.80614",,,"6,20",,
SI,5/5/2026,CORTE DE PASTO,RP51,"290,00","295,00",CAMIONETA,O.I.,1307,,,,,,,,,,,,,"DESMALEZADO MANUAL. -35.75320, -59.80545; -35.79749, -59.81996",,,"5,00",,
SI,5/5/2026,CORTE DE PASTO,RP51,"290,00","295,00",TRACTOR,O.I.,9667,,,,,,,,,,,,,"-35.75320, -59.80545; -35.79749, -59.81996",,,"5,00",,
SI,5/5/2026,MANTENIMIENTO DE PAVIMENTOS,RP47,"4,00","15,00",CAMIÓN,R.O.,41020,CAMIONETA,R.O.,44808,,,,,,,,,,"BACHEO EN RP47 Y VARIANTE A RP41. COORDS.: -34.97572, -59.27034; -34.93728, -59.24081. VARIANTE: -34.974967, -59.276406; -34.985723, -59.313693",,,"11,00",,
SI,6/5/2026,CORTE DE PASTO,RP51,"295,00","300,00",CAMIONETA,O.I.,1307,,,,,,,,,,,,,"DESMALEZADO MANUAL. -35.79749, -59.81996; -35.84193, -59.83420",,,"5,00",,
SI,6/5/2026,CORTE DE PASTO,RP51,"295,00","300,00",TRACTOR,O.I.,9667,,,,,,,,,,,,,"DESMALEZADO MECÁNICO. -35.79749, -59.81996; -35.84193, -59.83420",,,"5,00",,
SI,6/5/2026,CORTE DE PASTO,093-13,"6,00","9,00",CAMIONETA,R.O.,26395,RETROEXCAVADORA,O.I.,2084,,,,,,,,,,"Tareas de limpieza de canales. Coords.: -35.67053, -59.7352; -35.65241, -59.75969",,,"3,00",,
SI,7/5/2026,CORTE DE PASTO,RP51,"276,50","277,00",TRACTOR,O.I.,9667,,,,,,,,,,,,,"DESMALEZADO EN PREDIO DE LA DVBA ZONA VI. COORDS. -35.65147, -59.83733; -35.65233, -59.83617",,,"0,50",,
SI,7/5/2026,CORTE DE PASTO,RP51,"276,50","277,00",CAMIONETA,O.I.,1307,,,,,,,,,,,,,"DESMALEZADO EN PREDIO DE LA DVBA ZONA VI. COORDS. -35.65147, -59.83733; -35.65233, -59.83617",,,"0,50",,
SI,7/5/2026,CORTE DE PASTO,093-13,"6,00","9,00",CAMIONETA,R.O.,26395,RETROEXCAVADORA,O.I.,2084,CAMIONETA,R.O.,44808,,,,,,,"Tareas de limpieza de canales. Coords.: -35.67053, -59.7352; -35.65241, -59.75969",,,"3,00",,
SI,8/5/2026,CORTE DE PASTO,RP51,"276,50","277,00",TRACTOR,O.I.,9667,,,,,,,,,,,,,"DESMALEZADO EN PREDIO DE LA DVBA ZONA VI. COORDS. -35.65147, -59.83733; -35.65233, -59.83617",,,"0,50",,
SI,8/5/2026,CORTE DE PASTO,RP51,"276,50","277,00",CAMIONETA,O.I.,1307,,,,,,,,,,,,,"DESMALEZADO EN PREDIO DE LA DVBA ZONA VI. COORDS. -35.65147, -59.83733; -35.65233, -59.83617",,,"0,50",,
SI,8/5/2026,CORTE DE PASTO,093-13,"6,00","9,00",CAMIONETA,R.O.,26395,RETROEXCAVADORA,O.I.,2084,CAMIONETA,R.O.,44808,,,,,,,"Tareas de limpieza de canales. Coords.: -35.67053, -59.7352; -35.65241, -59.75969",,,"3,00",,
SI,8/5/2026,CORTE DE PASTO,RP51,"300,00","315,00",CAMIONETA,O.I.,1307,,,,,,,,,,,,,"DESMALEZADO MANUAL. -35.84193, -59.8342; -35.97301, -59.87738",,,"15,00",,
SI,8/5/2026,CORTE DE PASTO,RP51,"300,00","315,00",TRACTOR,O.I.,9667,,,,,,,,,,,,,"DESMALEZADO MECÁNICO. -35.84193, -59.83420; -35.97301, -59.87738",,,"15,00",,
SI,8/5/2026,CORTE DE PASTO,RP91,"10,50","25,00",TRACTOR,O.I.,21806,DESMALEZADORA,O.I.,21803,CAMIONETA,R.O.,29792,,,,,,,"-35.71251, -59.68906; -35.80264, -59.56547",SI,,"14,50",,
SI,11/5/2026,CORTE DE PASTO,093-13,"6,00","9,00",CAMIONETA,R.O.,26395,RETROEXCAVADORA,O.I.,2084,CAMIONETA,R.O.,44808,,,,,,,"Tareas de limpieza de canales. Coords.: -35.67053, -59.7352; -35.65241, -59.75969",SI,,"3,00",,
SI,11/5/2026,CORTE DE PASTO,RP51,"315,00","320,00",CAMIONETA,O.I.,1307,,,,,,,,,,,,,"DESMALEZADO MANUAL. -35.97301, -59.87738; -36.01278, -59.89181",,,"5,00",,
SI,11/5/2026,CORTE DE PASTO,RP51,"315,00","320,00",TRACTOR,O.I.,9667,,,,,,,,,,,,,"DESMALEZADO MECÁNICO. -35.97301, -59.87738; -36.01278, -59.89181",,,"5,00",,
SI,11/5/2026,CORTE DE PASTO,RP91,"25,00","40,00",TRACTOR,O.I.,21806,DESMALEZADORA,O.I.,21803,CAMIONETA,R.O.,29792,,,,,,,"-35.80264, -59.56547; -35.86511, -59.42495",,,"15,00",,
SI,11/5/2026,CAMINOS RURALES,RP44,"28,00","31,70",MOTONIVELADORA,O.I.,22108,,,,,,,,,,,,,"-35.03386, -59.61164; -35.05843, -59.63926",SI,,"3,70",,
SI,12/5/2026,CORTE DE PASTO,RP51,"320,00","330,00",CAMIONETA,O.I.,1307,,,,,,,,,,,,,"DESMALEZADO MANUAL. -36.01278, -59.89181; -36.10043, -59.91943",,,"10,00",,
SI,12/5/2026,CORTE DE PASTO,RP51,"320,00","330,00",TRACTOR,O.I.,9667,,,,,,,,,,,,,"DESMALEZADO MECÁNICO. -36.01278, -59.89181; -36.10043, -59.91943",,,"10,00",,
SI,12/5/2026,CORTE DE PASTO,RP91,"40,00","51,70",TRACTOR,O.I.,21806,DESMALEZADORA,O.I.,21803,CAMIONETA,R.O.,29792,,,,,,,"-35.86511, -59.42495; -35.93914, -59.33251",,,"11,70",,
SI,12/5/2026,CORTE DE PASTO,093-13,"6,00","9,00",CAMIONETA,R.O.,26395,RETROEXCAVADORA,O.I.,2084,CAMIONETA,R.O.,44808,,,,,,,"Tareas de limpieza de canales. Coords.: -35.67053, -59.7352; -35.65241, -59.75969",,,"3,00",,
SI,13/5/2026,CORTE DE PASTO,RP51,"330,00","340,00",CAMIONETA,O.I.,1307,,,,,,,,,,,,,"DESMALEZADO MANUAL. -36.10043, -59.91943; -36.18777, -59.95359",,,"10,00",,
SI,13/5/2026,CORTE DE PASTO,RP51,"330,00","340,00",TRACTOR,O.I.,9667,,,,,,,,,,,,,"DESMALEZADO MECÁNICO. -36.10043, -59.91943; -36.18777, -59.95359",,,"10,00",,
SI,13/5/2026,CORTE DE PASTO,RP61,"60,00","78,00",TRACTOR,O.I.,21806,DESMALEZADORA,O.I.,21803,CAMIONETA,R.O.,29792,,,,,,,"-36.02402, -59.15342; -35.93924, -59.33240",,,"18,00",,
SI,13/5/2026,CORTE DE PASTO,093-13,"6,00","9,00",CAMIONETA,R.O.,26395,RETROEXCAVADORA,O.I.,2084,CAMIONETA,R.O.,44808,,,,,,,"Tareas de limpieza de canales. Coords.: -35.67053, -59.7352; -35.65241, -59.75969",,,"3,00",,
SI,13/5/2026,MANTENIMIENTO DE PAVIMENTOS,093-13,"10,00","10,60",MINI CARGADORA,O.I.,21202,CAMIÓN,R.O.,41020,,,,,,,,,,"-35.62464, -59.77879; -35.62111, -59.7836",,,"0,60",,
SI,14/5/2026,CORTE DE PASTO,RP51,"340,00","346,50",CAMIONETA,O.I.,1307,,,,,,,,,,,,,"DESMALEZADO MANUAL. -36.10043, -59.91943; -36.24391, -59.97217",,,"6,50",,
SI,14/5/2026,CORTE DE PASTO,RP51,"340,00","346,50",TRACTOR,O.I.,9667,,,,,,,,,,,,,"DESMALEZADO MECÁNICO. -36.10043, -59.91943; -36.24391, -59.97217",,,"6,50",,
SI,14/5/2026,CORTE DE PASTO,RP30,"279,00","289,20",TRACTOR,O.I.,21806,DESMALEZADORA,O.I.,21803,CAMIONETA,R.O.,29792,,,,,,,"-36.10089, -59.08589; -36.02466, -59.15172",,,"10,20",,
SI,14/5/2026,MANTENIMIENTO DE PAVIMENTOS,093-13,"10,00","10,60",MINI CARGADORA,O.I.,21202,CAMIÓN,R.O.,41020,,,,,,,,,,"-35.62464, -59.77879; -35.62111, -59.7836",,,"0,60",,
SI,14/5/2026,SEÑALIZACIÓN Y DEMARCACIÓN (Horizontal y Vertical),093-13,"10,00","11,20",CAMIONETA,R.O.,44808,,,,,,,,,,,,,"-35.62464, -59.77879; -35.61759, -59.78838",,,"1,20",,
SI,15/5/2026,CORTE DE PASTO,RP30,"267,00","279,00",TRACTOR,O.I.,21806,DESMALEZADORA,O.I.,21803,CAMIONETA,R.O.,29792,,,,,,,"-36.21821, -59.04479; -36.02466, -59.15172",,,"12,00",,
SI,15/5/2026,CORTE DE PASTO,RP51,"340,00","346,50",CAMIONETA,O.I.,1307,,,,,,,,,,,,,"DESMALEZADO MANUAL. -36.10043, -59.91943; -36.24391, -59.97217",,,"6,50",,
SI,15/5/2026,MANTENIMIENTO DE PAVIMENTOS,093-13,"10,00","10,60",CAMIONETA,R.O.,44808,CAMIÓN,R.O.,41020,MINI CARGADORA,O.I.,21202,,,,,,,"COLOCACIÓN DE REDUCTORES DE VELOCIDAD (LOMOS DE BURRO). USO DE CAMIÓN VOLVO DE OTRA ZONA (R.O.: 26724). -35.62464, -59.77879; -35.62111, -59.7836.",,,"0,60",,
SI,18/5/2026,CORTE DE PASTO,RP51,"330,00","340,00",CAMIONETA,O.I.,1307,,,,,,,,,,,,,"DESMALEZADO MANUAL. -36.10043, -59.91943; -36.18749, -59.95342",,,"10,00",,
SI,18/5/2026,CORTE DE PASTO,RP30,"267,00","279,00",TRACTOR,O.I.,21806,DESMALEZADORA,O.I.,21803,CAMIONETA,R.O.,29792,,,,,,,"RETORNO EN SENTIDO PROG ASCENDENTE. -36.21821, -59.04479; -36.02466, -59.15172",,,"12,00",,
SI,18/5/2026,CAMINOS RURALES,093-08,"11,00","14,00",MOTONIVELADORA,O.I.,2066,CAMIONETA,R.O.,51426,,,,,,,,,,,si,,"3,00",,
SI,18/5/2026,CORTE DE PASTO,093-13,"6,00","9,00",CAMIÓN,R.O.,41020,PALA CARGADORA FRONTAL,O.I.,22127,CAMIONETA,R.O.,44808,CAMIÓN,R.O.,18785,,,,"Tareas de limpieza de canales. Coords.: -35.67053, -59.7352; -35.65241, -59.75969",,,"3,00",,
SI,19/5/2026,CALZADO DE BANQUINAS,093-13,"6,00","9,00",CAMIÓN,R.O.,41020,PALA CARGADORA FRONTAL,O.I.,22127,CAMIONETA,R.O.,44808,CAMIÓN,R.O.,18785,,,,"Tareas de limpieza de canales. Coords.: -35.67053, -59.7352; -35.65241, -59.75969",si,,"3,00",,
SI,19/5/2026,CORTE DE PASTO,RP51,"320,00","330,00",CAMIONETA,O.I.,1307,,,,,,,,,,,,,"DESMALEZADO MANUAL. -36.01301, -59.89283; -36.10043, -59.91943",,,"10,00",,
SI,19/5/2026,CORTE DE PASTO,RP61,"59,90","78,00",TRACTOR,O.I.,21806,DESMALEZADORA,O.I.,21803,CAMIONETA,R.O.,29792,,,,,,,"-36.02434, -59.15254; -35.93952, -59.33205",,,"18,10",,
SI,20/5/2026,MANTENIMIENTO DE PAVIMENTOS,RP30,"187,10","187,20",CAMIONETA,O.I.,1307,,,,,,,,,,,,,"-36.03938, -59.13198; -36.03860, -59.13301",,,"0,10",,
SI,20/5/2026,CORTE DE PASTO,RP91,"40,00","51,60",TRACTOR,O.I.,21806,DESMALEZADORA,O.I.,21803,CAMIONETA,R.O.,29792,,,,,,,"-35.86506, -59.42498; -35.93887, -59.33280",,,"11,60",,
SI,20/5/2026,CAMINOS RURALES,093-08,"14,00","17,00",MOTONIVELADORA,O.I.,2066,CAMIONETA,R.O.,51426,,,,,,,,,,,,,"3,00",,
SI,20/5/2026,CALZADO DE BANQUINAS,093-13,"6,00","9,00",CAMIÓN,R.O.,40990,PALA CARGADORA FRONTAL,O.I.,22127,CAMIONETA,R.O.,44808,CAMIÓN,R.O.,18785,,,,"Se adjuntas fotrografías de fecha 18-05-26 faltantes. Tareas de limpieza de canales. Coords.: -35.67053, -59.7352; -35.65241, -59.75969",si,,"3,00",,
SI,21/5/2026,CORTE DE PASTO,RP51,"335,00","340,00",CAMIONETA,O.I.,1307,,,,,,,,,,,,,Desmalezado manual en límite de Pdos. Gral Alvear - Tapalqué.,,,"5,00",,
SI,21/5/2026,CORTE DE PASTO,RP91,"20,00","40,00",TRACTOR,O.I.,21806,DESMALEZADORA,O.I.,21803,CAMIONETA,R.O.,29792,,,,,,,"-35.77214, -59.60907; -35.86506, -59.42498",,,"20,00",,
SI,21/5/2026,CALZADO DE BANQUINAS,093-13,"6,00","9,00",CAMIÓN,R.O.,40990,PALA CARGADORA FRONTAL,O.I.,22127,CAMIONETA,R.O.,44808,CAMIÓN,R.O.,18785,MOTONIVELADORA,O.I.,2066,"Tareas de limpieza de canales. Coords.: -35.67053, -59.7352; -35.65241, -59.75969",SI,,"3,00",,
SI,22/5/2026,CORTE DE PASTO,RP51,"340,00","345,00",CAMIONETA,O.I.,1307,,,,,,,,,,,,,Desmalezado manual en límite de Pdos. Gral Alvear - Tapalqué.,,,"5,00",,
SI,22/5/2026,CALZADO DE BANQUINAS,093-13,"6,00","9,00",CAMIÓN,R.O.,40990,PALA CARGADORA FRONTAL,O.I.,22127,CAMIONETA,R.O.,44808,CAMIÓN,R.O.,18785,MOTONIVELADORA,O.I.,2066,"Tareas de limpieza de canales. Coords.: -35.67053, -59.7352; -35.65241, -59.75969",,,"3,00",,
SI,22/5/2026,CALZADO DE BANQUINAS,093-13,"6,00","9,00",MOTONIVELADORA,O.I.,2066,,,,,,,,,,,,,"Coords.: -35.67053, -59.7352; -35.65241, -59.75969",,,"3,00",,
SI,27/5/2026,MANTENIMIENTO DE PAVIMENTOS,RP51,"224,00","228,00",CAMIONETA,R.O.,44808,,,,,,,,,,,,,"-35.27316, -60.10526; -35.30938, -60.10174",,,"4,00",,
SI,27/5/2026,SEÑALIZACIÓN Y DEMARCACIÓN (Horizontal y Vertical),093-05,"4,00","10,00",CAMIONETA,O.I.,1307,,,,,,,,,,,,,"-35.63436, -59.626; -35.59163, -59.50609",,,"6,00",,
SI,28/5/2026,MANTENIMIENTO DE PAVIMENTOS,RP40,"125,00","130,00",CAMIÓN,R.O.,41020,CAMIONETA,R.O.,44808,,,,,,,,,,"-35.26559, -59.69203; -35.27307, -59.75851",,,"5,00",,
SI,28/5/2026,CALZADO DE BANQUINAS,093-13,"6,00","9,00",CAMIÓN,R.O.,40990,PALA CARGADORA FRONTAL,O.I.,22127,CAMIONETA,R.O.,44808,CAMIÓN,R.O.,18785,,,,"Tareas de limpieza de canales. Coords.: -35.67053, -59.7352; -35.65241, -59.75969",,,"3,00",,
SI,28/5/2026,CAMINOS RURALES,093-08,"17,00","20,00",MOTONIVELADORA,O.I.,2066,CAMIONETA,R.O.,51426,,,,,,,,,,,,,"3,00",,
SI,29/5/2026,MANTENIMIENTO DE PAVIMENTOS,RP40,"125,00","130,00",CAMIÓN,R.O.,41020,CAMIONETA,R.O.,44808,,,,,,,,,,"-35.26559, -59.69203; -35.27307, -59.75851",,,"5,00",,
SI,29/5/2026,CALZADO DE BANQUINAS,093-13,"6,00","9,00",CAMIÓN,R.O.,40990,PALA CARGADORA FRONTAL,O.I.,22127,CAMIONETA,R.O.,44808,CAMIÓN,R.O.,18785,,,,"Tareas de limpieza de canales. Coords.: -35.67053, -59.7352; -35.65241, -59.75969",,,"3,00",,
SI,1/6/2026,CALZADO DE BANQUINAS,093-13,"6,00","9,00",CAMIÓN,R.O.,18785,PALA CARGADORA FRONTAL,O.I.,22127,CAMIONETA,R.O.,29792,,,,,,,"Tareas de limpieza de canales. Coords.: -35.67053, -59.7352; -35.65241, -59.75969",,,"3,00",,
SI,1/6/2026,MANTENIMIENTO DE PAVIMENTOS,RP61,"137,00","146,00",CAMIÓN,R.O.,41020,CAMIONETA,R.O.,44808,,,,,,,,,,"-36.00591, -59.89092; -36.02508, -59.97449",,,"9,00",,
SI,1/6/2026,MANTENIMIENTO DE ALUMBRADO,RP91,"9,00","10,00",CAMIÓN,R.O.,18805,,,,,,,,,,,,,"Mantenimiento de luminarias. -35.70890, -59.69687: -35.71204, -59.68957",,,"1,00",,
SI,2/6/2026,MANTENIMIENTO DE ALUMBRADO,RP91,"9,00","10,00",CAMIÓN,R.O.,18805,,,,,,,,,,,,,"Mantenimiento de luminarias. -35.70890, -59.69687: -35.71204, -59.68957",,,"1,00",,
SI,2/6/2026,CALZADO DE BANQUINAS,093-13,"6,00","9,00",CAMIÓN,R.O.,18785,PALA CARGADORA FRONTAL,O.I.,22127,CAMIONETA,O.I.,2918,CAMIÓN,R.O.,40990,,,,"Tareas de limpieza de canales. Coords.: -35.67053, -59.7352; -35.65241, -59.75969",,,"3,00",,
SI,2/6/2026,MANTENIMIENTO DE PAVIMENTOS,RP30,"377,00","411,00",CAMIÓN,R.O.,41020,CAMIONETA,R.O.,44808,,,,,,,,,,"-35.39476, -59.41543; -35.26810, -59.68720",,,"34,00",,
SI,2/6/2026,CAMINOS RURALES,093-08,"20,00","23,00",MOTONIVELADORA,O.I.,2066,CAMIONETA,R.O.,51426,,,,,,,,,,,,,"3,00",,
SI,3/6/2026,CALZADO DE BANQUINAS,093-13,"6,00","9,00",CAMIÓN,R.O.,18785,PALA CARGADORA FRONTAL,O.I.,22127,CAMIONETA,O.I.,2918,CAMIÓN,R.O.,40990,,,,"Tareas de limpieza de canales. Coords.: -35.67053, -59.7352; -35.65241, -59.75969",,,"3,00",,
SI,3/6/2026,MANTENIMIENTO DE PAVIMENTOS,RP30,"377,00","411,00",CAMIÓN,R.O.,41020,CAMIONETA,R.O.,44808,,,,,,,,,,"-35.39476, -59.41543; -35.26810, -59.68720",,,"34,00",,
SI,3/6/2026,CAMINOS RURALES,093-08,"23,00","26,00",MOTONIVELADORA,O.I.,2066,CAMIONETA,R.O.,51426,,,,,,,,,,,,,"3,00",,
SI,3/6/2026,MANTENIMIENTO DE ALUMBRADO,RP91,"9,00","10,00",CAMIÓN,R.O.,18805,,,,,,,,,,,,,"Mantenimiento de luminarias. -35.70890, -59.69687: -35.71204, -59.68957",,,"1,00",,
SI,9/6/2026,CORTE DE PASTO,RP51,"284,00","294,00",TRACTOR,O.I.,9667,,,,,,,,,,,,,"Desmalezado mecánico. Coords.: -35.70021, -59.78816; -35.79178, -59.81833",,,"10,00",,
SI,9/6/2026,CORTE DE PASTO,RP51,"284,00","294,00",CAMIONETA,O.I.,2918,,,,,,,,,,,,,"Desmalezado manual. Coords.: -35.70021, -59.78816; -35.79178, -59.81833",,,"10,00",,
SI,9/6/2026,,RP51,"245,00","275,10",CAMIÓN,R.O.,41020,CAMIÓN,R.O.,40990,PALA CARGADORA FRONTAL,O.I.,22127,,,,,,,"Coords.: -35.46193, -60.07839; -35.64474, -59.84631. Traslado de vehículos quemados en banquina con carretón (O.I.: 22121)",si,,"30,10",,
SI,10/6/2026,MANTENIMIENTO DE PAVIMENTOS,RP51,"245,00","275,00",CAMIÓN,R.O.,41020,CAMIONETA,R.O.,44808,,,,,,,,,,"Coords.: -35.46193, -60.07839; -35.64474, -59.84631.",,,"30,00",,
SI,10/6/2026,CALZADO DE BANQUINAS,093-13,"6,00","9,00",CAMIÓN,R.O.,18785,PALA CARGADORA FRONTAL,O.I.,22127,CAMIÓN,R.O.,40990,CAMIONETA,R.O.,29792,,,,"Tareas de limpieza de canales. Coords.: -35.67053, -59.7352; -35.65241, -59.75969",si,,"3,00",,
SI,10/6/2026,CAMINOS RURALES,093-08,"9,00","12,00",MOTONIVELADORA,O.I.,2066,CAMIONETA,R.O.,51426,,,,,,,,,,,si,,"3,00",,
SI,11/6/2026,CAMINOS RURALES,093-08,"5,00","8,00",MOTONIVELADORA,O.I.,2066,CAMIONETA,R.O.,51426,,,,,,,,,,"Coords.: -35.70404, -59.84988; -35.72766, -59.86258",,,"3,00",,
SI,12/6/2026,CAMINOS RURALES,093-08,"8,00","11,00",MOTONIVELADORA,O.I.,2066,CAMIONETA,R.O.,51426,,,,,,,,,,"Coords: -35.72766, -59.86258; -35.75388, -59.87668",,,"3,00",,
SI,12/6/2026,CORTE DE PASTO,RP51,"295,00","305,00",TRACTOR,O.I.,9667,,,,,,,,,,,,,"Coords.: -35.79763, -59.82004; -35.88613, -59.84991",,,"10,00",,
SI,12/6/2026,CORTE DE PASTO,RP51,"295,00","305,00",CAMIONETA,O.I.,1307,,,,,,,,,,,,,"Desmalezado manual. Coords.: -35.79763, -59.82004; -35.88613, -59.84991",,,"10,00",,
SI,12/6/2026,MANTENIMIENTO DE PAVIMENTOS,RP51,"215,00","235,00",CAMIÓN,R.O.,40990,CAMIONETA,R.O.,44808,,,,,,,,,,"Coords.: -35.19149, -60.11410; -35.37197, -60.08904",,,"20,00",,
SI,12/6/2026,,RP30,"378,00","425,00",CAMIÓN,R.O.,41020,CAMIÓN,R.O.,18785,PALA CARGADORA FRONTAL,O.I.,22127,,,,,,,"Coords.: -35.38982, -59.42290; -35.16697, -59.73344. Traslado de vehículos quemados en banquina con carretón (O.I.: 22121)",,,"47,00",,
SI,16/6/2026,CORTE DE PASTO,RP51,"335,00","346,00",TRACTOR,O.I.,9667,,,,,,,,,,,,,"Desmalezado mecánico. Coords.: -36.14481, -59.93437; -36.24372, -59.97265",,,"11,00",,
SI,16/6/2026,CORTE DE PASTO,RP51,"335,00","346,00",CAMIONETA,O.I.,1307,,,,,,,,,,,,,"Desmalezado manual. Coords.: -36.14481, -59.93437; -36.24372, -59.97265}",,,"11,00",,
SI,16/6/2026,CALZADO DE BANQUINAS,093-13,"6,00","9,00",CAMIÓN,R.O.,18785,PALA CARGADORA FRONTAL,O.I.,22127,CAMIÓN,R.O.,41020,CAMIONETA,R.O.,44808,,,,"Tareas de limpieza de canales. Coords.: -35.67053, -59.7352; -35.65241, -59.75969",,,"3,00",,
SI,17/6/2026,CORTE DE PASTO,RP51,"318,00","335,00",TRACTOR,O.I.,9667,CAMIONETA,O.I.,1307,,,,,,,,,,,si*,,"17,00",,
SI,17/6/2026,CORTE DE PASTO,RP51,"260,00","276,00",TRACTOR,O.I.,21806,DESMALEZADORA,O.I.,21803,CAMIONETA,R.O.,29792,,,,,,,,si*,,"16,00",,
SI,17/6/2026,CALZADO DE BANQUINAS,093-13,"6,00","8,00",CAMIÓN,R.O.,18785,PALA CARGADORA FRONTAL,O.I.,22127,CAMIÓN,R.O.,41020,CAMIONETA,R.O.,44808,,,,Tareas de limpieza de canales,si,,"2,00",,
SI,18/6/2026,CALZADO DE BANQUINAS,093-13,"6,00","7,00",CAMIÓN,R.O.,18785,PALA CARGADORA FRONTAL,O.I.,22127,CAMIÓN,R.O.,41020,,,,,,,Tareas de limpieza de canales,si,,"1,00",,
SI,18/6/2026,CORTE DE PASTO,RP51,"245,00","260,00",TRACTOR,O.I.,21806,DESMALEZADORA,O.I.,21803,CAMIONETA,O.I.,2918,,,,,,,,no,,"15,00",,
SI,18/6/2026,CORTE DE PASTO,RP51,"310,00","318,00",TRACTOR,O.I.,9667,CAMIONETA,O.I.,1307,,,,,,,,,,,no,,"8,00",,
SI,18/6/2026,CORTE DE PASTO,RP41,"162,00","175,00",TRACTOR,O.I.,9734,,,,,,,,,,,,,,no,,"13,00",,
SI,19/6/2026,CORTE DE PASTO,RP51,"276,00","277,00",TRACTOR,O.I.,21503,,,,,,,,,,,,,"DESMALEZADO EN PREDIO DE LA DVBA ZONA VI. COORDS. -35.65147, -59.83733; -35.65233, -59.83617",no,,"1,00",,
SI,22/6/2026,CORTE DE PASTO,RP51,"300,00","310,00",TRACTOR,O.I.,9667,CAMIONETA,O.I.,1307,,,,,,,,,,,si*,,"10,00",,
SI,22/6/2026,CORTE DE PASTO,RP51,"230,00","245,00",TRACTOR,O.I.,21806,DESMALEZADORA,O.I.,21803,CAMIONETA,R.O.,26395,,,,,,,,si*,,"15,00",,
SI,22/6/2026,CORTE DE PASTO,RP51,"276,00","277,00",CAMIONETA,O.I.,2918,,,,,,,,,,,,,"DESMALEZADO MANUAL EN PREDIO DE LA DVBA ZONA VI. COORDS. -35.65147, -59.83733; -35.65233, -59.83617",no,,"1,00",,
SI,22/6/2026,CALZADO DE BANQUINAS,093-13,"6,00","7,00",CAMIÓN,R.O.,18785,PALA CARGADORA FRONTAL,O.I.,22127,CAMIÓN,R.O.,41020,CAMIONETA,R.O.,44808,,,,Tareas de limpieza de canales,si,,"1,00",,
SI,22/6/2026,CORTE DE PASTO,RP41,"175,00","190,00",TRACTOR,O.I.,9734,,,,,,,,,,,,,,no,,"15,00",,
SI,23/6/2026,CALZADO DE BANQUINAS,093-13,"6,00","7,00",CAMIÓN,R.O.,18785,PALA CARGADORA FRONTAL,O.I.,22127,,,,,,,,,,Tareas de limpieza de canales,no,,"1,00",,
SI,23/6/2026,CORTE DE PASTO,RP51,"215,00","230,00",TRACTOR,O.I.,21806,DESMALEZADORA,O.I.,21803,CAMIONETA,R.O.,26395,,,,,,,,no,,"15,00",,
SI,23/6/2026,CORTE DE PASTO,RP51,"285,00","300,00",TRACTOR,O.I.,9667,CAMIONETA,O.I.,1307,,,,,,,,,,,si,,"15,00",,
SI,23/6/2026,MANTENIMIENTO DE PAVIMENTOS,RP40,"40,00","60,00",CAMIÓN,R.O.,41020,CAMIONETA,R.O.,44808,,,,,,,,,,,si,,"20,00",,
SI,24/6/2026,CORTE DE PASTO,RP51,"215,00","230,00",TRACTOR,O.I.,21806,DESMALEZADORA,O.I.,21803,CAMIONETA,R.O.,26395,,,,,,,Regreso desde progresiva ascendente,si,,"15,00",,
SI,24/6/2026,CALZADO DE BANQUINAS,093-13,"6,00","7,00",CAMIÓN,R.O.,18785,PALA CARGADORA FRONTAL,O.I.,22127,,,,,,,,,,,si,,"1,00",,
SI,24/6/2026,MANTENIMIENTO DE PAVIMENTOS,RP40,"28,00","35,00",CAMIONETA,R.O.,44808,CAMIÓN,R.O.,41020,CAMIONETA,O.I.,1307,,,,,,,,no,,"7,00",,
SI,25/6/2026,CORTE DE PASTO,RP51,"230,00","245,00",TRACTOR,O.I.,21806,DESMALEZADORA,O.I.,21803,CAMIONETA,R.O.,26395,,,,,,,Regreso desde progresiva ascendente,no,,"15,00",,
SI,25/6/2026,MANTENIMIENTO DE PAVIMENTOS,RP41,"165,00","185,00",CAMIÓN,R.O.,41020,CAMIONETA,R.O.,44808,,,,,,,,,,,si,,"20,00",,
SI,26/6/2026,CALZADO DE BANQUINAS,093-13,"6,00","7,00",CAMIÓN,R.O.,18785,PALA CARGADORA FRONTAL,O.I.,22127,CAMIÓN,R.O.,41020,,,,,,,,si,,"1,00",,
SI,26/6/2026,CORTE DE PASTO,RP46,"0,00","15,00",TRACTOR,O.I.,21806,DESMALEZADORA,O.I.,21803,CAMIONETA,R.O.,29792,,,,,,,,si,,"15,00",,
SI,29/6/2026,SEÑALIZACIÓN Y DEMARCACIÓN (Horizontal y Vertical),RP91,"9,00","29,00",CAMIONETA,R.O.,44808,,,,,,,,,,,,,,si,,"20,00",,
SI,29/6/2026,CORTE DE PASTO,093-13,"10,00","16,00",CAMIONETA,O.I.,1307,,,,,,,,,,,,,Desmalezado manual.,si,,"6,00",,
SI,29/6/2026,CORTE DE PASTO,RP46,"15,00","30,00",TRACTOR,O.I.,21806,DESMALEZADORA,O.I.,21803,CAMIONETA,R.O.,29792,,,,,,,,si,,"15,00",,
SI,29/6/2026,MANTENIMIENTO DE PAVIMENTOS,RP46,"10,00","20,00",CAMIÓN,R.O.,40990,,,,,,,,,,,,,Se reenvía actividad por rectificación de progresivas.,si,,"10,00",,
NO,30/6/2026,CALZADO DE BANQUINAS,093-13,"6,00","7,00",PALA CARGADORA FRONTAL,O.I.,22127,CAMIÓN,R.O.,41020,,,,,,,,,,,si,,"1,00",,
NO,30/6/2026,CORTE DE PASTO,RP46,"15,00","30,00",TRACTOR,O.I.,21806,DESMALEZADORA,O.I.,21803,CAMIONETA,R.O.,29792,,,,,,,Regreso desde progresiva ascendente,,,"15,00",,
NO,30/6/2026,MANTENIMIENTO DE PAVIMENTOS,RP41,"160,00","180,00",CAMIÓN,R.O.,40990,CAMIONETA,R.O.,44808,CAMIONETA,O.I.,1307,,,,,,,,si,,"20,00",,
NO,1/7/2026,MANTENIMIENTO DE PAVIMENTOS,RP41,"170,00","190,00",CAMIÓN,R.O.,40990,CAMIONETA,R.O.,44808,CAMIONETA,O.I.,1307,,,,,,,,,,"20,00",,
NO,1/7/2026,CORTE DE PASTO,RP46,"15,00","30,00",TRACTOR,O.I.,21806,DESMALEZADORA,O.I.,21803,CAMIONETA,R.O.,29792,,,,,,,Regreso desde progresiva ascendente,,,"15,00",,
NO,2/7/2026,CORTE DE PASTO,RP46,"0,00","15,00",TRACTOR,O.I.,21806,DESMALEZADORA,O.I.,21803,CAMIONETA,R.O.,29792,,,,,,,Regreso desde progresiva ascendente y culminación de la tarea en esa RP,,,"15,00",,
,,,,,,,,,,,,,,,,,,,,,,,,"0,00",,
,,,,,,,,,,,,,,,,,,,,,,,,"0,00",,
,,,,,,,,,,,,,,,,,,,,,,,,"0,00",,
,,,,,,,,,,,,,,,,,,,,,,,,"0,00",,
,,,,,,,,,,,,,,,,,,,,,,,,"0,00",,