{
 "type": "FeatureCollection",
 "name": "rp30_traza_completa",
 "xy_coordinate_resolution": 1e-06,
 "features": [
  {
   "type": "Feature",
   "properties": {
    "rtn": "30",
    "es_gap": 0
   },
   "geometry": {
    "type": "MultiLineString",
    "coordinates": [
     [
      [
       -60.484419,
       -34.563664
      ],
      [
       -60.487302,
       -34.568959
      ],
      [
       -60.487523,
       -34.56941
      ],
      [
       -60.487721,
       -34.569898
      ],
      [
       -60.48784,
       -34.57024
      ],
      [
       -60.48793,
       -34.5706
      ],
      [
       -60.487995,
       -34.5709
      ],
      [
       -60.488048,
       -34.571291
      ],
      [
       -60.488088,
       -34.571681
      ],
      [
       -60.488094,
       -34.572024
      ],
      [
       -60.488066,
       -34.572457
      ],
      [
       -60.488025,
       -34.572828
      ],
      [
       -60.487976,
       -34.573121
      ],
      [
       -60.487906,
       -34.573449
      ],
      [
       -60.487821,
       -34.573742
      ],
      [
       -60.4877,
       -34.574092
      ],
      [
       -60.487582,
       -34.57439
      ],
      [
       -60.487443,
       -34.574693
      ],
      [
       -60.487311,
       -34.574953
      ],
      [
       -60.487105,
       -34.575303
      ],
      [
       -60.486857,
       -34.575669
      ],
      [
       -60.48659,
       -34.57601
      ],
      [
       -60.486438,
       -34.576192
      ],
      [
       -60.486209,
       -34.576437
      ],
      [
       -60.485817,
       -34.576805
      ],
      [
       -60.485708,
       -34.576898
      ],
      [
       -60.485384,
       -34.577178
      ],
      [
       -60.48336,
       -34.57877
      ],
      [
       -60.481073,
       -34.580571
      ],
      [
       -60.478813,
       -34.582338
      ],
      [
       -60.476489,
       -34.584131
      ],
      [
       -60.474165,
       -34.585938
      ],
      [
       -60.471864,
       -34.587733
      ],
      [
       -60.47016,
       -34.589078
      ],
      [
       -60.470016,
       -34.589206
      ],
      [
       -60.469895,
       -34.589304
      ],
      [
       -60.469814,
       -34.589388
      ],
      [
       -60.469749,
       -34.589477
      ],
      [
       -60.469689,
       -34.589548
      ],
      [
       -60.4696,
       -34.589614
      ],
      [
       -60.46951,
       -34.589643
      ]
     ]
    ]
   }
  },
  {
   "type": "Feature",
   "properties": {
    "rtn": "30",
    "es_gap": 0
   },
   "geometry": {
    "type": "MultiLineString",
    "coordinates": [
     [
      [
       -60.745409,
       -34.317735
      ],
      [
       -60.737992,
       -34.32333
      ],
      [
       -60.736415,
       -34.324615
      ],
      [
       -60.734955,
       -34.325891
      ],
      [
       -60.723883,
       -34.33553
      ],
      [
       -60.718094,
       -34.340541
      ],
      [
       -60.712617,
       -34.345282
      ],
      [
       -60.704807,
       -34.35198
      ],
      [
       -60.702329,
       -34.354009
      ],
      [
       -60.686279,
       -34.366257
      ],
      [
       -60.685034,
       -34.367214
      ],
      [
       -60.683875,
       -34.368223
      ],
      [
       -60.682803,
       -34.36933
      ],
      [
       -60.681783,
       -34.370455
      ],
      [
       -60.678441,
       -34.374116
      ],
      [
       -60.674657,
       -34.378259
      ],
      [
       -60.673733,
       -34.379192
      ],
      [
       -60.672547,
       -34.380109
      ],
      [
       -60.665601,
       -34.385398
      ],
      [
       -60.663107,
       -34.387315
      ],
      [
       -60.653,
       -34.395088
      ],
      [
       -60.642899,
       -34.402899
      ],
      [
       -60.64265,
       -34.403104
      ],
      [
       -60.642601,
       -34.403158
      ],
      [
       -60.642364,
       -34.40339
      ],
      [
       -60.642001,
       -34.403776
      ],
      [
       -60.64168,
       -34.404173
      ],
      [
       -60.641261,
       -34.404793
      ],
      [
       -60.640932,
       -34.40541
      ],
      [
       -60.633982,
       -34.420858
      ],
      [
       -60.621177,
       -34.44951
      ],
      [
       -60.621078,
       -34.449724
      ],
      [
       -60.618515,
       -34.455471
      ],
      [
       -60.618152,
       -34.456187
      ],
      [
       -60.617728,
       -34.456938
      ],
      [
       -60.617345,
       -34.457462
      ],
      [
       -60.616843,
       -34.458061
      ],
      [
       -60.616032,
       -34.458847
      ],
      [
       -60.611654,
       -34.46227
      ],
      [
       -60.602545,
       -34.469231
      ],
      [
       -60.598316,
       -34.472509
      ],
      [
       -60.598206,
       -34.472593
      ],
      [
       -60.590556,
       -34.478495
      ],
      [
       -60.576851,
       -34.489038
      ],
      [
       -60.576098,
       -34.489616
      ],
      [
       -60.575503,
       -34.490089
      ],
      [
       -60.574945,
       -34.490562
      ],
      [
       -60.565622,
       -34.498861
      ],
      [
       -60.564581,
       -34.49975
      ],
      [
       -60.559073,
       -34.50395
      ],
      [
       -60.557795,
       -34.504938
      ],
      [
       -60.548345,
       -34.512249
      ],
      [
       -60.545986,
       -34.514104
      ],
      [
       -60.535446,
       -34.522147
      ],
      [
       -60.5208,
       -34.534095
      ],
      [
       -60.511176,
       -34.541619
      ],
      [
       -60.502552,
       -34.54834
      ],
      [
       -60.484766,
       -34.562198
      ],
      [
       -60.484679,
       -34.562299
      ],
      [
       -60.484605,
       -34.562412
      ],
      [
       -60.484494,
       -34.562608
      ],
      [
       -60.484423,
       -34.562794
      ],
      [
       -60.484372,
       -34.562967
      ],
      [
       -60.484355,
       -34.563135
      ],
      [
       -60.484358,
       -34.563328
      ],
      [
       -60.484377,
       -34.563485
      ],
      [
       -60.484419,
       -34.563664
      ]
     ]
    ]
   }
  },
  {
   "type": "Feature",
   "properties": {
    "rtn": "30",
    "es_gap": 0
   },
   "geometry": {
    "type": "MultiLineString",
    "coordinates": [
     [
      [
       -60.425205,
       -34.623874
      ],
      [
       -60.425302,
       -34.623743
      ],
      [
       -60.425328,
       -34.623643
      ]
     ]
    ]
   }
  },
  {
   "type": "Feature",
   "properties": {
    "rtn": "30",
    "es_gap": 0
   },
   "geometry": {
    "type": "MultiLineString",
    "coordinates": [
     [
      [
       -60.091355,
       -34.840605
      ],
      [
       -60.09508,
       -34.837683
      ],
      [
       -60.09557,
       -34.837343
      ],
      [
       -60.096012,
       -34.837066
      ],
      [
       -60.096523,
       -34.836802
      ],
      [
       -60.096607,
       -34.836763
      ],
      [
       -60.097051,
       -34.836561
      ],
      [
       -60.097526,
       -34.836356
      ],
      [
       -60.099521,
       -34.835603
      ],
      [
       -60.104354,
       -34.833814
      ],
      [
       -60.104545,
       -34.833742
      ],
      [
       -60.107047,
       -34.832801
      ],
      [
       -60.10729,
       -34.832709
      ],
      [
       -60.111294,
       -34.831235
      ],
      [
       -60.115853,
       -34.829496
      ],
      [
       -60.118807,
       -34.828421
      ],
      [
       -60.135758,
       -34.82207
      ],
      [
       -60.142169,
       -34.819669
      ],
      [
       -60.155793,
       -34.814536
      ],
      [
       -60.185073,
       -34.803531
      ],
      [
       -60.185903,
       -34.803199
      ],
      [
       -60.186387,
       -34.802953
      ],
      [
       -60.186748,
       -34.802743
      ],
      [
       -60.187543,
       -34.802249
      ],
      [
       -60.193515,
       -34.797573
      ],
      [
       -60.195733,
       -34.795846
      ],
      [
       -60.195961,
       -34.795678
      ],
      [
       -60.199865,
       -34.792645
      ],
      [
       -60.200046,
       -34.792505
      ],
      [
       -60.200259,
       -34.792339
      ],
      [
       -60.202079,
       -34.790921
      ],
      [
       -60.222658,
       -34.774936
      ],
      [
       -60.225577,
       -34.772648
      ],
      [
       -60.231904,
       -34.767727
      ],
      [
       -60.245789,
       -34.756949
      ],
      [
       -60.257985,
       -34.747481
      ],
      [
       -60.258618,
       -34.74699
      ],
      [
       -60.261839,
       -34.744489
      ],
      [
       -60.262489,
       -34.743975
      ],
      [
       -60.288008,
       -34.724101
      ],
      [
       -60.293679,
       -34.719691
      ],
      [
       -60.295156,
       -34.718542
      ],
      [
       -60.309218,
       -34.707611
      ],
      [
       -60.314325,
       -34.703643
      ],
      [
       -60.316683,
       -34.701811
      ],
      [
       -60.330639,
       -34.690964
      ],
      [
       -60.338216,
       -34.685075
      ],
      [
       -60.340514,
       -34.683288
      ],
      [
       -60.349554,
       -34.676261
      ],
      [
       -60.350626,
       -34.675426
      ],
      [
       -60.362069,
       -34.666515
      ],
      [
       -60.36793,
       -34.661954
      ],
      [
       -60.368639,
       -34.661489
      ],
      [
       -60.369531,
       -34.661053
      ],
      [
       -60.370153,
       -34.660777
      ],
      [
       -60.371207,
       -34.660346
      ],
      [
       -60.37797,
       -34.657595
      ],
      [
       -60.383856,
       -34.655182
      ],
      [
       -60.384508,
       -34.654902
      ],
      [
       -60.384897,
       -34.654719
      ],
      [
       -60.385099,
       -34.654616
      ],
      [
       -60.385265,
       -34.654523
      ],
      [
       -60.385425,
       -34.654432
      ],
      [
       -60.385612,
       -34.65432
      ],
      [
       -60.38577,
       -34.654217
      ],
      [
       -60.385966,
       -34.654082
      ],
      [
       -60.386229,
       -34.653892
      ],
      [
       -60.386525,
       -34.65367
      ],
      [
       -60.392657,
       -34.648955
      ],
      [
       -60.394978,
       -34.647171
      ],
      [
       -60.397281,
       -34.6454
      ],
      [
       -60.399617,
       -34.643604
      ],
      [
       -60.404226,
       -34.64006
      ],
      [
       -60.404386,
       -34.639938
      ],
      [
       -60.406783,
       -34.638095
      ],
      [
       -60.409108,
       -34.636296
      ],
      [
       -60.411374,
       -34.634543
      ],
      [
       -60.413699,
       -34.632743
      ],
      [
       -60.415995,
       -34.630967
      ],
      [
       -60.41829,
       -34.629177
      ],
      [
       -60.420633,
       -34.627366
      ],
      [
       -60.422965,
       -34.625581
      ],
      [
       -60.424954,
       -34.624059
      ],
      [
       -60.425141,
       -34.623925
      ],
      [
       -60.425205,
       -34.623874
      ]
     ]
    ]
   }
  },
  {
   "type": "Feature",
   "properties": {
    "rtn": "30",
    "es_gap": 0
   },
   "geometry": {
    "type": "MultiLineString",
    "coordinates": [
     [
      [
       -59.189051,
       -37.547839
      ],
      [
       -59.189461,
       -37.552727
      ],
      [
       -59.189953,
       -37.55827
      ],
      [
       -59.190806,
       -37.570671
      ],
      [
       -59.191496,
       -37.57953
      ],
      [
       -59.192366,
       -37.590695
      ],
      [
       -59.192471,
       -37.592037
      ],
      [
       -59.193137,
       -37.601422
      ],
      [
       -59.193523,
       -37.605543
      ],
      [
       -59.193521,
       -37.606149
      ],
      [
       -59.193588,
       -37.606482
      ],
      [
       -59.193719,
       -37.60675
      ],
      [
       -59.194479,
       -37.607751
      ],
      [
       -59.197002,
       -37.611752
      ],
      [
       -59.197095,
       -37.611946
      ],
      [
       -59.197136,
       -37.612133
      ],
      [
       -59.197144,
       -37.612322
      ],
      [
       -59.197122,
       -37.612488
      ],
      [
       -59.195357,
       -37.614632
      ],
      [
       -59.195095,
       -37.614995
      ],
      [
       -59.194905,
       -37.6153
      ],
      [
       -59.194093,
       -37.617699
      ],
      [
       -59.193968,
       -37.61817
      ],
      [
       -59.193803,
       -37.618423
      ],
      [
       -59.193485,
       -37.618778
      ],
      [
       -59.191073,
       -37.62168
      ],
      [
       -59.187294,
       -37.626257
      ],
      [
       -59.17951,
       -37.635538
      ],
      [
       -59.17933,
       -37.635715
      ],
      [
       -59.179183,
       -37.635958
      ],
      [
       -59.178974,
       -37.636333
      ],
      [
       -59.174062,
       -37.647237
      ],
      [
       -59.173686,
       -37.64784
      ],
      [
       -59.169793,
       -37.651668
      ],
      [
       -59.169589,
       -37.651925
      ],
      [
       -59.169446,
       -37.652178
      ],
      [
       -59.166721,
       -37.659352
      ],
      [
       -59.165881,
       -37.661545
      ],
      [
       -59.165845,
       -37.66205
      ],
      [
       -59.167026,
       -37.673041
      ],
      [
       -59.167536,
       -37.677202
      ],
      [
       -59.167818,
       -37.67959
      ],
      [
       -59.168184,
       -37.68278
      ],
      [
       -59.168098,
       -37.682994
      ],
      [
       -59.167969,
       -37.683169
      ],
      [
       -59.167759,
       -37.683365
      ],
      [
       -59.165021,
       -37.685861
      ],
      [
       -59.164758,
       -37.686069
      ],
      [
       -59.159121,
       -37.690991
      ],
      [
       -59.156925,
       -37.692825
      ],
      [
       -59.156218,
       -37.693416
      ],
      [
       -59.154906,
       -37.694448
      ],
      [
       -59.154637,
       -37.694731
      ],
      [
       -59.152582,
       -37.697142
      ],
      [
       -59.152364,
       -37.697302
      ],
      [
       -59.152129,
       -37.697385
      ],
      [
       -59.151503,
       -37.697626
      ],
      [
       -59.146568,
       -37.699803
      ],
      [
       -59.140794,
       -37.702452
      ],
      [
       -59.140221,
       -37.70271
      ],
      [
       -59.139915,
       -37.702928
      ],
      [
       -59.136764,
       -37.706006
      ],
      [
       -59.135992,
       -37.706888
      ],
      [
       -59.135444,
       -37.707144
      ],
      [
       -59.124305,
       -37.713276
      ],
      [
       -59.123478,
       -37.713709
      ],
      [
       -59.121528,
       -37.714739
      ],
      [
       -59.121148,
       -37.715035
      ],
      [
       -59.119229,
       -37.717069
      ],
      [
       -59.118319,
       -37.717892
      ],
      [
       -59.117793,
       -37.718161
      ],
      [
       -59.117272,
       -37.718386
      ],
      [
       -59.116825,
       -37.718498
      ],
      [
       -59.11634,
       -37.718536
      ],
      [
       -59.115556,
       -37.718469
      ],
      [
       -59.109852,
       -37.717608
      ],
      [
       -59.109224,
       -37.717581
      ],
      [
       -59.108863,
       -37.717617
      ],
      [
       -59.108514,
       -37.717774
      ],
      [
       -59.102463,
       -37.722461
      ],
      [
       -59.101341,
       -37.723433
      ],
      [
       -59.100744,
       -37.723923
      ],
      [
       -59.099765,
       -37.724623
      ],
      [
       -59.099125,
       -37.725123
      ],
      [
       -59.098743,
       -37.725231
      ],
      [
       -59.098441,
       -37.725176
      ],
      [
       -59.097858,
       -37.724711
      ],
      [
       -59.097612,
       -37.724639
      ],
      [
       -59.097398,
       -37.724686
      ],
      [
       -59.097369,
       -37.724716
      ],
      [
       -59.097358,
       -37.724727
      ],
      [
       -59.096957,
       -37.72514
      ],
      [
       -59.096554,
       -37.725643
      ],
      [
       -59.095829,
       -37.727217
      ],
      [
       -59.095572,
       -37.727377
      ],
      [
       -59.095269,
       -37.72741
      ],
      [
       -59.095023,
       -37.727288
      ],
      [
       -59.092627,
       -37.725984
      ],
      [
       -59.090784,
       -37.725116
      ],
      [
       -59.088102,
       -37.724026
      ],
      [
       -59.087684,
       -37.723947
      ],
      [
       -59.087422,
       -37.723975
      ],
      [
       -59.086173,
       -37.724111
      ],
      [
       -59.084865,
       -37.724268
      ],
      [
       -59.08451,
       -37.724381
      ],
      [
       -59.083039,
       -37.725192
      ],
      [
       -59.082198,
       -37.725675
      ],
      [
       -59.081649,
       -37.726093
      ],
      [
       -59.079925,
       -37.727605
      ],
      [
       -59.079031,
       -37.728367
      ],
      [
       -59.078652,
       -37.728538
      ],
      [
       -59.07727,
       -37.729058
      ],
      [
       -59.074483,
       -37.730377
      ],
      [
       -59.074124,
       -37.730589
      ],
      [
       -59.073566,
       -37.731026
      ],
      [
       -59.068793,
       -37.736473
      ],
      [
       -59.068691,
       -37.736673
      ],
      [
       -59.068608,
       -37.736888
      ],
      [
       -59.068285,
       -37.74058
      ],
      [
       -59.068393,
       -37.740861
      ],
      [
       -59.073549,
       -37.746853
      ],
      [
       -59.073623,
       -37.74707
      ],
      [
       -59.073568,
       -37.747251
      ],
      [
       -59.058947,
       -37.758481
      ],
      [
       -59.042982,
       -37.770723
      ],
      [
       -59.042933,
       -37.770739
      ],
      [
       -59.042886,
       -37.770735
      ],
      [
       -59.042828,
       -37.770721
      ],
      [
       -59.042774,
       -37.77069
      ],
      [
       -59.030452,
       -37.760603
      ],
      [
       -59.030333,
       -37.760543
      ],
      [
       -59.030246,
       -37.760525
      ],
      [
       -59.030138,
       -37.760518
      ],
      [
       -59.030041,
       -37.760536
      ],
      [
       -59.029961,
       -37.760585
      ],
      [
       -59.024964,
       -37.764423
      ],
      [
       -59.014697,
       -37.772368
      ],
      [
       -59.01357,
       -37.773205
      ],
      [
       -59.011885,
       -37.774481
      ],
      [
       -59.010181,
       -37.775799
      ],
      [
       -59.007754,
       -37.777636
      ],
      [
       -59.005513,
       -37.779335
      ],
      [
       -59.004542,
       -37.780111
      ],
      [
       -59.002339,
       -37.7818
      ],
      [
       -58.999969,
       -37.783575
      ],
      [
       -58.997513,
       -37.785464
      ],
      [
       -58.997273,
       -37.785646
      ],
      [
       -58.997189,
       -37.785771
      ],
      [
       -58.997166,
       -37.785837
      ],
      [
       -58.99716,
       -37.785962
      ],
      [
       -58.99716,
       -37.786081
      ],
      [
       -58.997261,
       -37.786223
      ],
      [
       -58.998046,
       -37.786884
      ],
      [
       -58.999616,
       -37.788139
      ],
      [
       -58.999724,
       -37.78824
      ],
      [
       -58.999789,
       -37.788317
      ],
      [
       -58.999825,
       -37.788407
      ],
      [
       -58.999819,
       -37.788514
      ],
      [
       -58.999706,
       -37.788656
      ],
      [
       -58.996719,
       -37.790923
      ],
      [
       -58.993971,
       -37.793023
      ],
      [
       -58.991532,
       -37.794938
      ],
      [
       -58.988939,
       -37.796925
      ],
      [
       -58.986785,
       -37.798603
      ],
      [
       -58.98672,
       -37.798716
      ],
      [
       -58.986696,
       -37.798793
      ],
      [
       -58.986702,
       -37.798971
      ],
      [
       -58.986815,
       -37.799096
      ],
      [
       -58.987517,
       -37.799638
      ],
      [
       -58.987665,
       -37.799764
      ],
      [
       -58.987746,
       -37.799874
      ],
      [
       -58.987731,
       -37.79999
      ],
      [
       -58.987629,
       -37.800102
      ],
      [
       -58.986547,
       -37.800934
      ],
      [
       -58.985084,
       -37.802059
      ],
      [
       -58.98274,
       -37.803861
      ],
      [
       -58.979724,
       -37.806165
      ],
      [
       -58.97724,
       -37.808116
      ],
      [
       -58.97389,
       -37.810705
      ],
      [
       -58.972357,
       -37.811875
      ],
      [
       -58.972219,
       -37.811983
      ],
      [
       -58.972119,
       -37.811992
      ],
      [
       -58.972048,
       -37.811968
      ],
      [
       -58.971948,
       -37.811921
      ],
      [
       -58.970363,
       -37.810703
      ],
      [
       -58.968093,
       -37.80891
      ],
      [
       -58.967998,
       -37.808834
      ],
      [
       -58.967922,
       -37.808777
      ],
      [
       -58.967817,
       -37.808744
      ],
      [
       -58.967731,
       -37.808739
      ],
      [
       -58.967627,
       -37.808777
      ],
      [
       -58.967489,
       -37.808848
      ],
      [
       -58.965904,
       -37.810062
      ],
      [
       -58.963927,
       -37.811611
      ],
      [
       -58.9613,
       -37.813638
      ],
      [
       -58.958444,
       -37.815894
      ],
      [
       -58.95546,
       -37.818193
      ],
      [
       -58.952419,
       -37.820577
      ],
      [
       -58.950285,
       -37.822254
      ],
      [
       -58.946744,
       -37.82501
      ],
      [
       -58.944599,
       -37.826735
      ],
      [
       -58.944437,
       -37.82685
      ],
      [
       -58.944304,
       -37.826897
      ],
      [
       -58.944133,
       -37.826888
      ],
      [
       -58.943866,
       -37.826793
      ],
      [
       -58.941249,
       -37.82547
      ],
      [
       -58.937213,
       -37.823538
      ],
      [
       -58.936937,
       -37.823423
      ],
      [
       -58.936709,
       -37.823385
      ],
      [
       -58.931922,
       -37.822938
      ],
      [
       -58.926344,
       -37.822433
      ],
      [
       -58.926163,
       -37.822424
      ],
      [
       -58.925973,
       -37.822443
      ],
      [
       -58.925273,
       -37.822681
      ],
      [
       -58.925002,
       -37.822759
      ],
      [
       -58.924738,
       -37.822781
      ],
      [
       -58.924595,
       -37.822781
      ],
      [
       -58.924445,
       -37.822781
      ],
      [
       -58.924281,
       -37.822731
      ],
      [
       -58.923931,
       -37.822467
      ],
      [
       -58.922211,
       -37.821089
      ],
      [
       -58.922004,
       -37.821003
      ],
      [
       -58.921711,
       -37.820853
      ],
      [
       -58.920248,
       -37.81964
      ],
      [
       -58.920162,
       -37.819583
      ],
      [
       -58.920077,
       -37.819567
      ],
      [
       -58.920005,
       -37.819585
      ],
      [
       -58.919941,
       -37.819613
      ],
      [
       -58.919823,
       -37.819745
      ],
      [
       -58.918694,
       -37.82146
      ],
      [
       -58.918432,
       -37.821906
      ],
      [
       -58.918046,
       -37.823167
      ],
      [
       -58.917772,
       -37.823714
      ],
      [
       -58.917588,
       -37.823958
      ],
      [
       -58.915868,
       -37.825344
      ],
      [
       -58.9132,
       -37.827518
      ],
      [
       -58.909802,
       -37.830237
      ],
      [
       -58.907325,
       -37.832279
      ],
      [
       -58.904049,
       -37.834956
      ],
      [
       -58.901671,
       -37.836833
      ],
      [
       -58.90165,
       -37.836869
      ],
      [
       -58.901646,
       -37.836913
      ],
      [
       -58.901659,
       -37.836976
      ],
      [
       -58.901701,
       -37.837051
      ]
     ]
    ]
   }
  },
  {
   "type": "Feature",
   "properties": {
    "rtn": "30",
    "es_gap": 0
   },
   "geometry": {
    "type": "MultiLineString",
    "coordinates": [
     [
      [
       -59.200138,
       -37.350236
      ],
      [
       -59.199433,
       -37.349366
      ],
      [
       -59.199103,
       -37.34896
      ],
      [
       -59.198754,
       -37.348517
      ],
      [
       -59.198548,
       -37.34825
      ],
      [
       -59.198163,
       -37.347785
      ],
      [
       -59.198098,
       -37.347707
      ],
      [
       -59.198037,
       -37.347626
      ],
      [
       -59.197974,
       -37.347547
      ],
      [
       -59.1979,
       -37.347431
      ],
      [
       -59.197793,
       -37.347253
      ],
      [
       -59.197626,
       -37.347021
      ],
      [
       -59.197489,
       -37.346766
      ],
      [
       -59.19743,
       -37.346528
      ],
      [
       -59.197404,
       -37.346198
      ],
      [
       -59.197501,
       -37.345722
      ],
      [
       -59.197621,
       -37.345171
      ],
      [
       -59.197903,
       -37.34393
      ],
      [
       -59.197919,
       -37.343823
      ],
      [
       -59.197932,
       -37.343708
      ],
      [
       -59.197959,
       -37.343496
      ]
     ]
    ]
   }
  },
  {
   "type": "Feature",
   "properties": {
    "rtn": "30",
    "es_gap": 0
   },
   "geometry": {
    "type": "MultiLineString",
    "coordinates": [
     [
      [
       -59.184238,
       -37.421828
      ],
      [
       -59.186752,
       -37.412078
      ],
      [
       -59.186784,
       -37.411943
      ],
      [
       -59.187355,
       -37.409672
      ],
      [
       -59.188629,
       -37.404705
      ],
      [
       -59.189543,
       -37.401119
      ],
      [
       -59.190727,
       -37.39646
      ],
      [
       -59.190776,
       -37.396299
      ],
      [
       -59.190824,
       -37.396147
      ],
      [
       -59.19088,
       -37.395974
      ],
      [
       -59.190947,
       -37.395784
      ],
      [
       -59.191027,
       -37.395569
      ],
      [
       -59.191344,
       -37.39479
      ],
      [
       -59.191898,
       -37.393366
      ],
      [
       -59.191939,
       -37.393239
      ],
      [
       -59.19198,
       -37.393105
      ],
      [
       -59.192018,
       -37.392977
      ],
      [
       -59.192053,
       -37.392846
      ],
      [
       -59.193186,
       -37.388293
      ],
      [
       -59.193227,
       -37.388146
      ],
      [
       -59.193279,
       -37.387976
      ],
      [
       -59.193328,
       -37.387825
      ],
      [
       -59.19338,
       -37.387693
      ],
      [
       -59.193455,
       -37.387523
      ],
      [
       -59.193522,
       -37.38738
      ],
      [
       -59.193584,
       -37.387263
      ],
      [
       -59.19366,
       -37.387122
      ],
      [
       -59.19373,
       -37.386997
      ],
      [
       -59.193802,
       -37.386877
      ],
      [
       -59.193878,
       -37.386757
      ],
      [
       -59.193985,
       -37.386594
      ],
      [
       -59.194097,
       -37.386442
      ],
      [
       -59.194194,
       -37.386318
      ],
      [
       -59.19429,
       -37.386203
      ],
      [
       -59.194385,
       -37.386094
      ],
      [
       -59.194488,
       -37.38598
      ],
      [
       -59.194595,
       -37.385867
      ],
      [
       -59.194686,
       -37.385771
      ],
      [
       -59.194781,
       -37.385674
      ],
      [
       -59.194996,
       -37.385467
      ],
      [
       -59.195218,
       -37.38526
      ],
      [
       -59.196391,
       -37.38418
      ],
      [
       -59.196593,
       -37.383994
      ],
      [
       -59.198988,
       -37.38179
      ],
      [
       -59.202075,
       -37.378948
      ],
      [
       -59.204299,
       -37.376901
      ],
      [
       -59.21033,
       -37.371424
      ],
      [
       -59.210411,
       -37.371348
      ],
      [
       -59.210434,
       -37.371326
      ],
      [
       -59.210558,
       -37.371207
      ],
      [
       -59.210667,
       -37.371093
      ],
      [
       -59.210768,
       -37.370987
      ],
      [
       -59.210873,
       -37.370874
      ],
      [
       -59.210983,
       -37.370748
      ],
      [
       -59.211065,
       -37.370642
      ],
      [
       -59.211152,
       -37.370532
      ],
      [
       -59.211227,
       -37.370427
      ],
      [
       -59.211311,
       -37.370301
      ],
      [
       -59.211376,
       -37.370196
      ],
      [
       -59.211457,
       -37.370055
      ],
      [
       -59.211528,
       -37.369925
      ],
      [
       -59.211583,
       -37.369813
      ],
      [
       -59.21163,
       -37.369712
      ],
      [
       -59.211697,
       -37.369557
      ],
      [
       -59.211748,
       -37.369432
      ],
      [
       -59.211794,
       -37.369293
      ],
      [
       -59.211838,
       -37.369153
      ],
      [
       -59.21188,
       -37.369003
      ],
      [
       -59.211919,
       -37.368834
      ],
      [
       -59.211944,
       -37.368691
      ],
      [
       -59.211969,
       -37.3685
      ],
      [
       -59.211985,
       -37.368288
      ],
      [
       -59.211995,
       -37.367977
      ],
      [
       -59.211994,
       -37.367834
      ],
      [
       -59.211987,
       -37.367677
      ],
      [
       -59.211966,
       -37.3675
      ],
      [
       -59.211934,
       -37.3673
      ],
      [
       -59.211896,
       -37.367109
      ],
      [
       -59.211856,
       -37.366945
      ],
      [
       -59.211805,
       -37.366762
      ],
      [
       -59.211743,
       -37.366579
      ],
      [
       -59.211671,
       -37.366396
      ],
      [
       -59.211588,
       -37.366214
      ],
      [
       -59.211494,
       -37.366031
      ],
      [
       -59.211403,
       -37.365877
      ],
      [
       -59.211159,
       -37.365499
      ],
      [
       -59.209323,
       -37.362947
      ],
      [
       -59.205426,
       -37.357528
      ],
      [
       -59.203047,
       -37.354209
      ],
      [
       -59.200885,
       -37.351291
      ],
      [
       -59.200138,
       -37.350236
      ]
     ]
    ]
   }
  },
  {
   "type": "Feature",
   "properties": {
    "rtn": "30",
    "es_gap": 0
   },
   "geometry": {
    "type": "MultiLineString",
    "coordinates": [
     [
      [
       -59.197959,
       -37.343496
      ],
      [
       -59.197918,
       -37.342751
      ],
      [
       -59.197852,
       -37.342039
      ],
      [
       -59.197857,
       -37.34185
      ],
      [
       -59.197698,
       -37.339831
      ],
      [
       -59.197602,
       -37.338526
      ],
      [
       -59.197547,
       -37.337781
      ],
      [
       -59.197494,
       -37.337079
      ],
      [
       -59.197406,
       -37.335891
      ],
      [
       -59.197373,
       -37.335445
      ],
      [
       -59.197279,
       -37.334167
      ],
      [
       -59.197268,
       -37.334027
      ],
      [
       -59.197256,
       -37.333862
      ],
      [
       -59.197249,
       -37.333773
      ],
      [
       -59.197186,
       -37.332916
      ],
      [
       -59.197106,
       -37.332108
      ],
      [
       -59.197061,
       -37.331821
      ],
      [
       -59.197054,
       -37.331772
      ],
      [
       -59.196983,
       -37.331452
      ],
      [
       -59.196854,
       -37.331055
      ],
      [
       -59.196681,
       -37.330579
      ],
      [
       -59.196631,
       -37.330497
      ],
      [
       -59.196125,
       -37.329285
      ],
      [
       -59.195905,
       -37.328758
      ],
      [
       -59.195531,
       -37.327861
      ],
      [
       -59.194423,
       -37.325204
      ],
      [
       -59.193275,
       -37.322419
      ],
      [
       -59.193112,
       -37.322024
      ],
      [
       -59.193023,
       -37.321827
      ],
      [
       -59.192106,
       -37.3196
      ],
      [
       -59.191946,
       -37.319156
      ],
      [
       -59.191841,
       -37.318887
      ],
      [
       -59.191179,
       -37.317296
      ],
      [
       -59.191079,
       -37.317033
      ],
      [
       -59.189944,
       -37.314266
      ],
      [
       -59.189601,
       -37.313411
      ],
      [
       -59.188757,
       -37.311343
      ],
      [
       -59.18857,
       -37.31085
      ],
      [
       -59.188412,
       -37.310336
      ],
      [
       -59.188294,
       -37.309746
      ],
      [
       -59.188198,
       -37.309208
      ],
      [
       -59.188047,
       -37.308399
      ],
      [
       -59.187737,
       -37.306621
      ],
      [
       -59.187166,
       -37.303331
      ],
      [
       -59.187046,
       -37.302661
      ],
      [
       -59.186938,
       -37.302268
      ],
      [
       -59.186872,
       -37.302002
      ],
      [
       -59.186721,
       -37.301542
      ],
      [
       -59.186515,
       -37.301083
      ],
      [
       -59.186294,
       -37.300633
      ],
      [
       -59.18592,
       -37.299977
      ],
      [
       -59.18559,
       -37.299532
      ],
      [
       -59.185197,
       -37.29904
      ],
      [
       -59.184686,
       -37.298509
      ]
     ]
    ]
   }
  },
  {
   "type": "Feature",
   "properties": {
    "rtn": "30",
    "es_gap": 0
   },
   "geometry": {
    "type": "MultiLineString",
    "coordinates": [
     [
      [
       -59.184686,
       -37.298509
      ],
      [
       -59.184527,
       -37.298379
      ],
      [
       -59.184404,
       -37.298279
      ],
      [
       -59.184276,
       -37.298189
      ],
      [
       -59.18415,
       -37.298122
      ],
      [
       -59.184044,
       -37.298067
      ],
      [
       -59.18366,
       -37.297904
      ],
      [
       -59.183506,
       -37.297862
      ],
      [
       -59.183338,
       -37.297815
      ],
      [
       -59.183135,
       -37.297666
      ],
      [
       -59.183056,
       -37.297543
      ],
      [
       -59.183034,
       -37.297461
      ]
     ]
    ]
   }
  },
  {
   "type": "Feature",
   "properties": {
    "rtn": "30",
    "es_gap": 0
   },
   "geometry": {
    "type": "MultiLineString",
    "coordinates": [
     [
      [
       -59.184238,
       -37.421828
      ],
      [
       -59.184165,
       -37.422203
      ],
      [
       -59.184154,
       -37.422281
      ],
      [
       -59.184147,
       -37.422363
      ],
      [
       -59.184153,
       -37.422433
      ],
      [
       -59.184168,
       -37.422514
      ],
      [
       -59.184186,
       -37.422579
      ],
      [
       -59.184202,
       -37.422631
      ],
      [
       -59.184231,
       -37.422732
      ]
     ]
    ]
   }
  },
  {
   "type": "Feature",
   "properties": {
    "rtn": "30",
    "es_gap": 0
   },
   "geometry": {
    "type": "MultiLineString",
    "coordinates": [
     [
      [
       -59.183882,
       -37.422578
      ],
      [
       -59.183896,
       -37.422564
      ],
      [
       -59.183928,
       -37.422527
      ],
      [
       -59.183976,
       -37.422457
      ],
      [
       -59.18402,
       -37.422386
      ],
      [
       -59.184053,
       -37.422316
      ],
      [
       -59.184098,
       -37.422199
      ],
      [
       -59.184238,
       -37.421828
      ]
     ]
    ]
   }
  },
  {
   "type": "Feature",
   "properties": {
    "rtn": "30",
    "es_gap": 0
   },
   "geometry": {
    "type": "MultiLineString",
    "coordinates": [
     [
      [
       -59.183034,
       -37.297461
      ],
      [
       -59.183001,
       -37.29736
      ],
      [
       -59.182874,
       -37.297145
      ],
      [
       -59.182786,
       -37.297025
      ],
      [
       -59.182592,
       -37.296836
      ],
      [
       -59.182453,
       -37.296715
      ],
      [
       -59.181124,
       -37.295635
      ],
      [
       -59.179366,
       -37.294171
      ],
      [
       -59.178886,
       -37.293798
      ],
      [
       -59.17778,
       -37.292871
      ],
      [
       -59.177434,
       -37.292631
      ],
      [
       -59.177065,
       -37.292336
      ],
      [
       -59.176597,
       -37.292006
      ],
      [
       -59.176168,
       -37.291709
      ],
      [
       -59.175385,
       -37.291149
      ],
      [
       -59.17471,
       -37.290663
      ],
      [
       -59.173924,
       -37.29013
      ],
      [
       -59.17344,
       -37.289737
      ],
      [
       -59.172963,
       -37.289469
      ],
      [
       -59.17275,
       -37.289007
      ],
      [
       -59.172768,
       -37.288658
      ],
      [
       -59.172966,
       -37.288336
      ]
     ]
    ]
   }
  },
  {
   "type": "Feature",
   "properties": {
    "rtn": "30",
    "es_gap": 0
   },
   "geometry": {
    "type": "MultiLineString",
    "coordinates": [
     [
      [
       -59.172966,
       -37.288336
      ],
      [
       -59.173,
       -37.28821
      ],
      [
       -59.173021,
       -37.28809
      ],
      [
       -59.173028,
       -37.287982
      ],
      [
       -59.173027,
       -37.287886
      ],
      [
       -59.17302,
       -37.287777
      ],
      [
       -59.173004,
       -37.287693
      ],
      [
       -59.172981,
       -37.287603
      ],
      [
       -59.172938,
       -37.287498
      ],
      [
       -59.172873,
       -37.287386
      ],
      [
       -59.172802,
       -37.287282
      ],
      [
       -59.172601,
       -37.287013
      ],
      [
       -59.172489,
       -37.28688
      ],
      [
       -59.172422,
       -37.286809
      ],
      [
       -59.172353,
       -37.286741
      ],
      [
       -59.172298,
       -37.286695
      ],
      [
       -59.172243,
       -37.286644
      ],
      [
       -59.172126,
       -37.28655
      ],
      [
       -59.171986,
       -37.286441
      ],
      [
       -59.171835,
       -37.286329
      ],
      [
       -59.17142,
       -37.286072
      ],
      [
       -59.17096,
       -37.285834
      ],
      [
       -59.170509,
       -37.285623
      ],
      [
       -59.170044,
       -37.285411
      ],
      [
       -59.169576,
       -37.285213
      ],
      [
       -59.169352,
       -37.285123
      ],
      [
       -59.16915,
       -37.285036
      ],
      [
       -59.168955,
       -37.284946
      ],
      [
       -59.168768,
       -37.28485
      ],
      [
       -59.168363,
       -37.28466
      ],
      [
       -59.167952,
       -37.284466
      ],
      [
       -59.16766,
       -37.284322
      ],
      [
       -59.167543,
       -37.284262
      ],
      [
       -59.167484,
       -37.28423
      ],
      [
       -59.167437,
       -37.284205
      ],
      [
       -59.167329,
       -37.284145
      ],
      [
       -59.167225,
       -37.28408
      ],
      [
       -59.167073,
       -37.283987
      ],
      [
       -59.166929,
       -37.283893
      ],
      [
       -59.16671,
       -37.283739
      ],
      [
       -59.16641,
       -37.283516
      ],
      [
       -59.165919,
       -37.283149
      ],
      [
       -59.165678,
       -37.282956
      ],
      [
       -59.165243,
       -37.282607
      ],
      [
       -59.164785,
       -37.282166
      ]
     ]
    ]
   }
  },
  {
   "type": "Feature",
   "properties": {
    "rtn": "30",
    "es_gap": 0
   },
   "geometry": {
    "type": "MultiLineString",
    "coordinates": [
     [
      [
       -58.985899,
       -36.850558
      ],
      [
       -58.986053,
       -36.851308
      ],
      [
       -58.986599,
       -36.854252
      ],
      [
       -58.987574,
       -36.858843
      ],
      [
       -58.987861,
       -36.860265
      ],
      [
       -58.988692,
       -36.866587
      ],
      [
       -58.990967,
       -36.883345
      ],
      [
       -58.991142,
       -36.884753
      ],
      [
       -58.991309,
       -36.885925
      ],
      [
       -58.991324,
       -36.886694
      ],
      [
       -58.991223,
       -36.887514
      ],
      [
       -58.990683,
       -36.890139
      ],
      [
       -58.990203,
       -36.893042
      ],
      [
       -58.98989,
       -36.894934
      ],
      [
       -58.989657,
       -36.89626
      ],
      [
       -58.987887,
       -36.906548
      ],
      [
       -58.987122,
       -36.911059
      ],
      [
       -58.986968,
       -36.911969
      ],
      [
       -58.986884,
       -36.912421
      ],
      [
       -58.985114,
       -36.922871
      ],
      [
       -58.98493,
       -36.923928
      ],
      [
       -58.984851,
       -36.9246
      ],
      [
       -58.984871,
       -36.925116
      ],
      [
       -58.984983,
       -36.925701
      ],
      [
       -58.986003,
       -36.92996
      ],
      [
       -58.989524,
       -36.944545
      ],
      [
       -58.989855,
       -36.945931
      ],
      [
       -58.989942,
       -36.946311
      ],
      [
       -58.990569,
       -36.948906
      ],
      [
       -58.992075,
       -36.955143
      ],
      [
       -58.993538,
       -36.961198
      ],
      [
       -58.996826,
       -36.974809
      ],
      [
       -58.997085,
       -36.975924
      ],
      [
       -58.997569,
       -36.977997
      ],
      [
       -58.999957,
       -36.987914
      ],
      [
       -59.003737,
       -37.003456
      ],
      [
       -59.003806,
       -37.003869
      ],
      [
       -59.003789,
       -37.004283
      ],
      [
       -59.003562,
       -37.007023
      ],
      [
       -59.002834,
       -37.01657
      ],
      [
       -59.000588,
       -37.045356
      ],
      [
       -59.000375,
       -37.048958
      ],
      [
       -58.998905,
       -37.092615
      ],
      [
       -58.998544,
       -37.103957
      ],
      [
       -58.998387,
       -37.1089
      ],
      [
       -58.998081,
       -37.118504
      ],
      [
       -58.998064,
       -37.119432
      ],
      [
       -58.998118,
       -37.120297
      ],
      [
       -58.998737,
       -37.124873
      ],
      [
       -58.999317,
       -37.129544
      ],
      [
       -59.001101,
       -37.142955
      ],
      [
       -59.001273,
       -37.144253
      ],
      [
       -59.001334,
       -37.144813
      ],
      [
       -59.001454,
       -37.145275
      ],
      [
       -59.001678,
       -37.145812
      ],
      [
       -59.002022,
       -37.146459
      ],
      [
       -59.002621,
       -37.147264
      ],
      [
       -59.003028,
       -37.147708
      ],
      [
       -59.003347,
       -37.148024
      ],
      [
       -59.003531,
       -37.14819
      ],
      [
       -59.004506,
       -37.149011
      ],
      [
       -59.011057,
       -37.154439
      ],
      [
       -59.031693,
       -37.171536
      ],
      [
       -59.033873,
       -37.173342
      ],
      [
       -59.039034,
       -37.177573
      ],
      [
       -59.041196,
       -37.179329
      ],
      [
       -59.056009,
       -37.191361
      ],
      [
       -59.057731,
       -37.192754
      ],
      [
       -59.061035,
       -37.195647
      ],
      [
       -59.065441,
       -37.199596
      ],
      [
       -59.074356,
       -37.207489
      ],
      [
       -59.075133,
       -37.208284
      ],
      [
       -59.075362,
       -37.208556
      ],
      [
       -59.075564,
       -37.208794
      ],
      [
       -59.075803,
       -37.209182
      ],
      [
       -59.075872,
       -37.209295
      ],
      [
       -59.076119,
       -37.209766
      ],
      [
       -59.076402,
       -37.210463
      ],
      [
       -59.076673,
       -37.211366
      ],
      [
       -59.077423,
       -37.21423
      ],
      [
       -59.077898,
       -37.215635
      ],
      [
       -59.078132,
       -37.216126
      ],
      [
       -59.078441,
       -37.216617
      ],
      [
       -59.078847,
       -37.217186
      ],
      [
       -59.079115,
       -37.217499
      ],
      [
       -59.07958,
       -37.217951
      ],
      [
       -59.080453,
       -37.218716
      ],
      [
       -59.086979,
       -37.224362
      ],
      [
       -59.092298,
       -37.228964
      ],
      [
       -59.093022,
       -37.229503
      ],
      [
       -59.093609,
       -37.229848
      ],
      [
       -59.094251,
       -37.23011
      ],
      [
       -59.095066,
       -37.230405
      ],
      [
       -59.095821,
       -37.230604
      ],
      [
       -59.096673,
       -37.230781
      ],
      [
       -59.097738,
       -37.230975
      ],
      [
       -59.097748,
       -37.230977
      ],
      [
       -59.098165,
       -37.231064
      ],
      [
       -59.099345,
       -37.231302
      ],
      [
       -59.099352,
       -37.231303
      ],
      [
       -59.100952,
       -37.231625
      ],
      [
       -59.101627,
       -37.231768
      ],
      [
       -59.102313,
       -37.231994
      ],
      [
       -59.102858,
       -37.23222
      ],
      [
       -59.103452,
       -37.232487
      ],
      [
       -59.104071,
       -37.232877
      ],
      [
       -59.104795,
       -37.233475
      ],
      [
       -59.10817,
       -37.236433
      ],
      [
       -59.112546,
       -37.240268
      ],
      [
       -59.113733,
       -37.24134
      ],
      [
       -59.117958,
       -37.245025
      ],
      [
       -59.123654,
       -37.249638
      ],
      [
       -59.124564,
       -37.250375
      ],
      [
       -59.129258,
       -37.254176
      ],
      [
       -59.12948,
       -37.254358
      ],
      [
       -59.131173,
       -37.255753
      ],
      [
       -59.131907,
       -37.256318
      ],
      [
       -59.132582,
       -37.25681
      ],
      [
       -59.133221,
       -37.257189
      ],
      [
       -59.133971,
       -37.257526
      ],
      [
       -59.138775,
       -37.259363
      ],
      [
       -59.142039,
       -37.260632
      ],
      [
       -59.142754,
       -37.261016
      ],
      [
       -59.14334,
       -37.261434
      ],
      [
       -59.144048,
       -37.262067
      ],
      [
       -59.144679,
       -37.262731
      ],
      [
       -59.145148,
       -37.263312
      ],
      [
       -59.146135,
       -37.264841
      ],
      [
       -59.147965,
       -37.267691
      ],
      [
       -59.148737,
       -37.26874
      ],
      [
       -59.149195,
       -37.269282
      ],
      [
       -59.149596,
       -37.269689
      ],
      [
       -59.151692,
       -37.271428
      ],
      [
       -59.152847,
       -37.272357
      ],
      [
       -59.153971,
       -37.273279
      ],
      [
       -59.154899,
       -37.274044
      ],
      [
       -59.15508,
       -37.274191
      ],
      [
       -59.156146,
       -37.27507
      ],
      [
       -59.158501,
       -37.276999
      ],
      [
       -59.160806,
       -37.278886
      ],
      [
       -59.164785,
       -37.282166
      ]
     ]
    ]
   }
  },
  {
   "type": "Feature",
   "properties": {
    "rtn": "30",
    "es_gap": 0
   },
   "geometry": {
    "type": "MultiLineString",
    "coordinates": [
     [
      [
       -59.184056,
       -37.42259
      ],
      [
       -59.184028,
       -37.422582
      ],
      [
       -59.184,
       -37.422576
      ],
      [
       -59.183971,
       -37.422572
      ],
      [
       -59.183942,
       -37.422571
      ],
      [
       -59.183913,
       -37.422573
      ],
      [
       -59.183885,
       -37.422577
      ],
      [
       -59.183882,
       -37.422578
      ],
      [
       -59.183858,
       -37.422584
      ],
      [
       -59.183832,
       -37.422593
      ],
      [
       -59.183822,
       -37.422597
      ],
      [
       -59.183807,
       -37.422605
      ],
      [
       -59.183783,
       -37.422618
      ],
      [
       -59.183762,
       -37.422634
      ],
      [
       -59.183743,
       -37.422652
      ],
      [
       -59.183725,
       -37.422672
      ],
      [
       -59.18371,
       -37.422693
      ],
      [
       -59.183698,
       -37.422715
      ],
      [
       -59.183688,
       -37.422739
      ],
      [
       -59.183681,
       -37.422764
      ],
      [
       -59.183677,
       -37.422789
      ],
      [
       -59.183676,
       -37.422815
      ],
      [
       -59.183677,
       -37.422841
      ],
      [
       -59.183681,
       -37.422867
      ],
      [
       -59.183688,
       -37.422893
      ],
      [
       -59.183698,
       -37.422918
      ],
      [
       -59.18371,
       -37.422943
      ],
      [
       -59.183725,
       -37.422966
      ],
      [
       -59.183742,
       -37.422988
      ],
      [
       -59.183762,
       -37.423009
      ],
      [
       -59.183783,
       -37.423028
      ],
      [
       -59.183806,
       -37.423045
      ],
      [
       -59.183831,
       -37.42306
      ],
      [
       -59.183857,
       -37.423073
      ],
      [
       -59.183885,
       -37.423084
      ],
      [
       -59.183913,
       -37.423093
      ],
      [
       -59.183941,
       -37.423099
      ],
      [
       -59.18397,
       -37.423102
      ],
      [
       -59.183999,
       -37.423103
      ],
      [
       -59.184028,
       -37.423101
      ],
      [
       -59.184056,
       -37.423097
      ],
      [
       -59.184083,
       -37.42309
      ],
      [
       -59.184109,
       -37.423081
      ],
      [
       -59.184134,
       -37.42307
      ],
      [
       -59.184157,
       -37.423056
      ],
      [
       -59.184179,
       -37.42304
      ],
      [
       -59.184198,
       -37.423022
      ],
      [
       -59.184215,
       -37.423003
      ],
      [
       -59.18423,
       -37.422981
      ],
      [
       -59.184243,
       -37.422959
      ],
      [
       -59.184252,
       -37.422935
      ],
      [
       -59.18426,
       -37.42291
      ],
      [
       -59.184264,
       -37.422885
      ],
      [
       -59.184265,
       -37.422859
      ],
      [
       -59.184264,
       -37.422833
      ],
      [
       -59.18426,
       -37.422807
      ],
      [
       -59.184253,
       -37.422781
      ],
      [
       -59.184243,
       -37.422756
      ],
      [
       -59.184231,
       -37.422732
      ],
      [
       -59.184216,
       -37.422708
      ],
      [
       -59.184198,
       -37.422686
      ],
      [
       -59.184179,
       -37.422665
      ],
      [
       -59.184158,
       -37.422646
      ],
      [
       -59.184134,
       -37.422629
      ],
      [
       -59.18411,
       -37.422614
      ],
      [
       -59.184083,
       -37.422601
      ],
      [
       -59.184056,
       -37.42259
      ]
     ]
    ]
   }
  },
  {
   "type": "Feature",
   "properties": {
    "rtn": "30",
    "es_gap": 0
   },
   "geometry": {
    "type": "MultiLineString",
    "coordinates": [
     [
      [
       -59.184056,
       -37.423097
      ],
      [
       -59.183991,
       -37.423129
      ],
      [
       -59.183936,
       -37.423176
      ],
      [
       -59.183892,
       -37.423252
      ],
      [
       -59.183853,
       -37.423332
      ]
     ]
    ]
   }
  },
  {
   "type": "Feature",
   "properties": {
    "rtn": "30",
    "es_gap": 0
   },
   "geometry": {
    "type": "MultiLineString",
    "coordinates": [
     [
      [
       -59.189051,
       -37.547839
      ],
      [
       -59.189072,
       -37.54741
      ],
      [
       -59.187505,
       -37.534696
      ],
      [
       -59.187224,
       -37.532407
      ],
      [
       -59.185897,
       -37.521594
      ],
      [
       -59.185643,
       -37.520725
      ],
      [
       -59.185293,
       -37.520171
      ],
      [
       -59.184882,
       -37.519691
      ],
      [
       -59.178389,
       -37.512735
      ],
      [
       -59.17818,
       -37.51251
      ],
      [
       -59.176876,
       -37.511062
      ],
      [
       -59.176773,
       -37.510948
      ],
      [
       -59.168418,
       -37.50188
      ],
      [
       -59.168169,
       -37.5015
      ],
      [
       -59.168116,
       -37.501078
      ],
      [
       -59.168169,
       -37.500754
      ],
      [
       -59.168285,
       -37.500395
      ],
      [
       -59.168701,
       -37.499932
      ],
      [
       -59.16907,
       -37.499638
      ],
      [
       -59.171151,
       -37.498042
      ],
      [
       -59.171414,
       -37.497682
      ],
      [
       -59.171514,
       -37.497459
      ],
      [
       -59.171586,
       -37.497254
      ],
      [
       -59.171666,
       -37.496761
      ],
      [
       -59.171595,
       -37.496265
      ],
      [
       -59.169647,
       -37.492587
      ],
      [
       -59.169525,
       -37.492372
      ],
      [
       -59.169032,
       -37.49156
      ],
      [
       -59.168908,
       -37.491241
      ],
      [
       -59.168868,
       -37.490958
      ],
      [
       -59.168868,
       -37.490536
      ],
      [
       -59.169502,
       -37.485075
      ],
      [
       -59.170458,
       -37.476149
      ],
      [
       -59.170513,
       -37.47574
      ],
      [
       -59.170627,
       -37.475276
      ],
      [
       -59.171728,
       -37.470922
      ],
      [
       -59.173245,
       -37.464919
      ],
      [
       -59.174021,
       -37.461851
      ],
      [
       -59.174089,
       -37.461584
      ],
      [
       -59.182554,
       -37.428313
      ],
      [
       -59.183079,
       -37.426273
      ],
      [
       -59.183853,
       -37.423332
      ],
      [
       -59.183853,
       -37.42324
      ],
      [
       -59.183841,
       -37.423183
      ],
      [
       -59.183823,
       -37.423123
      ],
      [
       -59.183801,
       -37.423072
      ],
      [
       -59.183742,
       -37.422988
      ]
     ]
    ]
   }
  },
  {
   "type": "Feature",
   "properties": {
    "rtn": "30",
    "es_gap": 0
   },
   "geometry": {
    "type": "MultiLineString",
    "coordinates": [
     [
      [
       -59.102035,
       -36.062182
      ],
      [
       -59.102271,
       -36.061987
      ],
      [
       -59.102354,
       -36.061889
      ],
      [
       -59.102429,
       -36.061799
      ],
      [
       -59.102475,
       -36.061728
      ],
      [
       -59.102508,
       -36.061658
      ],
      [
       -59.102542,
       -36.061576
      ],
      [
       -59.102568,
       -36.061505
      ],
      [
       -59.102587,
       -36.061427
      ],
      [
       -59.102597,
       -36.061366
      ],
      [
       -59.102601,
       -36.061305
      ],
      [
       -59.102568,
       -36.061037
      ],
      [
       -59.1026,
       -36.060901
      ],
      [
       -59.102722,
       -36.060735
      ],
      [
       -59.10295,
       -36.060645
      ],
      [
       -59.103066,
       -36.060622
      ],
      [
       -59.103257,
       -36.060649
      ]
     ]
    ]
   }
  },
  {
   "type": "Feature",
   "properties": {
    "rtn": "30",
    "es_gap": 0
   },
   "geometry": {
    "type": "MultiLineString",
    "coordinates": [
     [
      [
       -59.089696,
       -36.7641
      ],
      [
       -59.087868,
       -36.762601
      ],
      [
       -59.087233,
       -36.76207
      ],
      [
       -59.086083,
       -36.761164
      ],
      [
       -59.082675,
       -36.758296
      ],
      [
       -59.080966,
       -36.756859
      ],
      [
       -59.07905,
       -36.755332
      ],
      [
       -59.073101,
       -36.75039
      ],
      [
       -59.072935,
       -36.750243
      ],
      [
       -59.068349,
       -36.746463
      ],
      [
       -59.064853,
       -36.743546
      ],
      [
       -59.061085,
       -36.740439
      ],
      [
       -59.06043,
       -36.739679
      ],
      [
       -59.060118,
       -36.739118
      ],
      [
       -59.057752,
       -36.733895
      ],
      [
       -59.055239,
       -36.728406
      ],
      [
       -59.054998,
       -36.727874
      ],
      [
       -59.054868,
       -36.727309
      ],
      [
       -59.054679,
       -36.72626
      ],
      [
       -59.054652,
       -36.725172
      ],
      [
       -59.054772,
       -36.724223
      ],
      [
       -59.055045,
       -36.723208
      ],
      [
       -59.061875,
       -36.706805
      ],
      [
       -59.062082,
       -36.706347
      ],
      [
       -59.065588,
       -36.697803
      ],
      [
       -59.065847,
       -36.697127
      ],
      [
       -59.066001,
       -36.696521
      ],
      [
       -59.066111,
       -36.695837
      ],
      [
       -59.06614,
       -36.694932
      ],
      [
       -59.065925,
       -36.692418
      ],
      [
       -59.065845,
       -36.691522
      ],
      [
       -59.06499,
       -36.68198
      ],
      [
       -59.06411,
       -36.672985
      ],
      [
       -59.063922,
       -36.670645
      ],
      [
       -59.063934,
       -36.669554
      ],
      [
       -59.064016,
       -36.668239
      ],
      [
       -59.064502,
       -36.661347
      ],
      [
       -59.065984,
       -36.63978
      ],
      [
       -59.065969,
       -36.639214
      ],
      [
       -59.065896,
       -36.638774
      ],
      [
       -59.065812,
       -36.638282
      ],
      [
       -59.064158,
       -36.630567
      ],
      [
       -59.063747,
       -36.628651
      ],
      [
       -59.062971,
       -36.62526
      ],
      [
       -59.060396,
       -36.613477
      ],
      [
       -59.060262,
       -36.612849
      ],
      [
       -59.060145,
       -36.612468
      ],
      [
       -59.059698,
       -36.611346
      ],
      [
       -59.059466,
       -36.610755
      ],
      [
       -59.05935,
       -36.610203
      ],
      [
       -59.059324,
       -36.609398
      ],
      [
       -59.059296,
       -36.608216
      ],
      [
       -59.05929,
       -36.608055
      ],
      [
       -59.05925,
       -36.606903
      ],
      [
       -59.059221,
       -36.606635
      ],
      [
       -59.059149,
       -36.60632
      ],
      [
       -59.05906,
       -36.606069
      ],
      [
       -59.058521,
       -36.604734
      ],
      [
       -59.058363,
       -36.604271
      ],
      [
       -59.058263,
       -36.603817
      ],
      [
       -59.058003,
       -36.602656
      ],
      [
       -59.057478,
       -36.600317
      ],
      [
       -59.05657,
       -36.596184
      ],
      [
       -59.056441,
       -36.595078
      ],
      [
       -59.056303,
       -36.592517
      ],
      [
       -59.056074,
       -36.58865
      ],
      [
       -59.055973,
       -36.586937
      ],
      [
       -59.055845,
       -36.584473
      ],
      [
       -59.055731,
       -36.582267
      ],
      [
       -59.055631,
       -36.580315
      ],
      [
       -59.055151,
       -36.573071
      ],
      [
       -59.054826,
       -36.566928
      ],
      [
       -59.054738,
       -36.565871
      ],
      [
       -59.054631,
       -36.565346
      ],
      [
       -59.054558,
       -36.565144
      ],
      [
       -59.054377,
       -36.564715
      ],
      [
       -59.054132,
       -36.564218
      ],
      [
       -59.050436,
       -36.557154
      ],
      [
       -59.044177,
       -36.54508
      ],
      [
       -59.043216,
       -36.542786
      ],
      [
       -59.040448,
       -36.536096
      ],
      [
       -59.039571,
       -36.533964
      ],
      [
       -59.037278,
       -36.528425
      ],
      [
       -59.035889,
       -36.525068
      ],
      [
       -59.035187,
       -36.523342
      ],
      [
       -59.03517,
       -36.523291
      ],
      [
       -59.034859,
       -36.522342
      ],
      [
       -59.034651,
       -36.521555
      ],
      [
       -59.034574,
       -36.52058
      ],
      [
       -59.034621,
       -36.516692
      ],
      [
       -59.034671,
       -36.514596
      ],
      [
       -59.034692,
       -36.512418
      ],
      [
       -59.034765,
       -36.508979
      ],
      [
       -59.034692,
       -36.508282
      ],
      [
       -59.034554,
       -36.507568
      ],
      [
       -59.034361,
       -36.506821
      ],
      [
       -59.030768,
       -36.493558
      ],
      [
       -59.030508,
       -36.492717
      ],
      [
       -59.030311,
       -36.49208
      ],
      [
       -59.02977,
       -36.490551
      ],
      [
       -59.027882,
       -36.485124
      ],
      [
       -59.027193,
       -36.483144
      ],
      [
       -59.025925,
       -36.47954
      ],
      [
       -59.025708,
       -36.478831
      ],
      [
       -59.025598,
       -36.478472
      ],
      [
       -59.024291,
       -36.474736
      ],
      [
       -59.024245,
       -36.474609
      ],
      [
       -59.023801,
       -36.473321
      ],
      [
       -59.023749,
       -36.473206
      ],
      [
       -59.023271,
       -36.471819
      ],
      [
       -59.022383,
       -36.469235
      ],
      [
       -59.021991,
       -36.468465
      ],
      [
       -59.017775,
       -36.460988
      ],
      [
       -59.015608,
       -36.457131
      ],
      [
       -59.015216,
       -36.456385
      ],
      [
       -59.014879,
       -36.455463
      ],
      [
       -59.013415,
       -36.450014
      ],
      [
       -59.012197,
       -36.445479
      ],
      [
       -59.011098,
       -36.441492
      ],
      [
       -59.010614,
       -36.440391
      ],
      [
       -58.998361,
       -36.417438
      ],
      [
       -58.998043,
       -36.416692
      ],
      [
       -58.997724,
       -36.415658
      ],
      [
       -58.997622,
       -36.414755
      ],
      [
       -58.997632,
       -36.413642
      ],
      [
       -58.997824,
       -36.412269
      ],
      [
       -58.998656,
       -36.40713
      ],
      [
       -58.999635,
       -36.401087
      ],
      [
       -58.999881,
       -36.399541
      ],
      [
       -59.002086,
       -36.385653
      ],
      [
       -59.002129,
       -36.385386
      ],
      [
       -59.003639,
       -36.375874
      ],
      [
       -59.004867,
       -36.36814
      ],
      [
       -59.00514,
       -36.367166
      ],
      [
       -59.005344,
       -36.366655
      ],
      [
       -59.00559,
       -36.366039
      ],
      [
       -59.006004,
       -36.364988
      ],
      [
       -59.024143,
       -36.318897
      ],
      [
       -59.024223,
       -36.318695
      ],
      [
       -59.042801,
       -36.271594
      ],
      [
       -59.04294,
       -36.27124
      ],
      [
       -59.046981,
       -36.260995
      ],
      [
       -59.047251,
       -36.260234
      ],
      [
       -59.04737,
       -36.259406
      ],
      [
       -59.047375,
       -36.258437
      ],
      [
       -59.047024,
       -36.243366
      ],
      [
       -59.046949,
       -36.242659
      ],
      [
       -59.046834,
       -36.242026
      ],
      [
       -59.046725,
       -36.241582
      ],
      [
       -59.0467,
       -36.241483
      ],
      [
       -59.046408,
       -36.240737
      ],
      [
       -59.044968,
       -36.237223
      ],
      [
       -59.044804,
       -36.236642
      ],
      [
       -59.044726,
       -36.236328
      ],
      [
       -59.044668,
       -36.235947
      ],
      [
       -59.044593,
       -36.235254
      ],
      [
       -59.044638,
       -36.23099
      ],
      [
       -59.044665,
       -36.224508
      ],
      [
       -59.044762,
       -36.218645
      ],
      [
       -59.044766,
       -36.218403
      ],
      [
       -59.044773,
       -36.217996
      ],
      [
       -59.044773,
       -36.217874
      ],
      [
       -59.044777,
       -36.21724
      ],
      [
       -59.044778,
       -36.217171
      ],
      [
       -59.044782,
       -36.216431
      ],
      [
       -59.044804,
       -36.215837
      ],
      [
       -59.044857,
       -36.215468
      ],
      [
       -59.045001,
       -36.215043
      ],
      [
       -59.048353,
       -36.207729
      ],
      [
       -59.052097,
       -36.19959
      ],
      [
       -59.053377,
       -36.196813
      ],
      [
       -59.054993,
       -36.19333
      ],
      [
       -59.055108,
       -36.193087
      ],
      [
       -59.055141,
       -36.193018
      ],
      [
       -59.055319,
       -36.192649
      ],
      [
       -59.055352,
       -36.19258
      ],
      [
       -59.055503,
       -36.192262
      ],
      [
       -59.055706,
       -36.191817
      ],
      [
       -59.056728,
       -36.189574
      ],
      [
       -59.060657,
       -36.18009
      ],
      [
       -59.061345,
       -36.178458
      ],
      [
       -59.061924,
       -36.17706
      ],
      [
       -59.062115,
       -36.176623
      ],
      [
       -59.062222,
       -36.176377
      ],
      [
       -59.062623,
       -36.175587
      ],
      [
       -59.065307,
       -36.171205
      ],
      [
       -59.067444,
       -36.167716
      ],
      [
       -59.0677,
       -36.167144
      ],
      [
       -59.067899,
       -36.166549
      ],
      [
       -59.068635,
       -36.161615
      ],
      [
       -59.068761,
       -36.160789
      ],
      [
       -59.068897,
       -36.160254
      ],
      [
       -59.068995,
       -36.15994
      ],
      [
       -59.069151,
       -36.159492
      ],
      [
       -59.070026,
       -36.157165
      ],
      [
       -59.073179,
       -36.148732
      ],
      [
       -59.074449,
       -36.145333
      ],
      [
       -59.074738,
       -36.14456
      ],
      [
       -59.076963,
       -36.138575
      ],
      [
       -59.077052,
       -36.138334
      ],
      [
       -59.07749,
       -36.13715
      ],
      [
       -59.078618,
       -36.13411
      ],
      [
       -59.078801,
       -36.133599
      ],
      [
       -59.07894,
       -36.133122
      ],
      [
       -59.07908,
       -36.132542
      ],
      [
       -59.079188,
       -36.131956
      ],
      [
       -59.081216,
       -36.121024
      ],
      [
       -59.082706,
       -36.11304
      ],
      [
       -59.082983,
       -36.111853
      ],
      [
       -59.083204,
       -36.110989
      ],
      [
       -59.084047,
       -36.107681
      ],
      [
       -59.084514,
       -36.105846
      ],
      [
       -59.086188,
       -36.099281
      ],
      [
       -59.08701,
       -36.096052
      ],
      [
       -59.089813,
       -36.085055
      ],
      [
       -59.090872,
       -36.080899
      ],
      [
       -59.090955,
       -36.080516
      ],
      [
       -59.090998,
       -36.080273
      ],
      [
       -59.091022,
       -36.080087
      ],
      [
       -59.091049,
       -36.079855
      ],
      [
       -59.091063,
       -36.079683
      ],
      [
       -59.091078,
       -36.079407
      ],
      [
       -59.091099,
       -36.078721
      ],
      [
       -59.091127,
       -36.072869
      ],
      [
       -59.09114,
       -36.072614
      ],
      [
       -59.091152,
       -36.072426
      ],
      [
       -59.091168,
       -36.072257
      ],
      [
       -59.091184,
       -36.072143
      ],
      [
       -59.091209,
       -36.071994
      ],
      [
       -59.091242,
       -36.071836
      ],
      [
       -59.091276,
       -36.071693
      ],
      [
       -59.091322,
       -36.071531
      ],
      [
       -59.091382,
       -36.071352
      ],
      [
       -59.091453,
       -36.071149
      ],
      [
       -59.091497,
       -36.071042
      ],
      [
       -59.091522,
       -36.070983
      ],
      [
       -59.091609,
       -36.070797
      ],
      [
       -59.091728,
       -36.070571
      ],
      [
       -59.091868,
       -36.070319
      ],
      [
       -59.092008,
       -36.070123
      ],
      [
       -59.092109,
       -36.069989
      ],
      [
       -59.092228,
       -36.069836
      ],
      [
       -59.092367,
       -36.069675
      ],
      [
       -59.092494,
       -36.069531
      ],
      [
       -59.092621,
       -36.069399
      ],
      [
       -59.092738,
       -36.069291
      ],
      [
       -59.092933,
       -36.069116
      ],
      [
       -59.093265,
       -36.068839
      ],
      [
       -59.093547,
       -36.068618
      ],
      [
       -59.093823,
       -36.06841
      ],
      [
       -59.096211,
       -36.066617
      ],
      [
       -59.096437,
       -36.066446
      ],
      [
       -59.100943,
       -36.063001
      ],
      [
       -59.102035,
       -36.062182
      ]
     ]
    ]
   }
  },
  {
   "type": "Feature",
   "properties": {
    "rtn": "30",
    "es_gap": 0
   },
   "geometry": {
    "type": "MultiLineString",
    "coordinates": [
     [
      [
       -59.151821,
       -36.02456
      ],
      [
       -59.151707,
       -36.024628
      ],
      [
       -59.151289,
       -36.024806
      ],
      [
       -59.150935,
       -36.025003
      ],
      [
       -59.15044,
       -36.0253
      ],
      [
       -59.149991,
       -36.025627
      ],
      [
       -59.149557,
       -36.025951
      ],
      [
       -59.14852,
       -36.02676
      ],
      [
       -59.146222,
       -36.028497
      ],
      [
       -59.145834,
       -36.02879
      ],
      [
       -59.144665,
       -36.02971
      ],
      [
       -59.143406,
       -36.030625
      ],
      [
       -59.137614,
       -36.035043
      ],
      [
       -59.133831,
       -36.037991
      ],
      [
       -59.131547,
       -36.03973
      ],
      [
       -59.130915,
       -36.040217
      ],
      [
       -59.130763,
       -36.040324
      ],
      [
       -59.130164,
       -36.040775
      ],
      [
       -59.129856,
       -36.041005
      ],
      [
       -59.128229,
       -36.042256
      ],
      [
       -59.127897,
       -36.042502
      ],
      [
       -59.127405,
       -36.042871
      ],
      [
       -59.127067,
       -36.043133
      ],
      [
       -59.126085,
       -36.043883
      ],
      [
       -59.113891,
       -36.053193
      ],
      [
       -59.106205,
       -36.059028
      ],
      [
       -59.105511,
       -36.05957
      ],
      [
       -59.104846,
       -36.060079
      ],
      [
       -59.104672,
       -36.060206
      ]
     ]
    ]
   }
  },
  {
   "type": "Feature",
   "properties": {
    "rtn": "30",
    "es_gap": 0
   },
   "geometry": {
    "type": "MultiLineString",
    "coordinates": [
     [
      [
       -59.103257,
       -36.060649
      ],
      [
       -59.103377,
       -36.060658
      ],
      [
       -59.103497,
       -36.060658
      ],
      [
       -59.103642,
       -36.060644
      ],
      [
       -59.103772,
       -36.060624
      ],
      [
       -59.103909,
       -36.060598
      ],
      [
       -59.104032,
       -36.060561
      ],
      [
       -59.104176,
       -36.060501
      ],
      [
       -59.104311,
       -36.060425
      ],
      [
       -59.104672,
       -36.060206
      ]
     ]
    ]
   }
  },
  {
   "type": "Feature",
   "properties": {
    "rtn": "30",
    "es_gap": 0
   },
   "geometry": {
    "type": "MultiLineString",
    "coordinates": [
     [
      [
       -60.089866,
       -34.841511
      ],
      [
       -60.089961,
       -34.84148
      ],
      [
       -60.090154,
       -34.841386
      ],
      [
       -60.090296,
       -34.841302
      ],
      [
       -60.090485,
       -34.84119
      ],
      [
       -60.090875,
       -34.84092
      ],
      [
       -60.091124,
       -34.840733
      ],
      [
       -60.091355,
       -34.840605
      ]
     ]
    ]
   }
  },
  {
   "type": "Feature",
   "properties": {
    "rtn": "30",
    "es_gap": 0
   },
   "geometry": {
    "type": "MultiLineString",
    "coordinates": [
     [
      [
       -60.087964,
       -34.843269
      ],
      [
       -60.088112,
       -34.843104
      ],
      [
       -60.08826,
       -34.84298
      ],
      [
       -60.088338,
       -34.842915
      ],
      [
       -60.088853,
       -34.842479
      ],
      [
       -60.088985,
       -34.842331
      ],
      [
       -60.089081,
       -34.84214
      ],
      [
       -60.089064,
       -34.841941
      ],
      [
       -60.089102,
       -34.841756
      ],
      [
       -60.089207,
       -34.841602
      ],
      [
       -60.089386,
       -34.841515
      ],
      [
       -60.08958,
       -34.841481
      ],
      [
       -60.089714,
       -34.841477
      ],
      [
       -60.089866,
       -34.841511
      ]
     ]
    ]
   }
  },
  {
   "type": "Feature",
   "properties": {
    "rtn": "30",
    "es_gap": 0
   },
   "geometry": {
    "type": "MultiLineString",
    "coordinates": [
     [
      [
       -60.083044,
       -34.847085
      ],
      [
       -60.084394,
       -34.846043
      ],
      [
       -60.087964,
       -34.843269
      ]
     ]
    ]
   }
  },
  {
   "type": "Feature",
   "properties": {
    "rtn": "30",
    "es_gap": 0
   },
   "geometry": {
    "type": "MultiLineString",
    "coordinates": [
     [
      [
       -60.081529,
       -34.847495
      ],
      [
       -60.081771,
       -34.847491
      ],
      [
       -60.082178,
       -34.847415
      ],
      [
       -60.082597,
       -34.847273
      ],
      [
       -60.083044,
       -34.847085
      ]
     ]
    ]
   }
  },
  {
   "type": "Feature",
   "properties": {
    "rtn": "30",
    "es_gap": 0
   },
   "geometry": {
    "type": "MultiLineString",
    "coordinates": [
     [
      [
       -59.99291,
       -34.871595
      ],
      [
       -59.995657,
       -34.869527
      ],
      [
       -60.000321,
       -34.866042
      ],
      [
       -60.001147,
       -34.865497
      ],
      [
       -60.001899,
       -34.865052
      ],
      [
       -60.002815,
       -34.86457
      ],
      [
       -60.007215,
       -34.862268
      ],
      [
       -60.012684,
       -34.858625
      ],
      [
       -60.013744,
       -34.857918
      ],
      [
       -60.015551,
       -34.856713
      ],
      [
       -60.016689,
       -34.856066
      ],
      [
       -60.018472,
       -34.855129
      ],
      [
       -60.0244,
       -34.851891
      ],
      [
       -60.029094,
       -34.849311
      ],
      [
       -60.030462,
       -34.848698
      ],
      [
       -60.031593,
       -34.848357
      ],
      [
       -60.032298,
       -34.848224
      ],
      [
       -60.033008,
       -34.848119
      ],
      [
       -60.03369,
       -34.848059
      ],
      [
       -60.034403,
       -34.848015
      ],
      [
       -60.035806,
       -34.84802
      ],
      [
       -60.039237,
       -34.847999
      ],
      [
       -60.041261,
       -34.847986
      ],
      [
       -60.048343,
       -34.847947
      ],
      [
       -60.048518,
       -34.847946
      ],
      [
       -60.05176,
       -34.847929
      ],
      [
       -60.057871,
       -34.847895
      ],
      [
       -60.062498,
       -34.847856
      ],
      [
       -60.062786,
       -34.847853
      ],
      [
       -60.067256,
       -34.847815
      ],
      [
       -60.067317,
       -34.847815
      ],
      [
       -60.067487,
       -34.847814
      ],
      [
       -60.07166,
       -34.847811
      ],
      [
       -60.07183,
       -34.847811
      ],
      [
       -60.074993,
       -34.847806
      ],
      [
       -60.079751,
       -34.847733
      ],
      [
       -60.080254,
       -34.847719
      ],
      [
       -60.081297,
       -34.847537
      ],
      [
       -60.081529,
       -34.847495
      ]
     ]
    ]
   }
  },
  {
   "type": "Feature",
   "properties": {
    "rtn": "30",
    "es_gap": 0
   },
   "geometry": {
    "type": "MultiLineString",
    "coordinates": [
     [
      [
       -59.99291,
       -34.871595
      ],
      [
       -59.992643,
       -34.871839
      ],
      [
       -59.991657,
       -34.872574
      ],
      [
       -59.99131,
       -34.872836
      ],
      [
       -59.991237,
       -34.87289
      ],
      [
       -59.990982,
       -34.873095
      ],
      [
       -59.989537,
       -34.874142
      ],
      [
       -59.989257,
       -34.874313
      ]
     ]
    ]
   }
  },
  {
   "type": "Feature",
   "properties": {
    "rtn": "30",
    "es_gap": 0
   },
   "geometry": {
    "type": "MultiLineString",
    "coordinates": [
     [
      [
       -59.989257,
       -34.874313
      ],
      [
       -59.989485,
       -34.874106
      ],
      [
       -59.9909,
       -34.87304
      ],
      [
       -59.991169,
       -34.872838
      ],
      [
       -59.991239,
       -34.872777
      ],
      [
       -59.992586,
       -34.871792
      ],
      [
       -59.99291,
       -34.871595
      ]
     ]
    ]
   }
  },
  {
   "type": "Feature",
   "properties": {
    "rtn": "30",
    "es_gap": 0
   },
   "geometry": {
    "type": "MultiLineString",
    "coordinates": [
     [
      [
       -59.986059,
       -34.876356
      ],
      [
       -59.986233,
       -34.876241
      ],
      [
       -59.988275,
       -34.875002
      ],
      [
       -59.988729,
       -34.874707
      ],
      [
       -59.989257,
       -34.874313
      ]
     ]
    ]
   }
  },
  {
   "type": "Feature",
   "properties": {
    "rtn": "30",
    "es_gap": 0
   },
   "geometry": {
    "type": "MultiLineString",
    "coordinates": [
     [
      [
       -59.986059,
       -34.876356
      ],
      [
       -59.985902,
       -34.876476
      ],
      [
       -59.985423,
       -34.876773
      ],
      [
       -59.984732,
       -34.87721
      ],
      [
       -59.984675,
       -34.877248
      ],
      [
       -59.984273,
       -34.877535
      ],
      [
       -59.983868,
       -34.877828
      ],
      [
       -59.983375,
       -34.878161
      ],
      [
       -59.982667,
       -34.87865
      ]
     ]
    ]
   }
  },
  {
   "type": "Feature",
   "properties": {
    "rtn": "30",
    "es_gap": 0
   },
   "geometry": {
    "type": "MultiLineString",
    "coordinates": [
     [
      [
       -59.982667,
       -34.87865
      ],
      [
       -59.983337,
       -34.87811
      ],
      [
       -59.98391,
       -34.877691
      ],
      [
       -59.984265,
       -34.877432
      ],
      [
       -59.984614,
       -34.877197
      ],
      [
       -59.984671,
       -34.877159
      ],
      [
       -59.985165,
       -34.876856
      ],
      [
       -59.985408,
       -34.876712
      ],
      [
       -59.98588,
       -34.876432
      ],
      [
       -59.986059,
       -34.876356
      ]
     ]
    ]
   }
  },
  {
   "type": "Feature",
   "properties": {
    "rtn": "30",
    "es_gap": 0
   },
   "geometry": {
    "type": "MultiLineString",
    "coordinates": [
     [
      [
       -59.95809,
       -34.897228
      ],
      [
       -59.959219,
       -34.896263
      ],
      [
       -59.963805,
       -34.892766
      ],
      [
       -59.967369,
       -34.890104
      ],
      [
       -59.967512,
       -34.889996
      ],
      [
       -59.970207,
       -34.887983
      ],
      [
       -59.970431,
       -34.887823
      ],
      [
       -59.972773,
       -34.88606
      ],
      [
       -59.974024,
       -34.885118
      ],
      [
       -59.979346,
       -34.881064
      ],
      [
       -59.982667,
       -34.87865
      ]
     ]
    ]
   }
  },
  {
   "type": "Feature",
   "properties": {
    "rtn": "30",
    "es_gap": 0
   },
   "geometry": {
    "type": "MultiLineString",
    "coordinates": [
     [
      [
       -59.957064,
       -34.897396
      ],
      [
       -59.957215,
       -34.897444
      ],
      [
       -59.957358,
       -34.897464
      ],
      [
       -59.957497,
       -34.897457
      ],
      [
       -59.957663,
       -34.89742
      ],
      [
       -59.957883,
       -34.89733
      ],
      [
       -59.95809,
       -34.897228
      ]
     ]
    ]
   }
  },
  {
   "type": "Feature",
   "properties": {
    "rtn": "30",
    "es_gap": 0
   },
   "geometry": {
    "type": "MultiLineString",
    "coordinates": [
     [
      [
       -59.956647,
       -34.898649
      ],
      [
       -59.956682,
       -34.898531
      ],
      [
       -59.956735,
       -34.898434
      ],
      [
       -59.956789,
       -34.898326
      ],
      [
       -59.956821,
       -34.898238
      ],
      [
       -59.956842,
       -34.898137
      ],
      [
       -59.956851,
       -34.898036
      ],
      [
       -59.956843,
       -34.897928
      ],
      [
       -59.956816,
       -34.897838
      ],
      [
       -59.956767,
       -34.89774
      ],
      [
       -59.956694,
       -34.897655
      ],
      [
       -59.956687,
       -34.897537
      ],
      [
       -59.956735,
       -34.897453
      ],
      [
       -59.956835,
       -34.897388
      ],
      [
       -59.956974,
       -34.897362
      ],
      [
       -59.957064,
       -34.897396
      ]
     ]
    ]
   }
  },
  {
   "type": "Feature",
   "properties": {
    "rtn": "30",
    "es_gap": 0
   },
   "geometry": {
    "type": "MultiLineString",
    "coordinates": [
     [
      [
       -59.956647,
       -34.898649
      ],
      [
       -59.947962,
       -34.91221
      ],
      [
       -59.946537,
       -34.914354
      ],
      [
       -59.944398,
       -34.917297
      ],
      [
       -59.94034,
       -34.922883
      ],
      [
       -59.93888,
       -34.924845
      ],
      [
       -59.938239,
       -34.925556
      ],
      [
       -59.937764,
       -34.926024
      ],
      [
       -59.937689,
       -34.926087
      ],
      [
       -59.937239,
       -34.92647
      ],
      [
       -59.936572,
       -34.926983
      ],
      [
       -59.935264,
       -34.927983
      ],
      [
       -59.930253,
       -34.931811
      ],
      [
       -59.929003,
       -34.932766
      ],
      [
       -59.92373,
       -34.93679
      ],
      [
       -59.917963,
       -34.941177
      ],
      [
       -59.91668,
       -34.942153
      ],
      [
       -59.910052,
       -34.947204
      ],
      [
       -59.907803,
       -34.948918
      ],
      [
       -59.902732,
       -34.952933
      ],
      [
       -59.884281,
       -34.967039
      ],
      [
       -59.881051,
       -34.969522
      ],
      [
       -59.880993,
       -34.969565
      ],
      [
       -59.876624,
       -34.972826
      ],
      [
       -59.87411,
       -34.974532
      ],
      [
       -59.874061,
       -34.974566
      ],
      [
       -59.874021,
       -34.974594
      ],
      [
       -59.87204,
       -34.975885
      ],
      [
       -59.871024,
       -34.976573
      ],
      [
       -59.870118,
       -34.977217
      ],
      [
       -59.864368,
       -34.98168
      ],
      [
       -59.853266,
       -34.990308
      ],
      [
       -59.841057,
       -34.999899
      ],
      [
       -59.84033,
       -35.000358
      ],
      [
       -59.837122,
       -35.002157
      ],
      [
       -59.82138,
       -35.010984
      ],
      [
       -59.820793,
       -35.011343
      ],
      [
       -59.82027,
       -35.011686
      ],
      [
       -59.819768,
       -35.012059
      ],
      [
       -59.819667,
       -35.012144
      ],
      [
       -59.818531,
       -35.013094
      ],
      [
       -59.816255,
       -35.015065
      ],
      [
       -59.810276,
       -35.020238
      ],
      [
       -59.807016,
       -35.023068
      ],
      [
       -59.805417,
       -35.024413
      ],
      [
       -59.77876,
       -35.045177
      ],
      [
       -59.773499,
       -35.04925
      ],
      [
       -59.77258,
       -35.049978
      ],
      [
       -59.771845,
       -35.0506
      ],
      [
       -59.770571,
       -35.051757
      ],
      [
       -59.768773,
       -35.053476
      ],
      [
       -59.76253,
       -35.059431
      ],
      [
       -59.761612,
       -35.060307
      ],
      [
       -59.760856,
       -35.061049
      ],
      [
       -59.760389,
       -35.061589
      ],
      [
       -59.760014,
       -35.062114
      ],
      [
       -59.759644,
       -35.062682
      ],
      [
       -59.759341,
       -35.063264
      ],
      [
       -59.759045,
       -35.063936
      ],
      [
       -59.7586,
       -35.065365
      ],
      [
       -59.757707,
       -35.068397
      ],
      [
       -59.756599,
       -35.072124
      ],
      [
       -59.755113,
       -35.077132
      ],
      [
       -59.754036,
       -35.080736
      ],
      [
       -59.752905,
       -35.084565
      ],
      [
       -59.752813,
       -35.084874
      ],
      [
       -59.752315,
       -35.086554
      ],
      [
       -59.752178,
       -35.087018
      ],
      [
       -59.752139,
       -35.087164
      ],
      [
       -59.751695,
       -35.088633
      ],
      [
       -59.751641,
       -35.088806
      ],
      [
       -59.751057,
       -35.090728
      ],
      [
       -59.750913,
       -35.09119
      ],
      [
       -59.750827,
       -35.091477
      ],
      [
       -59.75079,
       -35.091601
      ],
      [
       -59.747757,
       -35.101845
      ],
      [
       -59.747423,
       -35.102992
      ],
      [
       -59.747247,
       -35.103696
      ],
      [
       -59.747158,
       -35.104229
      ],
      [
       -59.74711,
       -35.104717
      ],
      [
       -59.747102,
       -35.105509
      ],
      [
       -59.747122,
       -35.106494
      ],
      [
       -59.747159,
       -35.108042
      ],
      [
       -59.747188,
       -35.10934
      ],
      [
       -59.747198,
       -35.109612
      ],
      [
       -59.747255,
       -35.111391
      ],
      [
       -59.747274,
       -35.112576
      ],
      [
       -59.747295,
       -35.113929
      ],
      [
       -59.747316,
       -35.11516
      ],
      [
       -59.747299,
       -35.115914
      ],
      [
       -59.747195,
       -35.116942
      ],
      [
       -59.743688,
       -35.140444
      ],
      [
       -59.743575,
       -35.140999
      ],
      [
       -59.743436,
       -35.141565
      ],
      [
       -59.743321,
       -35.141935
      ],
      [
       -59.741175,
       -35.148587
      ],
      [
       -59.740849,
       -35.1494
      ],
      [
       -59.740491,
       -35.150069
      ],
      [
       -59.739972,
       -35.150891
      ],
      [
       -59.736532,
       -35.155841
      ],
      [
       -59.735991,
       -35.156911
      ],
      [
       -59.735665,
       -35.157805
      ],
      [
       -59.734903,
       -35.160768
      ],
      [
       -59.7347,
       -35.161576
      ],
      [
       -59.734414,
       -35.162715
      ],
      [
       -59.731722,
       -35.173713
      ],
      [
       -59.727736,
       -35.189659
      ],
      [
       -59.723652,
       -35.201235
      ],
      [
       -59.723501,
       -35.202457
      ],
      [
       -59.723376,
       -35.206069
      ],
      [
       -59.723271,
       -35.206904
      ],
      [
       -59.722951,
       -35.208405
      ],
      [
       -59.721392,
       -35.215169
      ],
      [
       -59.721085,
       -35.216114
      ],
      [
       -59.720692,
       -35.217198
      ],
      [
       -59.718797,
       -35.221229
      ],
      [
       -59.718125,
       -35.222607
      ],
      [
       -59.717032,
       -35.224843
      ],
      [
       -59.714739,
       -35.229555
      ],
      [
       -59.714439,
       -35.230108
      ],
      [
       -59.71416,
       -35.23055
      ],
      [
       -59.713801,
       -35.230985
      ],
      [
       -59.713652,
       -35.231165
      ],
      [
       -59.71303,
       -35.231831
      ],
      [
       -59.712443,
       -35.232433
      ],
      [
       -59.708238,
       -35.236746
      ],
      [
       -59.707634,
       -35.237453
      ],
      [
       -59.706094,
       -35.239678
      ],
      [
       -59.703081,
       -35.244189
      ],
      [
       -59.701528,
       -35.24655
      ],
      [
       -59.691603,
       -35.261472
      ],
      [
       -59.689301,
       -35.264972
      ],
      [
       -59.688544,
       -35.266089
      ]
     ]
    ]
   }
  },
  {
   "type": "Feature",
   "properties": {
    "rtn": "30",
    "es_gap": 0
   },
   "geometry": {
    "type": "MultiLineString",
    "coordinates": [
     [
      [
       -58.901701,
       -37.837051
      ],
      [
       -58.905606,
       -37.83976
      ],
      [
       -58.907048,
       -37.840588
      ],
      [
       -58.909891,
       -37.842669
      ],
      [
       -58.910495,
       -37.8432
      ],
      [
       -58.910874,
       -37.843601
      ],
      [
       -58.911285,
       -37.844058
      ],
      [
       -58.912041,
       -37.845145
      ],
      [
       -58.912159,
       -37.845456
      ],
      [
       -58.912157,
       -37.845768
      ],
      [
       -58.912036,
       -37.846137
      ],
      [
       -58.911876,
       -37.846392
      ],
      [
       -58.908901,
       -37.852842
      ],
      [
       -58.908038,
       -37.854492
      ],
      [
       -58.908049,
       -37.854688
      ],
      [
       -58.908194,
       -37.85487
      ],
      [
       -58.912035,
       -37.858263
      ],
      [
       -58.913461,
       -37.859532
      ],
      [
       -58.913586,
       -37.859684
      ],
      [
       -58.913673,
       -37.859833
      ],
      [
       -58.913756,
       -37.860054
      ],
      [
       -58.914606,
       -37.870309
      ],
      [
       -58.914646,
       -37.870768
      ],
      [
       -58.914524,
       -37.871176
      ],
      [
       -58.914062,
       -37.872001
      ],
      [
       -58.913811,
       -37.872541
      ],
      [
       -58.913463,
       -37.873446
      ],
      [
       -58.913213,
       -37.874269
      ],
      [
       -58.913076,
       -37.875391
      ],
      [
       -58.913043,
       -37.87644
      ],
      [
       -58.91313,
       -37.877722
      ],
      [
       -58.913243,
       -37.877991
      ],
      [
       -58.913373,
       -37.878166
      ],
      [
       -58.913798,
       -37.878489
      ],
      [
       -58.914752,
       -37.879376
      ],
      [
       -58.914932,
       -37.879774
      ],
      [
       -58.91503,
       -37.88016
      ],
      [
       -58.915961,
       -37.889556
      ],
      [
       -58.916456,
       -37.893763
      ],
      [
       -58.916958,
       -37.897614
      ],
      [
       -58.916921,
       -37.898074
      ],
      [
       -58.916099,
       -37.900704
      ],
      [
       -58.916059,
       -37.901978
      ],
      [
       -58.915516,
       -37.903691
      ],
      [
       -58.915018,
       -37.905357
      ],
      [
       -58.914485,
       -37.907165
      ],
      [
       -58.913871,
       -37.90914
      ],
      [
       -58.913333,
       -37.91092
      ],
      [
       -58.9131,
       -37.91172
      ],
      [
       -58.9131,
       -37.911805
      ],
      [
       -58.913138,
       -37.911872
      ],
      [
       -58.913317,
       -37.91203
      ],
      [
       -58.921506,
       -37.918687
      ],
      [
       -58.926902,
       -37.923074
      ],
      [
       -58.935559,
       -37.930111
      ],
      [
       -58.935782,
       -37.930397
      ],
      [
       -58.93824,
       -37.935606
      ],
      [
       -58.938212,
       -37.935977
      ],
      [
       -58.938098,
       -37.936415
      ],
      [
       -58.937857,
       -37.936874
      ],
      [
       -58.922557,
       -37.948712
      ],
      [
       -58.922251,
       -37.949049
      ],
      [
       -58.921599,
       -37.95006
      ],
      [
       -58.92146,
       -37.950263
      ],
      [
       -58.921175,
       -37.950572
      ],
      [
       -58.912044,
       -37.957421
      ],
      [
       -58.91017,
       -37.958826
      ],
      [
       -58.909164,
       -37.959816
      ],
      [
       -58.905436,
       -37.962681
      ],
      [
       -58.898814,
       -37.967718
      ],
      [
       -58.89864,
       -37.967985
      ],
      [
       -58.898551,
       -37.968283
      ],
      [
       -58.898601,
       -37.968662
      ],
      [
       -58.898814,
       -37.968983
      ],
      [
       -58.91249,
       -37.976953
      ],
      [
       -58.912694,
       -37.97712
      ],
      [
       -58.912847,
       -37.97732
      ],
      [
       -58.916688,
       -37.984114
      ],
      [
       -58.920285,
       -37.990476
      ],
      [
       -58.920345,
       -37.990755
      ],
      [
       -58.92032,
       -37.991178
      ],
      [
       -58.920119,
       -37.991629
      ],
      [
       -58.907226,
       -38.001367
      ],
      [
       -58.897537,
       -38.008685
      ],
      [
       -58.897277,
       -38.009012
      ],
      [
       -58.897196,
       -38.009335
      ],
      [
       -58.897263,
       -38.009692
      ],
      [
       -58.897437,
       -38.010014
      ],
      [
       -58.909757,
       -38.020184
      ],
      [
       -58.909852,
       -38.020347
      ],
      [
       -58.909881,
       -38.02059
      ],
      [
       -58.909834,
       -38.020806
      ],
      [
       -58.90981,
       -38.02085
      ],
      [
       -58.909703,
       -38.021047
      ],
      [
       -58.897813,
       -38.030094
      ],
      [
       -58.874912,
       -38.047552
      ],
      [
       -58.863293,
       -38.056408
      ],
      [
       -58.862558,
       -38.056955
      ],
      [
       -58.843704,
       -38.071266
      ],
      [
       -58.837091,
       -38.076317
      ],
      [
       -58.835776,
       -38.077509
      ],
      [
       -58.835658,
       -38.077626
      ],
      [
       -58.834914,
       -38.078323
      ],
      [
       -58.834767,
       -38.078461
      ],
      [
       -58.820315,
       -38.089466
      ],
      [
       -58.82026,
       -38.089637
      ],
      [
       -58.820236,
       -38.089803
      ],
      [
       -58.820248,
       -38.090005
      ],
      [
       -58.820343,
       -38.090327
      ],
      [
       -58.820772,
       -38.090791
      ],
      [
       -58.82371,
       -38.093301
      ],
      [
       -58.825768,
       -38.095038
      ],
      [
       -58.827219,
       -38.09621
      ],
      [
       -58.829843,
       -38.098452
      ],
      [
       -58.832668,
       -38.100808
      ],
      [
       -58.835452,
       -38.103217
      ],
      [
       -58.838787,
       -38.105991
      ],
      [
       -58.848474,
       -38.114135
      ],
      [
       -58.84859,
       -38.114256
      ],
      [
       -58.848633,
       -38.114313
      ],
      [
       -58.848642,
       -38.11438
      ]
     ]
    ]
   }
  },
  {
   "type": "Feature",
   "properties": {
    "rtn": "30",
    "es_gap": 0
   },
   "geometry": {
    "type": "MultiLineString",
    "coordinates": [
     [
      [
       -58.848642,
       -38.11438
      ],
      [
       -58.848595,
       -38.11448
      ],
      [
       -58.848476,
       -38.114599
      ],
      [
       -58.848152,
       -38.114836
      ],
      [
       -58.845854,
       -38.11659
      ],
      [
       -58.842756,
       -38.118939
      ],
      [
       -58.840857,
       -38.120352
      ],
      [
       -58.837945,
       -38.122537
      ],
      [
       -58.835225,
       -38.124571
      ],
      [
       -58.832127,
       -38.126884
      ],
      [
       -58.828815,
       -38.129354
      ],
      [
       -58.82566,
       -38.131681
      ],
      [
       -58.82254,
       -38.134008
      ],
      [
       -58.819428,
       -38.136264
      ],
      [
       -58.816915,
       -38.138084
      ],
      [
       -58.813953,
       -38.140333
      ],
      [
       -58.811012,
       -38.142546
      ],
      [
       -58.807749,
       -38.144958
      ],
      [
       -58.804494,
       -38.147385
      ],
      [
       -58.801318,
       -38.149727
      ],
      [
       -58.797884,
       -38.152239
      ],
      [
       -58.794722,
       -38.154638
      ],
      [
       -58.790232,
       -38.157986
      ],
      [
       -58.787305,
       -38.160249
      ],
      [
       -58.782944,
       -38.163547
      ],
      [
       -58.78133,
       -38.164724
      ],
      [
       -58.778124,
       -38.167203
      ],
      [
       -58.775017,
       -38.169563
      ],
      [
       -58.772937,
       -38.171153
      ],
      [
       -58.770891,
       -38.172752
      ],
      [
       -58.769054,
       -38.174087
      ],
      [
       -58.768615,
       -38.174321
      ],
      [
       -58.768228,
       -38.174465
      ],
      [
       -58.767801,
       -38.174597
      ],
      [
       -58.767561,
       -38.174641
      ],
      [
       -58.767174,
       -38.174699
      ],
      [
       -58.76673,
       -38.174733
      ],
      [
       -58.766474,
       -38.174716
      ],
      [
       -58.765816,
       -38.174741
      ]
     ]
    ]
   }
  },
  {
   "type": "Feature",
   "properties": {
    "rtn": "30",
    "es_gap": 0
   },
   "geometry": {
    "type": "MultiLineString",
    "coordinates": [
     [
      [
       -60.746024,
       -34.316427
      ],
      [
       -60.746011,
       -34.316634
      ],
      [
       -60.745936,
       -34.316913
      ],
      [
       -60.745823,
       -34.317214
      ],
      [
       -60.745689,
       -34.317436
      ],
      [
       -60.745409,
       -34.317735
      ]
     ]
    ]
   }
  },
  {
   "type": "Feature",
   "properties": {
    "rtn": "30",
    "es_gap": 0
   },
   "geometry": {
    "type": "MultiLineString",
    "coordinates": [
     [
      [
       -63.613107,
       -38.432082
      ],
      [
       -63.384957,
       -38.432376
      ]
     ]
    ]
   }
  },
  {
   "type": "Feature",
   "properties": {
    "rtn": "30",
    "es_gap": 0
   },
   "geometry": {
    "type": "MultiLineString",
    "coordinates": [
     [
      [
       -58.985899,
       -36.850558
      ],
      [
       -58.985698,
       -36.849709
      ],
      [
       -58.985261,
       -36.847608
      ],
      [
       -58.985235,
       -36.847457
      ],
      [
       -58.985228,
       -36.847241
      ],
      [
       -58.985229,
       -36.84707
      ],
      [
       -58.985244,
       -36.846913
      ]
     ]
    ]
   }
  },
  {
   "type": "Feature",
   "properties": {
    "rtn": "30",
    "es_gap": 0
   },
   "geometry": {
    "type": "MultiLineString",
    "coordinates": [
     [
      [
       -59.089696,
       -36.7641
      ],
      [
       -59.089864,
       -36.764274
      ],
      [
       -59.089891,
       -36.764312
      ],
      [
       -59.089911,
       -36.764346
      ],
      [
       -59.089924,
       -36.764377
      ],
      [
       -59.089933,
       -36.764408
      ],
      [
       -59.08994,
       -36.764444
      ],
      [
       -59.089943,
       -36.764481
      ],
      [
       -59.089946,
       -36.76452
      ],
      [
       -59.089943,
       -36.764555
      ],
      [
       -59.089939,
       -36.764594
      ],
      [
       -59.089932,
       -36.764634
      ],
      [
       -59.08992,
       -36.764676
      ],
      [
       -59.0899,
       -36.764723
      ],
      [
       -59.089884,
       -36.764755
      ],
      [
       -59.089844,
       -36.764821
      ],
      [
       -59.089502,
       -36.765165
      ],
      [
       -59.089235,
       -36.765357
      ],
      [
       -59.088984,
       -36.765561
      ],
      [
       -59.088697,
       -36.765795
      ],
      [
       -59.088,
       -36.766345
      ],
      [
       -59.08784,
       -36.766471
      ],
      [
       -59.086676,
       -36.767402
      ],
      [
       -59.085553,
       -36.768296
      ],
      [
       -59.084408,
       -36.76922
      ],
      [
       -59.083853,
       -36.769654
      ],
      [
       -59.083456,
       -36.76996
      ],
      [
       -59.083194,
       -36.770163
      ],
      [
       -59.082924,
       -36.770382
      ],
      [
       -59.082919,
       -36.770387
      ],
      [
       -59.081991,
       -36.771118
      ],
      [
       -59.080835,
       -36.772035
      ],
      [
       -59.079693,
       -36.772948
      ],
      [
       -59.079245,
       -36.773292
      ],
      [
       -59.078536,
       -36.773837
      ],
      [
       -59.077383,
       -36.77476
      ],
      [
       -59.07667,
       -36.775304
      ],
      [
       -59.076185,
       -36.775689
      ],
      [
       -59.075736,
       -36.776029
      ],
      [
       -59.075616,
       -36.776121
      ],
      [
       -59.073593,
       -36.777713
      ],
      [
       -59.073469,
       -36.777816
      ],
      [
       -59.071465,
       -36.779385
      ],
      [
       -59.0668,
       -36.783055
      ],
      [
       -59.064504,
       -36.784883
      ],
      [
       -59.062193,
       -36.786722
      ],
      [
       -59.057597,
       -36.790353
      ],
      [
       -59.053031,
       -36.793947
      ],
      [
       -59.051838,
       -36.7949
      ],
      [
       -59.050695,
       -36.795808
      ],
      [
       -59.050376,
       -36.796047
      ],
      [
       -59.049545,
       -36.796695
      ],
      [
       -59.048411,
       -36.797588
      ],
      [
       -59.04747,
       -36.79834
      ],
      [
       -59.044873,
       -36.800397
      ]
     ]
    ]
   }
  },
  {
   "type": "Feature",
   "properties": {
    "rtn": "30",
    "es_gap": 0
   },
   "geometry": {
    "type": "MultiLineString",
    "coordinates": [
     [
      [
       -59.042433,
       -36.802337
      ],
      [
       -59.03914,
       -36.804895
      ],
      [
       -59.034537,
       -36.808479
      ],
      [
       -59.025282,
       -36.81577
      ],
      [
       -59.024496,
       -36.816395
      ],
      [
       -59.020702,
       -36.819371
      ],
      [
       -59.01606,
       -36.823015
      ],
      [
       -59.01005,
       -36.827731
      ],
      [
       -59.0055,
       -36.831325
      ],
      [
       -58.998345,
       -36.836955
      ],
      [
       -58.994561,
       -36.83994
      ],
      [
       -58.991,
       -36.842788
      ],
      [
       -58.990826,
       -36.842922
      ],
      [
       -58.990635,
       -36.843058
      ],
      [
       -58.990435,
       -36.843194
      ],
      [
       -58.990222,
       -36.843331
      ],
      [
       -58.989391,
       -36.843863
      ],
      [
       -58.988654,
       -36.844315
      ]
     ]
    ]
   }
  },
  {
   "type": "Feature",
   "properties": {
    "rtn": "30",
    "es_gap": 0
   },
   "geometry": {
    "type": "MultiLineString",
    "coordinates": [
     [
      [
       -59.042433,
       -36.802337
      ],
      [
       -59.042714,
       -36.80205
      ],
      [
       -59.042824,
       -36.801903
      ],
      [
       -59.042897,
       -36.801791
      ],
      [
       -59.04294,
       -36.801664
      ],
      [
       -59.043046,
       -36.8013
      ],
      [
       -59.043155,
       -36.801094
      ],
      [
       -59.043289,
       -36.800964
      ],
      [
       -59.043524,
       -36.800888
      ],
      [
       -59.043724,
       -36.800874
      ]
     ]
    ]
   }
  },
  {
   "type": "Feature",
   "properties": {
    "rtn": "30",
    "es_gap": 0
   },
   "geometry": {
    "type": "MultiLineString",
    "coordinates": [
     [
      [
       -59.043724,
       -36.800874
      ],
      [
       -59.043855,
       -36.800851
      ],
      [
       -59.043992,
       -36.800825
      ],
      [
       -59.044067,
       -36.800804
      ],
      [
       -59.044246,
       -36.80075
      ],
      [
       -59.044448,
       -36.800662
      ],
      [
       -59.044639,
       -36.800564
      ],
      [
       -59.044873,
       -36.800397
      ]
     ]
    ]
   }
  },
  {
   "type": "Feature",
   "properties": {
    "rtn": "30",
    "es_gap": 0
   },
   "geometry": {
    "type": "MultiLineString",
    "coordinates": [
     [
      [
       -58.985758,
       -36.846119
      ],
      [
       -58.986156,
       -36.845867
      ],
      [
       -58.986798,
       -36.845456
      ],
      [
       -58.987931,
       -36.844731
      ],
      [
       -58.988654,
       -36.844315
      ]
     ]
    ]
   }
  },
  {
   "type": "Feature",
   "properties": {
    "rtn": "30",
    "es_gap": 0
   },
   "geometry": {
    "type": "MultiLineString",
    "coordinates": [
     [
      [
       -58.985244,
       -36.846913
      ],
      [
       -58.985257,
       -36.846834
      ],
      [
       -58.985275,
       -36.846767
      ],
      [
       -58.985301,
       -36.846699
      ],
      [
       -58.985334,
       -36.84663
      ],
      [
       -58.985366,
       -36.846567
      ],
      [
       -58.985409,
       -36.846498
      ],
      [
       -58.985461,
       -36.846423
      ],
      [
       -58.985512,
       -36.84636
      ],
      [
       -58.985572,
       -36.846295
      ],
      [
       -58.985642,
       -36.846223
      ],
      [
       -58.985758,
       -36.846119
      ]
     ]
    ]
   }
  },
  {
   "type": "Feature",
   "properties": {
    "rtn": "30",
    "es_gap": 0
   },
   "geometry": {
    "type": "MultiLineString",
    "coordinates": [
     [
      [
       -59.409622,
       -35.398641
      ],
      [
       -59.409799,
       -35.398613
      ],
      [
       -59.409935,
       -35.398546
      ]
     ]
    ]
   }
  },
  {
   "type": "Feature",
   "properties": {
    "rtn": "30",
    "es_gap": 0
   },
   "geometry": {
    "type": "MultiLineString",
    "coordinates": [
     [
      [
       -59.332331,
       -35.411347
      ],
      [
       -59.332058,
       -35.411512
      ],
      [
       -59.32879,
       -35.413923
      ],
      [
       -59.328735,
       -35.41402
      ],
      [
       -59.328719,
       -35.414149
      ],
      [
       -59.328811,
       -35.414357
      ],
      [
       -59.32935,
       -35.415537
      ],
      [
       -59.330182,
       -35.418723
      ],
      [
       -59.330418,
       -35.419055
      ],
      [
       -59.332221,
       -35.42057
      ],
      [
       -59.332259,
       -35.42071
      ],
      [
       -59.332206,
       -35.42088
      ],
      [
       -59.331235,
       -35.422047
      ],
      [
       -59.33106,
       -35.422418
      ],
      [
       -59.330794,
       -35.4235
      ],
      [
       -59.330456,
       -35.427464
      ],
      [
       -59.330324,
       -35.428697
      ],
      [
       -59.330225,
       -35.429625
      ],
      [
       -59.329447,
       -35.431504
      ],
      [
       -59.328628,
       -35.433482
      ],
      [
       -59.328575,
       -35.433603
      ],
      [
       -59.328557,
       -35.433718
      ],
      [
       -59.328719,
       -35.435452
      ],
      [
       -59.328695,
       -35.435609
      ],
      [
       -59.328595,
       -35.435851
      ],
      [
       -59.326124,
       -35.438967
      ],
      [
       -59.325379,
       -35.439743
      ],
      [
       -59.325283,
       -35.439859
      ],
      [
       -59.325189,
       -35.440057
      ],
      [
       -59.323174,
       -35.446546
      ],
      [
       -59.321359,
       -35.46101
      ],
      [
       -59.320775,
       -35.464923
      ],
      [
       -59.320475,
       -35.466215
      ],
      [
       -59.320445,
       -35.466377
      ],
      [
       -59.320434,
       -35.466495
      ],
      [
       -59.320448,
       -35.466566
      ],
      [
       -59.321806,
       -35.468802
      ],
      [
       -59.32281,
       -35.470596
      ],
      [
       -59.324496,
       -35.473802
      ],
      [
       -59.324526,
       -35.473906
      ],
      [
       -59.324499,
       -35.473993
      ],
      [
       -59.324374,
       -35.474108
      ],
      [
       -59.322845,
       -35.475391
      ],
      [
       -59.322837,
       -35.475448
      ],
      [
       -59.322846,
       -35.475486
      ],
      [
       -59.322876,
       -35.475527
      ],
      [
       -59.327785,
       -35.479826
      ],
      [
       -59.329398,
       -35.481602
      ],
      [
       -59.341333,
       -35.492046
      ],
      [
       -59.352371,
       -35.501648
      ],
      [
       -59.352395,
       -35.501747
      ],
      [
       -59.352363,
       -35.501854
      ],
      [
       -59.35227,
       -35.501962
      ],
      [
       -59.345911,
       -35.506791
      ],
      [
       -59.345813,
       -35.506933
      ],
      [
       -59.345758,
       -35.507132
      ],
      [
       -59.345711,
       -35.507548
      ],
      [
       -59.347702,
       -35.526498
      ],
      [
       -59.347814,
       -35.527493
      ],
      [
       -59.348256,
       -35.529025
      ],
      [
       -59.348527,
       -35.530008
      ],
      [
       -59.34901,
       -35.531789
      ],
      [
       -59.34903,
       -35.532088
      ],
      [
       -59.349112,
       -35.537024
      ],
      [
       -59.349281,
       -35.542518
      ],
      [
       -59.349233,
       -35.544196
      ],
      [
       -59.349172,
       -35.544962
      ],
      [
       -59.349098,
       -35.545324
      ],
      [
       -59.349075,
       -35.545437
      ],
      [
       -59.348201,
       -35.54737
      ],
      [
       -59.3478,
       -35.548257
      ],
      [
       -59.344515,
       -35.5544
      ],
      [
       -59.34193,
       -35.559177
      ],
      [
       -59.337607,
       -35.566397
      ],
      [
       -59.329631,
       -35.579663
      ],
      [
       -59.329602,
       -35.579749
      ],
      [
       -59.32958,
       -35.579839
      ],
      [
       -59.329589,
       -35.579922
      ],
      [
       -59.329615,
       -35.580009
      ],
      [
       -59.330691,
       -35.580997
      ],
      [
       -59.330714,
       -35.581119
      ],
      [
       -59.330716,
       -35.581208
      ],
      [
       -59.330695,
       -35.581296
      ],
      [
       -59.330677,
       -35.581373
      ],
      [
       -59.306684,
       -35.599106
      ],
      [
       -59.306609,
       -35.599133
      ],
      [
       -59.306557,
       -35.599146
      ],
      [
       -59.306502,
       -35.599143
      ],
      [
       -59.306438,
       -35.59912
      ],
      [
       -59.306305,
       -35.599031
      ],
      [
       -59.298216,
       -35.592369
      ],
      [
       -59.298125,
       -35.59233
      ],
      [
       -59.298036,
       -35.592323
      ],
      [
       -59.297974,
       -35.592323
      ],
      [
       -59.297904,
       -35.592355
      ],
      [
       -59.275498,
       -35.608805
      ],
      [
       -59.275322,
       -35.608858
      ],
      [
       -59.275227,
       -35.608868
      ],
      [
       -59.275084,
       -35.608849
      ],
      [
       -59.274951,
       -35.608792
      ],
      [
       -59.274323,
       -35.608264
      ],
      [
       -59.272662,
       -35.606888
      ],
      [
       -59.271415,
       -35.605894
      ],
      [
       -59.269554,
       -35.604352
      ],
      [
       -59.267946,
       -35.603019
      ],
      [
       -59.266494,
       -35.601844
      ],
      [
       -59.264819,
       -35.600468
      ],
      [
       -59.263986,
       -35.599802
      ],
      [
       -59.263872,
       -35.599759
      ],
      [
       -59.263748,
       -35.599736
      ],
      [
       -59.263591,
       -35.59975
      ],
      [
       -59.26341,
       -35.599821
      ],
      [
       -59.262502,
       -35.600535
      ],
      [
       -59.260531,
       -35.602063
      ],
      [
       -59.258433,
       -35.603714
      ],
      [
       -59.256052,
       -35.605599
      ],
      [
       -59.254158,
       -35.60706
      ],
      [
       -59.252102,
       -35.608668
      ],
      [
       -59.249875,
       -35.610429
      ],
      [
       -59.247929,
       -35.611966
      ],
      [
       -59.246149,
       -35.61337
      ],
      [
       -59.244117,
       -35.614955
      ],
      [
       -59.242099,
       -35.616525
      ],
      [
       -59.240043,
       -35.618143
      ],
      [
       -59.238363,
       -35.619466
      ],
      [
       -59.236502,
       -35.620903
      ],
      [
       -59.234451,
       -35.622521
      ],
      [
       -59.232681,
       -35.623935
      ],
      [
       -59.232286,
       -35.624182
      ],
      [
       -59.231772,
       -35.624392
      ],
      [
       -59.231377,
       -35.624606
      ],
      [
       -59.229293,
       -35.626148
      ],
      [
       -59.227779,
       -35.627295
      ],
      [
       -59.22756,
       -35.627523
      ],
      [
       -59.22726,
       -35.627951
      ],
      [
       -59.226927,
       -35.628394
      ],
      [
       -59.225814,
       -35.629346
      ],
      [
       -59.224048,
       -35.630721
      ],
      [
       -59.223877,
       -35.630778
      ],
      [
       -59.223729,
       -35.630764
      ],
      [
       -59.223601,
       -35.63074
      ],
      [
       -59.223472,
       -35.63073
      ],
      [
       -59.22333,
       -35.630792
      ],
      [
       -59.222716,
       -35.631302
      ],
      [
       -59.222663,
       -35.631397
      ],
      [
       -59.222568,
       -35.631573
      ],
      [
       -59.222421,
       -35.63192
      ],
      [
       -59.222297,
       -35.632096
      ],
      [
       -59.220983,
       -35.6331
      ],
      [
       -59.219113,
       -35.634542
      ],
      [
       -59.21731,
       -35.635984
      ],
      [
       -59.214816,
       -35.637921
      ],
      [
       -59.213659,
       -35.638825
      ],
      [
       -59.213602,
       -35.638916
      ],
      [
       -59.213555,
       -35.639044
      ],
      [
       -59.21355,
       -35.639135
      ],
      [
       -59.213602,
       -35.639254
      ],
      [
       -59.213974,
       -35.639791
      ],
      [
       -59.215235,
       -35.641562
      ],
      [
       -59.216686,
       -35.643565
      ],
      [
       -59.2179,
       -35.645359
      ],
      [
       -59.219275,
       -35.647311
      ],
      [
       -59.220641,
       -35.649271
      ],
      [
       -59.221954,
       -35.651122
      ],
      [
       -59.223268,
       -35.652974
      ],
      [
       -59.224695,
       -35.654925
      ],
      [
       -59.225866,
       -35.656648
      ],
      [
       -59.227156,
       -35.658456
      ],
      [
       -59.228379,
       -35.660183
      ],
      [
       -59.228955,
       -35.661064
      ],
      [
       -59.229007,
       -35.661159
      ],
      [
       -59.229012,
       -35.66123
      ],
      [
       -59.22899,
       -35.661342
      ],
      [
       -59.226018,
       -35.663685
      ],
      [
       -59.225961,
       -35.663729
      ],
      [
       -59.19788,
       -35.685834
      ],
      [
       -59.195951,
       -35.687353
      ],
      [
       -59.186639,
       -35.694682
      ],
      [
       -59.186019,
       -35.69517
      ],
      [
       -59.183882,
       -35.696851
      ],
      [
       -59.178241,
       -35.701288
      ],
      [
       -59.175376,
       -35.703578
      ],
      [
       -59.172837,
       -35.705507
      ],
      [
       -59.171548,
       -35.706551
      ],
      [
       -59.169565,
       -35.708091
      ],
      [
       -59.168895,
       -35.708621
      ],
      [
       -59.163639,
       -35.712743
      ],
      [
       -59.163243,
       -35.713166
      ],
      [
       -59.162912,
       -35.71359
      ],
      [
       -59.152851,
       -35.72901
      ],
      [
       -59.151718,
       -35.730747
      ],
      [
       -59.149882,
       -35.733561
      ],
      [
       -59.142427,
       -35.744984
      ],
      [
       -59.120337,
       -35.778861
      ],
      [
       -59.114866,
       -35.788715
      ],
      [
       -59.114826,
       -35.788877
      ],
      [
       -59.114803,
       -35.789007
      ],
      [
       -59.114787,
       -35.789183
      ],
      [
       -59.114855,
       -35.789408
      ],
      [
       -59.116078,
       -35.791811
      ],
      [
       -59.116274,
       -35.792259
      ],
      [
       -59.116474,
       -35.79287
      ],
      [
       -59.116818,
       -35.79404
      ],
      [
       -59.117015,
       -35.794765
      ],
      [
       -59.119466,
       -35.801057
      ],
      [
       -59.120282,
       -35.803918
      ],
      [
       -59.120327,
       -35.804132
      ],
      [
       -59.120392,
       -35.804267
      ],
      [
       -59.120546,
       -35.804492
      ],
      [
       -59.120921,
       -35.804969
      ],
      [
       -59.122701,
       -35.806416
      ],
      [
       -59.123019,
       -35.806752
      ],
      [
       -59.123358,
       -35.807259
      ],
      [
       -59.12403,
       -35.808532
      ],
      [
       -59.128167,
       -35.816494
      ],
      [
       -59.129874,
       -35.819779
      ],
      [
       -59.130041,
       -35.820053
      ],
      [
       -59.130486,
       -35.820705
      ],
      [
       -59.132011,
       -35.822393
      ],
      [
       -59.137555,
       -35.828527
      ],
      [
       -59.137635,
       -35.828618
      ],
      [
       -59.145947,
       -35.838018
      ],
      [
       -59.154236,
       -35.847285
      ],
      [
       -59.154383,
       -35.847551
      ],
      [
       -59.154409,
       -35.847776
      ],
      [
       -59.154334,
       -35.847952
      ],
      [
       -59.154158,
       -35.848193
      ],
      [
       -59.154137,
       -35.848223
      ],
      [
       -59.153511,
       -35.848941
      ],
      [
       -59.150586,
       -35.851341
      ],
      [
       -59.150469,
       -35.851546
      ],
      [
       -59.150454,
       -35.851796
      ],
      [
       -59.150604,
       -35.852053
      ],
      [
       -59.1531,
       -35.85422
      ],
      [
       -59.159443,
       -35.859836
      ],
      [
       -59.160608,
       -35.860889
      ],
      [
       -59.16086,
       -35.861162
      ],
      [
       -59.160959,
       -35.861263
      ],
      [
       -59.160999,
       -35.861411
      ],
      [
       -59.160998,
       -35.861608
      ],
      [
       -59.160935,
       -35.861758
      ],
      [
       -59.154691,
       -35.872226
      ],
      [
       -59.153953,
       -35.873671
      ],
      [
       -59.151755,
       -35.877973
      ],
      [
       -59.15085,
       -35.87988
      ],
      [
       -59.150581,
       -35.880188
      ],
      [
       -59.148605,
       -35.881833
      ],
      [
       -59.148168,
       -35.882152
      ],
      [
       -59.147577,
       -35.8824
      ],
      [
       -59.144978,
       -35.883324
      ],
      [
       -59.144461,
       -35.883616
      ],
      [
       -59.144086,
       -35.883876
      ],
      [
       -59.143699,
       -35.884268
      ],
      [
       -59.143344,
       -35.8848
      ],
      [
       -59.142989,
       -35.885541
      ],
      [
       -59.142713,
       -35.886357
      ],
      [
       -59.142567,
       -35.8871
      ],
      [
       -59.142514,
       -35.887828
      ],
      [
       -59.142534,
       -35.888595
      ],
      [
       -59.142593,
       -35.889011
      ],
      [
       -59.1427,
       -35.889686
      ],
      [
       -59.144152,
       -35.895429
      ],
      [
       -59.144201,
       -35.895819
      ],
      [
       -59.144183,
       -35.89607
      ],
      [
       -59.144137,
       -35.896214
      ],
      [
       -59.144071,
       -35.896332
      ],
      [
       -59.143898,
       -35.896548
      ],
      [
       -59.14317,
       -35.897356
      ],
      [
       -59.142546,
       -35.897946
      ],
      [
       -59.141994,
       -35.898384
      ],
      [
       -59.138807,
       -35.900811
      ],
      [
       -59.138594,
       -35.901031
      ],
      [
       -59.13856,
       -35.90117
      ],
      [
       -59.138569,
       -35.901275
      ],
      [
       -59.138627,
       -35.901431
      ],
      [
       -59.139382,
       -35.902123
      ],
      [
       -59.139474,
       -35.902269
      ],
      [
       -59.139519,
       -35.9024
      ],
      [
       -59.13952,
       -35.902545
      ],
      [
       -59.13948,
       -35.902929
      ],
      [
       -59.13849,
       -35.907325
      ],
      [
       -59.138162,
       -35.912634
      ],
      [
       -59.13747,
       -35.917213
      ],
      [
       -59.137042,
       -35.922569
      ],
      [
       -59.136849,
       -35.923448
      ],
      [
       -59.136473,
       -35.924407
      ],
      [
       -59.136168,
       -35.925377
      ],
      [
       -59.136077,
       -35.925559
      ],
      [
       -59.135952,
       -35.92578
      ],
      [
       -59.134968,
       -35.927035
      ],
      [
       -59.134785,
       -35.927333
      ],
      [
       -59.134639,
       -35.927714
      ],
      [
       -59.132808,
       -35.936852
      ],
      [
       -59.132664,
       -35.937387
      ],
      [
       -59.132024,
       -35.938698
      ],
      [
       -59.131875,
       -35.939059
      ],
      [
       -59.131805,
       -35.939456
      ],
      [
       -59.131813,
       -35.939777
      ],
      [
       -59.131917,
       -35.941245
      ],
      [
       -59.131918,
       -35.94129
      ],
      [
       -59.131839,
       -35.942031
      ],
      [
       -59.129071,
       -35.955464
      ],
      [
       -59.128918,
       -35.956305
      ],
      [
       -59.128812,
       -35.957095
      ],
      [
       -59.12877,
       -35.957797
      ],
      [
       -59.128957,
       -35.963593
      ],
      [
       -59.129107,
       -35.964991
      ],
      [
       -59.129343,
       -35.965949
      ],
      [
       -59.13019,
       -35.968009
      ],
      [
       -59.130194,
       -35.968338
      ],
      [
       -59.130176,
       -35.968559
      ],
      [
       -59.130112,
       -35.96877
      ],
      [
       -59.129597,
       -35.969698
      ],
      [
       -59.129231,
       -35.970145
      ],
      [
       -59.128946,
       -35.970393
      ],
      [
       -59.127098,
       -35.971498
      ],
      [
       -59.126736,
       -35.971792
      ],
      [
       -59.125625,
       -35.972998
      ],
      [
       -59.125386,
       -35.973306
      ],
      [
       -59.125167,
       -35.97377
      ],
      [
       -59.122462,
       -35.981953
      ],
      [
       -59.12238,
       -35.982263
      ],
      [
       -59.122359,
       -35.982533
      ],
      [
       -59.122429,
       -35.982791
      ],
      [
       -59.122638,
       -35.983345
      ],
      [
       -59.122683,
       -35.983534
      ],
      [
       -59.122659,
       -35.983724
      ],
      [
       -59.122587,
       -35.983879
      ],
      [
       -59.122431,
       -35.984053
      ],
      [
       -59.113302,
       -35.990792
      ],
      [
       -59.113213,
       -35.990898
      ],
      [
       -59.113177,
       -35.991017
      ],
      [
       -59.113181,
       -35.991121
      ],
      [
       -59.113266,
       -35.991256
      ],
      [
       -59.117299,
       -35.994743
      ],
      [
       -59.121369,
       -35.998294
      ],
      [
       -59.121925,
       -35.998752
      ],
      [
       -59.123006,
       -35.999714
      ],
      [
       -59.125927,
       -36.002241
      ],
      [
       -59.130268,
       -36.005981
      ],
      [
       -59.134568,
       -36.009686
      ],
      [
       -59.143183,
       -36.017109
      ],
      [
       -59.147314,
       -36.020639
      ],
      [
       -59.147503,
       -36.020829
      ],
      [
       -59.147879,
       -36.021304
      ],
      [
       -59.14873,
       -36.022062
      ],
      [
       -59.149723,
       -36.022942
      ],
      [
       -59.150919,
       -36.023832
      ],
      [
       -59.151832,
       -36.02448
      ],
      [
       -59.151851,
       -36.024514
      ],
      [
       -59.151821,
       -36.02456
      ]
     ]
    ]
   }
  },
  {
   "type": "Feature",
   "properties": {
    "rtn": "30",
    "es_gap": 0
   },
   "geometry": {
    "type": "LineString",
    "coordinates": []
   }
  },
  {
   "type": "Feature",
   "properties": {
    "rtn": "30",
    "es_gap": 0
   },
   "geometry": {
    "type": "MultiLineString",
    "coordinates": [
     [
      [
       -59.357205,
       -35.371448
      ],
      [
       -59.356528,
       -35.372423
      ],
      [
       -59.354579,
       -35.375073
      ],
      [
       -59.353026,
       -35.377264
      ],
      [
       -59.352398,
       -35.378102
      ],
      [
       -59.349761,
       -35.381671
      ],
      [
       -59.347163,
       -35.385212
      ],
      [
       -59.346379,
       -35.386227
      ],
      [
       -59.345958,
       -35.386747
      ],
      [
       -59.34559,
       -35.387095
      ]
     ]
    ]
   }
  },
  {
   "type": "Feature",
   "properties": {
    "rtn": "30",
    "es_gap": 0
   },
   "geometry": {
    "type": "MultiLineString",
    "coordinates": [
     [
      [
       -59.34559,
       -35.387095
      ],
      [
       -59.345372,
       -35.387251
      ],
      [
       -59.345097,
       -35.387393
      ],
      [
       -59.344899,
       -35.387493
      ]
     ]
    ]
   }
  },
  {
   "type": "Feature",
   "properties": {
    "rtn": "30",
    "es_gap": 0
   },
   "geometry": {
    "type": "MultiLineString",
    "coordinates": [
     [
      [
       -59.344899,
       -35.387493
      ],
      [
       -59.344829,
       -35.387551
      ],
      [
       -59.344753,
       -35.387659
      ],
      [
       -59.344678,
       -35.387795
      ],
      [
       -59.3446,
       -35.387902
      ],
      [
       -59.34451,
       -35.388013
      ],
      [
       -59.344407,
       -35.388105
      ]
     ]
    ]
   }
  },
  {
   "type": "Feature",
   "properties": {
    "rtn": "30",
    "es_gap": 0
   },
   "geometry": {
    "type": "MultiLineString",
    "coordinates": [
     [
      [
       -59.344407,
       -35.388105
      ],
      [
       -59.342511,
       -35.389511
      ],
      [
       -59.341149,
       -35.390552
      ],
      [
       -59.338722,
       -35.392402
      ],
      [
       -59.336372,
       -35.394157
      ],
      [
       -59.334457,
       -35.395608
      ],
      [
       -59.331774,
       -35.397589
      ],
      [
       -59.329478,
       -35.399314
      ],
      [
       -59.328903,
       -35.39974
      ],
      [
       -59.328891,
       -35.39977
      ],
      [
       -59.328891,
       -35.399797
      ],
      [
       -59.328897,
       -35.399836
      ],
      [
       -59.329245,
       -35.400044
      ],
      [
       -59.330701,
       -35.400917
      ],
      [
       -59.331296,
       -35.401291
      ],
      [
       -59.331335,
       -35.401324
      ],
      [
       -59.331339,
       -35.40136
      ],
      [
       -59.331335,
       -35.401406
      ],
      [
       -59.331287,
       -35.401464
      ],
      [
       -59.331123,
       -35.401626
      ],
      [
       -59.331063,
       -35.401695
      ],
      [
       -59.33103,
       -35.401758
      ],
      [
       -59.331026,
       -35.401791
      ],
      [
       -59.331049,
       -35.401824
      ],
      [
       -59.331329,
       -35.401986
      ],
      [
       -59.331867,
       -35.402281
      ],
      [
       -59.33243,
       -35.402615
      ],
      [
       -59.334194,
       -35.40366
      ],
      [
       -59.336068,
       -35.404861
      ],
      [
       -59.336913,
       -35.405373
      ],
      [
       -59.337097,
       -35.405438
      ],
      [
       -59.337187,
       -35.405456
      ],
      [
       -59.337294,
       -35.405444
      ],
      [
       -59.337371,
       -35.405438
      ],
      [
       -59.33746,
       -35.405438
      ],
      [
       -59.337579,
       -35.405522
      ],
      [
       -59.338305,
       -35.40598
      ],
      [
       -59.338793,
       -35.406301
      ],
      [
       -59.338858,
       -35.406366
      ],
      [
       -59.338888,
       -35.406408
      ],
      [
       -59.338918,
       -35.406509
      ],
      [
       -59.33887,
       -35.406616
      ],
      [
       -59.338335,
       -35.407003
      ],
      [
       -59.336092,
       -35.408621
      ],
      [
       -59.33395,
       -35.410227
      ],
      [
       -59.332331,
       -35.411347
      ]
     ]
    ]
   }
  },
  {
   "type": "Feature",
   "properties": {
    "rtn": "30",
    "es_gap": 0
   },
   "geometry": {
    "type": "MultiLineString",
    "coordinates": [
     [
      [
       -59.688544,
       -35.266089
      ],
      [
       -59.687391,
       -35.267819
      ],
      [
       -59.686727,
       -35.268613
      ],
      [
       -59.68583,
       -35.269473
      ],
      [
       -59.667353,
       -35.283934
      ],
      [
       -59.660558,
       -35.289251
      ],
      [
       -59.659565,
       -35.290039
      ],
      [
       -59.658685,
       -35.290939
      ],
      [
       -59.657953,
       -35.291838
      ],
      [
       -59.657564,
       -35.292597
      ],
      [
       -59.656629,
       -35.294431
      ],
      [
       -59.656343,
       -35.294921
      ],
      [
       -59.656038,
       -35.295387
      ],
      [
       -59.655911,
       -35.295545
      ],
      [
       -59.655641,
       -35.295879
      ],
      [
       -59.655187,
       -35.296397
      ],
      [
       -59.654728,
       -35.296855
      ],
      [
       -59.65405,
       -35.297422
      ],
      [
       -59.653749,
       -35.297655
      ],
      [
       -59.651197,
       -35.299624
      ],
      [
       -59.650752,
       -35.29994
      ],
      [
       -59.650427,
       -35.30015
      ],
      [
       -59.649595,
       -35.300647
      ],
      [
       -59.649256,
       -35.300827
      ],
      [
       -59.649162,
       -35.300872
      ],
      [
       -59.648816,
       -35.30104
      ],
      [
       -59.648363,
       -35.301225
      ],
      [
       -59.647076,
       -35.301725
      ],
      [
       -59.644136,
       -35.302869
      ],
      [
       -59.64355,
       -35.303136
      ],
      [
       -59.642955,
       -35.303463
      ],
      [
       -59.642428,
       -35.30377
      ],
      [
       -59.641936,
       -35.304096
      ],
      [
       -59.635998,
       -35.308638
      ],
      [
       -59.634771,
       -35.309582
      ],
      [
       -59.630308,
       -35.313051
      ],
      [
       -59.628898,
       -35.314136
      ],
      [
       -59.626245,
       -35.316177
      ],
      [
       -59.624214,
       -35.31774
      ],
      [
       -59.624048,
       -35.317867
      ],
      [
       -59.611724,
       -35.327347
      ],
      [
       -59.611294,
       -35.327662
      ],
      [
       -59.610867,
       -35.327929
      ],
      [
       -59.610379,
       -35.32822
      ],
      [
       -59.609917,
       -35.328462
      ],
      [
       -59.609303,
       -35.328731
      ],
      [
       -59.608773,
       -35.328941
      ],
      [
       -59.608249,
       -35.329124
      ],
      [
       -59.607621,
       -35.329305
      ],
      [
       -59.60705,
       -35.329438
      ],
      [
       -59.606475,
       -35.329551
      ],
      [
       -59.605547,
       -35.329686
      ],
      [
       -59.602096,
       -35.33003
      ],
      [
       -59.59838,
       -35.330452
      ],
      [
       -59.577664,
       -35.332801
      ],
      [
       -59.576926,
       -35.332884
      ],
      [
       -59.560952,
       -35.33462
      ],
      [
       -59.557207,
       -35.335037
      ],
      [
       -59.552711,
       -35.335552
      ],
      [
       -59.537,
       -35.337312
      ],
      [
       -59.536287,
       -35.337398
      ],
      [
       -59.535528,
       -35.337465
      ],
      [
       -59.534761,
       -35.33752
      ],
      [
       -59.534095,
       -35.337525
      ],
      [
       -59.517603,
       -35.336549
      ],
      [
       -59.516751,
       -35.336495
      ],
      [
       -59.501343,
       -35.335565
      ],
      [
       -59.500529,
       -35.335553
      ],
      [
       -59.499739,
       -35.335605
      ],
      [
       -59.499111,
       -35.335689
      ],
      [
       -59.498554,
       -35.335783
      ],
      [
       -59.497801,
       -35.335989
      ],
      [
       -59.497131,
       -35.336246
      ],
      [
       -59.496534,
       -35.336488
      ],
      [
       -59.495871,
       -35.336822
      ],
      [
       -59.495299,
       -35.337169
      ],
      [
       -59.494829,
       -35.337483
      ],
      [
       -59.483197,
       -35.346057
      ],
      [
       -59.453363,
       -35.368226
      ],
      [
       -59.449967,
       -35.370771
      ],
      [
       -59.448662,
       -35.371732
      ],
      [
       -59.440469,
       -35.377439
      ],
      [
       -59.434269,
       -35.381715
      ],
      [
       -59.427811,
       -35.386168
      ],
      [
       -59.411426,
       -35.397522
      ],
      [
       -59.409929,
       -35.39855
      ]
     ]
    ]
   }
  },
  {
   "type": "Feature",
   "properties": {
    "rtn": "50",
    "es_gap": 1
   },
   "geometry": {
    "type": "MultiLineString",
    "coordinates": [
     [
      [
       -59.357205,
       -35.371448
      ],
      [
       -59.357214,
       -35.371328
      ],
      [
       -59.357214,
       -35.371228
      ],
      [
       -59.357175,
       -35.371114
      ],
      [
       -59.357163,
       -35.37104
      ],
      [
       -59.35718,
       -35.370936
      ],
      [
       -59.35723,
       -35.370856
      ],
      [
       -59.357299,
       -35.370807
      ],
      [
       -59.357402,
       -35.37077
      ],
      [
       -59.35748,
       -35.370754
      ],
      [
       -59.357561,
       -35.370768
      ],
      [
       -59.357704,
       -35.370822
      ],
      [
       -59.357809,
       -35.370903
      ],
      [
       -59.357874,
       -35.371004
      ],
      [
       -59.357975,
       -35.371121
      ],
      [
       -59.358084,
       -35.371236
      ],
      [
       -59.358263,
       -35.37138
      ],
      [
       -59.35845,
       -35.371465
      ],
      [
       -59.358666,
       -35.371556
      ],
      [
       -59.35937,
       -35.371814
      ],
      [
       -59.359679,
       -35.371966
      ],
      [
       -59.360155,
       -35.372146
      ],
      [
       -59.360839,
       -35.372454
      ],
      [
       -59.361543,
       -35.372782
      ],
      [
       -59.362531,
       -35.373236
      ],
      [
       -59.365306,
       -35.374491
      ],
      [
       -59.36766,
       -35.375569
      ],
      [
       -59.370724,
       -35.376958
      ],
      [
       -59.37242,
       -35.377762
      ],
      [
       -59.374465,
       -35.378737
      ],
      [
       -59.376954,
       -35.379911
      ],
      [
       -59.378128,
       -35.380453
      ],
      [
       -59.38123,
       -35.381995
      ],
      [
       -59.384635,
       -35.383693
      ],
      [
       -59.387692,
       -35.385204
      ],
      [
       -59.389266,
       -35.386002
      ],
      [
       -59.392071,
       -35.38741
      ],
      [
       -59.397605,
       -35.390151
      ],
      [
       -59.397989,
       -35.390363
      ],
      [
       -59.398501,
       -35.390668
      ],
      [
       -59.398996,
       -35.390993
      ],
      [
       -59.399209,
       -35.39117
      ],
      [
       -59.400905,
       -35.392533
      ],
      [
       -59.402967,
       -35.394242
      ],
      [
       -59.404262,
       -35.395287
      ],
      [
       -59.405029,
       -35.395916
      ],
      [
       -59.406087,
       -35.39663
      ],
      [
       -59.408817,
       -35.398532
      ],
      [
       -59.409056,
       -35.398603
      ],
      [
       -59.409348,
       -35.39864
      ],
      [
       -59.409622,
       -35.398641
      ]
     ]
    ]
   }
  }
 ]
}